<?xml version="1.0" encoding="utf-8" standalone="yes"?>
<rss version="2.0" xmlns:atom="http://www.w3.org/2005/Atom">
    <channel>
        <title>DNS on HighPing们の小小藏身地</title>
        <link>https://blog.highp.ing/categories/dns/</link>
        <description>Recent content in DNS on HighPing们の小小藏身地</description>
        <generator>Hugo -- gohugo.io</generator>
        <language>zh-cn</language>
        <lastBuildDate>Sun, 07 Jan 2024 00:00:00 +0000</lastBuildDate><atom:link href="https://blog.highp.ing/categories/dns/index.xml" rel="self" type="application/rss+xml" /><item>
        <title>各大厂商公共 DNS 大全</title>
        <link>https://blog.highp.ing/p/dns/</link>
        <pubDate>Sun, 07 Jan 2024 00:00:00 +0000</pubDate>
        
        <guid>https://blog.highp.ing/p/dns/</guid>
        <description>&lt;img src="https://blog.highp.ing/p/dns/blog_img_dnsfiltering_cover.jpg" alt="Featured image of post 各大厂商公共 DNS 大全" /&gt;&lt;h1 id=&#34;各大厂商公共-dns-大全&#34;&gt;各大厂商公共 DNS 大全&lt;/h1&gt;
&lt;p&gt;本文由 &lt;code&gt;High Ping Network&lt;/code&gt; 的小伙伴 Lemonawa 进行编撰，首发于 &lt;a class=&#34;link&#34; href=&#34;https://blog.highp.ing&#34;  target=&#34;_blank&#34; rel=&#34;noopener&#34;
    &gt;本博客&lt;/a&gt;&lt;/p&gt;
&lt;h2 id=&#34;名词解释&#34;&gt;名词解释&lt;/h2&gt;
&lt;p&gt;此处仅展示&lt;strong&gt;广义上&lt;/strong&gt;的概念，部分(如Cloudflare)有特殊解释的将会在后面说明&lt;/p&gt;
&lt;ul&gt;
&lt;li&gt;DoH: DNS over HTTPS (基于HTTPS的DNS)&lt;/li&gt;
&lt;li&gt;DoT: DNS over TLS (基于TLS的DNS)&lt;/li&gt;
&lt;li&gt;DNS64: 一种在不存在 AAAA 记录时从 A 记录合成 AAAA 记录的机制，用于支持纯IPv6网络&lt;/li&gt;
&lt;/ul&gt;
&lt;h2 id=&#34;dns&#34;&gt;DNS&lt;/h2&gt;
&lt;h3 id=&#34;大陆&#34;&gt;大陆&lt;/h3&gt;
&lt;h4 id=&#34;dnspod&#34;&gt;Dnspod&lt;/h4&gt;
&lt;p&gt;Dnspod目前为腾讯所有，海内外的连通性都不错&lt;/p&gt;
&lt;ul&gt;
&lt;li&gt;IPv4: &lt;code&gt;119.29.29.29&lt;/code&gt;&lt;/li&gt;
&lt;li&gt;IPv6: &lt;code&gt;2402:4e00::&lt;/code&gt;&lt;/li&gt;
&lt;li&gt;DoH: &lt;code&gt;https://doh.pub/dns-query&lt;/code&gt;&lt;/li&gt;
&lt;li&gt;DoH(IP): &lt;code&gt;https://1.12.12.12/dns-query&lt;/code&gt;, &lt;code&gt;https://120.53.53.53/dns-query&lt;/code&gt;&lt;/li&gt;
&lt;li&gt;DoH(国密SM2): &lt;code&gt;https://sm2.doh.pub/dns-query&lt;/code&gt;&lt;/li&gt;
&lt;li&gt;DoT: &lt;code&gt;dot.pub&lt;/code&gt;&lt;/li&gt;
&lt;li&gt;DoT(IP): &lt;code&gt;1.12.12.12&lt;/code&gt;, &lt;code&gt;120.53.53.53&lt;/code&gt;&lt;/li&gt;
&lt;/ul&gt;
&lt;h4 id=&#34;alidns&#34;&gt;Alidns&lt;/h4&gt;
&lt;p&gt;阿里巴巴提供的DNS服务，国内连通性好，国外连通性差&lt;/p&gt;
&lt;ul&gt;
&lt;li&gt;IPv4: &lt;code&gt;223.5.5.5&lt;/code&gt;, &lt;code&gt;223.6.6.6&lt;/code&gt;&lt;/li&gt;
&lt;li&gt;IPv6: &lt;code&gt;2400:3200::1&lt;/code&gt;, &lt;code&gt;2400:3200:baba::1&lt;/code&gt;&lt;/li&gt;
&lt;li&gt;DoH: &lt;code&gt;https://dns.alidns.com/dns-query&lt;/code&gt;&lt;/li&gt;
&lt;li&gt;DoT: &lt;code&gt;dns.alidns.com&lt;/code&gt;&lt;/li&gt;
&lt;/ul&gt;
&lt;h4 id=&#34;114dns&#34;&gt;114DNS&lt;/h4&gt;
&lt;p&gt;老牌，国外一般&lt;/p&gt;
&lt;ul&gt;
&lt;li&gt;IPv4: &lt;code&gt;114.114.114.114&lt;/code&gt;, &lt;code&gt;114.114.115.115&lt;/code&gt;&lt;/li&gt;
&lt;/ul&gt;
&lt;h4 id=&#34;cnnic-dns&#34;&gt;CNNIC DNS&lt;/h4&gt;
&lt;p&gt;中国互联网信息中心提供，国外连通性差&lt;/p&gt;
&lt;ul&gt;
&lt;li&gt;IPv4: &lt;code&gt;1.2.4.8&lt;/code&gt;, &lt;code&gt;210.2.4.8&lt;/code&gt;&lt;/li&gt;
&lt;li&gt;IPv6: &lt;code&gt;2001:dc7:1000::1&lt;/code&gt;&lt;/li&gt;
&lt;/ul&gt;
&lt;h4 id=&#34;baidu-dns&#34;&gt;Baidu DNS&lt;/h4&gt;
&lt;p&gt;百度提供，海外一般&lt;/p&gt;
&lt;ul&gt;
&lt;li&gt;IPv4: &lt;code&gt;180.76.76.76&lt;/code&gt;&lt;/li&gt;
&lt;li&gt;IPv6: &lt;code&gt;2400:da00::6666&lt;/code&gt;&lt;/li&gt;
&lt;/ul&gt;
&lt;h4 id=&#34;360-dns&#34;&gt;360 DNS&lt;/h4&gt;
&lt;p&gt;国内单节点&lt;/p&gt;
&lt;ul&gt;
&lt;li&gt;IPv4(电信+铁通+移动): &lt;code&gt;101.226.4.6&lt;/code&gt;, &lt;code&gt;218.30.118.6&lt;/code&gt;&lt;/li&gt;
&lt;li&gt;IPv4(联通): &lt;code&gt;123.125.81.6&lt;/code&gt;, &lt;code&gt;140.207.198.6&lt;/code&gt;&lt;/li&gt;
&lt;li&gt;DoH: &lt;code&gt;https://doh.360.cn&lt;/code&gt;&lt;/li&gt;
&lt;li&gt;DoT: &lt;code&gt;dot.360.cn&lt;/code&gt;&lt;/li&gt;
&lt;/ul&gt;
&lt;h3 id=&#34;海外&#34;&gt;海外&lt;/h3&gt;
&lt;p&gt;&lt;strong&gt;此处列出的DoT服务大部分无法使用&lt;/strong&gt;&lt;/p&gt;
&lt;h4 id=&#34;google-public-dns&#34;&gt;Google Public DNS&lt;/h4&gt;
&lt;p&gt;老牌，国内连通性还可以，国外连通性极好&lt;/p&gt;
&lt;ul&gt;
&lt;li&gt;IPv4: &lt;code&gt;8.8.8.8&lt;/code&gt;, &lt;code&gt;8.8.4.4&lt;/code&gt;&lt;/li&gt;
&lt;li&gt;IPv6: &lt;code&gt;2001:4860:4860::8888&lt;/code&gt;, &lt;code&gt;2001:4860:4860::8844&lt;/code&gt;&lt;/li&gt;
&lt;li&gt;DoH: &lt;code&gt;https://dns.google/dns-query&lt;/code&gt;&lt;/li&gt;
&lt;li&gt;DoT: &lt;code&gt;dns.google&lt;/code&gt;&lt;/li&gt;
&lt;li&gt;DNS64: &lt;code&gt;2001:4860:4860::6464&lt;/code&gt;, &lt;code&gt;2001:4860:4860::64&lt;/code&gt;&lt;/li&gt;
&lt;li&gt;DoH(DNS64): &lt;code&gt;https://dns64.dns.google/dns-query&lt;/code&gt;&lt;/li&gt;
&lt;li&gt;DoT(DNS64): &lt;code&gt;dns64.dns.google&lt;/code&gt;&lt;/li&gt;
&lt;/ul&gt;
&lt;h4 id=&#34;cloudflare-1111&#34;&gt;Cloudflare 1.1.1.1&lt;/h4&gt;
&lt;p&gt;国外连通性天花板，大陆连通性一般，移动友好&lt;/p&gt;
&lt;ul&gt;
&lt;li&gt;IPv4: &lt;code&gt;1.1.1.1&lt;/code&gt;, &lt;code&gt;1.0.0.1&lt;/code&gt;&lt;/li&gt;
&lt;li&gt;IPv6: &lt;code&gt;2606:4700:4700::1111&lt;/code&gt;, &lt;code&gt;2606:4700:4700::1001&lt;/code&gt;&lt;/li&gt;
&lt;li&gt;DoH: &lt;code&gt;https://cloudflare-dns.com/dns-query&lt;/code&gt;&lt;/li&gt;
&lt;li&gt;DoT: &lt;code&gt;1dot1dot1dot1.cloudflare-dns.com&lt;/code&gt;, &lt;code&gt;one.one.one.one&lt;/code&gt;&lt;/li&gt;
&lt;li&gt;DNS64: &lt;code&gt;2606:4700:4700::64&lt;/code&gt;, &lt;code&gt;2606:4700:4700::6400&lt;/code&gt;&lt;/li&gt;
&lt;/ul&gt;
&lt;h4 id=&#34;quad9-dns&#34;&gt;Quad9 DNS&lt;/h4&gt;
&lt;p&gt;IBM，国外不错&lt;/p&gt;
&lt;ul&gt;
&lt;li&gt;IPv4: &lt;code&gt;9.9.9.9&lt;/code&gt;, &lt;code&gt;149.112.112.112&lt;/code&gt;&lt;/li&gt;
&lt;li&gt;IPv6: &lt;code&gt;2620:fe::fe&lt;/code&gt;, &lt;code&gt;2620:fe::9&lt;/code&gt;&lt;/li&gt;
&lt;li&gt;DoH: &lt;code&gt;https://dns.quad9.net/dns-query&lt;/code&gt;&lt;/li&gt;
&lt;li&gt;DoT: &lt;code&gt;dns.quad9.net&lt;/code&gt;&lt;/li&gt;
&lt;/ul&gt;
&lt;h4 id=&#34;opendns&#34;&gt;OpenDNS&lt;/h4&gt;
&lt;p&gt;Cisco提供，老牌，国外不错&lt;/p&gt;
&lt;ul&gt;
&lt;li&gt;IPv4: &lt;code&gt;208.67.222.222&lt;/code&gt;, &lt;code&gt;208.67.220.220&lt;/code&gt;, &lt;code&gt;208.67.222.220&lt;/code&gt;, &lt;code&gt;208.67.220.222&lt;/code&gt;&lt;/li&gt;
&lt;li&gt;IPv6: &lt;code&gt;2620:119:35::35&lt;/code&gt;, &lt;code&gt;2620:119:53::53&lt;/code&gt;&lt;/li&gt;
&lt;li&gt;DoH: &lt;code&gt;https://doh.opendns.com/dns-query&lt;/code&gt;&lt;/li&gt;
&lt;/ul&gt;
&lt;h4 id=&#34;neustar-ultradns&#34;&gt;Neustar UltraDNS&lt;/h4&gt;
&lt;p&gt;Neustar提供，有国内节点，移动会被丢到国外&lt;/p&gt;
&lt;ul&gt;
&lt;li&gt;IPv4: &lt;code&gt;64.6.64.6&lt;/code&gt;, &lt;code&gt;64.6.65.6&lt;/code&gt;&lt;/li&gt;
&lt;li&gt;IPv6: &lt;code&gt;2620:74:1b::1:1&lt;/code&gt;, &lt;code&gt;2620:74:1c::2:2&lt;/code&gt;&lt;/li&gt;
&lt;/ul&gt;
</description>
        </item>
        
    </channel>
</rss>
