<?xml version="1.0" encoding="utf-8" standalone="yes"?>
<rss version="2.0" xmlns:atom="http://www.w3.org/2005/Atom">
    <channel>
        <title>Categories on HighPing们の小小藏身地</title>
        <link>https://blog.highp.ing/categories/</link>
        <description>Recent content in Categories on HighPing们の小小藏身地</description>
        <generator>Hugo -- gohugo.io</generator>
        <language>zh-cn</language>
        <lastBuildDate>Tue, 20 Feb 2024 00:00:00 +0000</lastBuildDate><atom:link href="https://blog.highp.ing/categories/index.xml" rel="self" type="application/rss+xml" /><item>
        <title>Main</title>
        <link>https://blog.highp.ing/categories/main/</link>
        <pubDate>Tue, 20 Feb 2024 00:00:00 +0000</pubDate>
        
        <guid>https://blog.highp.ing/categories/main/</guid>
        <description></description>
        </item>
        <item>
        <title>Android</title>
        <link>https://blog.highp.ing/categories/android/</link>
        <pubDate>Mon, 19 Feb 2024 00:00:00 +0000</pubDate>
        
        <guid>https://blog.highp.ing/categories/android/</guid>
        <description></description>
        </item>
        <item>
        <title>Free</title>
        <link>https://blog.highp.ing/categories/free/</link>
        <pubDate>Mon, 19 Feb 2024 00:00:00 +0000</pubDate>
        
        <guid>https://blog.highp.ing/categories/free/</guid>
        <description></description>
        </item>
        <item>
        <title>ASN</title>
        <link>https://blog.highp.ing/categories/asn/</link>
        <pubDate>Wed, 07 Feb 2024 00:00:00 +0000</pubDate>
        
        <guid>https://blog.highp.ing/categories/asn/</guid>
        <description></description>
        </item>
        <item>
        <title>DN42</title>
        <link>https://blog.highp.ing/categories/dn42/</link>
        <pubDate>Wed, 07 Feb 2024 00:00:00 +0000</pubDate>
        
        <guid>https://blog.highp.ing/categories/dn42/</guid>
        <description></description>
        </item>
        <item>
        <title>CloudFlare</title>
        <link>https://blog.highp.ing/categories/cloudflare/</link>
        <pubDate>Mon, 05 Feb 2024 00:00:00 +0000</pubDate>
        
        <guid>https://blog.highp.ing/categories/cloudflare/</guid>
        <description></description>
        </item>
        <item>
        <title>CePing</title>
        <link>https://blog.highp.ing/categories/ceping/</link>
        <pubDate>Tue, 30 Jan 2024 00:00:00 +0000</pubDate>
        
        <guid>https://blog.highp.ing/categories/ceping/</guid>
        <description></description>
        </item>
        <item>
        <title>GPT</title>
        <link>https://blog.highp.ing/categories/gpt/</link>
        <pubDate>Sun, 28 Jan 2024 00:00:00 +0000</pubDate>
        
        <guid>https://blog.highp.ing/categories/gpt/</guid>
        <description></description>
        </item>
        <item>
        <title>Linux</title>
        <link>https://blog.highp.ing/categories/linux/</link>
        <pubDate>Sun, 28 Jan 2024 00:00:00 +0000</pubDate>
        
        <guid>https://blog.highp.ing/categories/linux/</guid>
        <description></description>
        </item>
        <item>
        <title>OpenAI</title>
        <link>https://blog.highp.ing/categories/openai/</link>
        <pubDate>Sun, 28 Jan 2024 00:00:00 +0000</pubDate>
        
        <guid>https://blog.highp.ing/categories/openai/</guid>
        <description></description>
        </item>
        <item>
        <title>Domain</title>
        <link>https://blog.highp.ing/categories/domain/</link>
        <pubDate>Mon, 08 Jan 2024 00:00:00 +0000</pubDate>
        
        <guid>https://blog.highp.ing/categories/domain/</guid>
        <description></description>
        </item>
        <item>
        <title>DNS</title>
        <link>https://blog.highp.ing/categories/dns/</link>
        <pubDate>Sun, 07 Jan 2024 00:00:00 +0000</pubDate>
        
        <guid>https://blog.highp.ing/categories/dns/</guid>
        <description></description>
        </item>
        <item>
        <title>Google</title>
        <link>https://blog.highp.ing/categories/google/</link>
        <pubDate>Mon, 18 Dec 2023 00:00:00 +0000</pubDate>
        
        <guid>https://blog.highp.ing/categories/google/</guid>
        <description></description>
        </item>
        <item>
        <title>HomeCloud</title>
        <link>https://blog.highp.ing/categories/homecloud/</link>
        <pubDate>Mon, 04 Dec 2023 00:00:00 +0000</pubDate>
        
        <guid>https://blog.highp.ing/categories/homecloud/</guid>
        <description></description>
        </item>
        <item>
        <title>Music</title>
        <link>https://blog.highp.ing/categories/music/</link>
        <pubDate>Sat, 25 Nov 2023 00:00:00 +0000</pubDate>
        
        <guid>https://blog.highp.ing/categories/music/</guid>
        <description></description>
        </item>
        <item>
        <title>Windows</title>
        <link>https://blog.highp.ing/categories/windows/</link>
        <pubDate>Wed, 23 Aug 2023 00:00:00 +0000</pubDate>
        
        <guid>https://blog.highp.ing/categories/windows/</guid>
        <description></description>
        </item>
        <item>
        <title>FullTclash</title>
        <link>https://blog.highp.ing/categories/fulltclash/</link>
        <pubDate>Sun, 13 Aug 2023 00:00:00 +0000</pubDate>
        
        <guid>https://blog.highp.ing/categories/fulltclash/</guid>
        <description></description>
        </item>
        <item>
        <title>Magisk</title>
        <link>https://blog.highp.ing/categories/magisk/</link>
        <pubDate>Sun, 30 Jul 2023 00:00:00 +0000</pubDate>
        
        <guid>https://blog.highp.ing/categories/magisk/</guid>
        <description></description>
        </item>
        <item>
        <title>alist</title>
        <link>https://blog.highp.ing/categories/alist/</link>
        <pubDate>Fri, 21 Jul 2023 00:00:00 +0000</pubDate>
        
        <guid>https://blog.highp.ing/categories/alist/</guid>
        <description></description>
        </item>
        <item>
        <title>rclone</title>
        <link>https://blog.highp.ing/categories/rclone/</link>
        <pubDate>Fri, 21 Jul 2023 00:00:00 +0000</pubDate>
        
        <guid>https://blog.highp.ing/categories/rclone/</guid>
        <description></description>
        </item>
        <item>
        <title>Test</title>
        <link>https://blog.highp.ing/categories/test/</link>
        <pubDate>Mon, 01 Jan 0001 00:00:00 +0000</pubDate>
        
        <guid>https://blog.highp.ing/categories/test/</guid>
        <description>&lt;img src="https://blog.highp.ing/categories/test/hutomo-abrianto-l2jk-uxb1BY-unsplash.jpg" alt="Featured image of post Test" /&gt;</description>
        </item>
        
    </channel>
</rss>
