<?xml version="1.0" encoding="utf-8" standalone="yes"?>
<rss version="2.0" xmlns:atom="http://www.w3.org/2005/Atom">
    <channel>
        <title>rclone on HighPing们の小小藏身地</title>
        <link>https://blog.highp.ing/categories/rclone/</link>
        <description>Recent content in rclone on HighPing们の小小藏身地</description>
        <generator>Hugo -- gohugo.io</generator>
        <language>zh-cn</language>
        <lastBuildDate>Fri, 21 Jul 2023 00:00:00 +0000</lastBuildDate><atom:link href="https://blog.highp.ing/categories/rclone/index.xml" rel="self" type="application/rss+xml" /><item>
        <title>Alist避免踩坑小技巧</title>
        <link>https://blog.highp.ing/p/alist/</link>
        <pubDate>Fri, 21 Jul 2023 00:00:00 +0000</pubDate>
        
        <guid>https://blog.highp.ing/p/alist/</guid>
        <description>&lt;img src="https://i2.100024.xyz/2023/07/21/sfr1h3.webp" alt="Featured image of post Alist避免踩坑小技巧" /&gt;&lt;p&gt;&lt;em&gt;&lt;strong&gt;注：此文并非一分钱不花的白嫖类型&lt;/strong&gt;&lt;/em&gt;&lt;br&gt;
&lt;em&gt;&lt;strong&gt;也需要一定的技术能力&lt;/strong&gt;&lt;/em&gt;&lt;/p&gt;
&lt;h1 id=&#34;alist避免踩坑小技巧&#34;&gt;Alist避免踩坑小技巧&lt;/h1&gt;
&lt;p&gt;本文由 &lt;code&gt;High Ping Network&lt;/code&gt; 的小伙伴 GenshinMinecraft 进行编撰，首发于 &lt;a class=&#34;link&#34; href=&#34;https://blog.highp.ing&#34;  target=&#34;_blank&#34; rel=&#34;noopener&#34;
    &gt;本博客&lt;/a&gt;&lt;/p&gt;
&lt;h2 id=&#34;part1网盘的选择&#34;&gt;Part1：网盘的选择&lt;/h2&gt;
&lt;p&gt;搭建alist最重要的，就是选好&lt;strong&gt;主力网盘&lt;/strong&gt;&lt;br&gt;
给大家列出几个网盘以及他的优缺点：&lt;br&gt;
(斜体为推荐网盘)&lt;/p&gt;
&lt;ul&gt;
&lt;li&gt;阿里云盘：目前阿里云盘有两种挂载方式，&lt;code&gt;阿里云盘&lt;/code&gt;与&lt;code&gt;阿里云盘 Open&lt;/code&gt;，但是前者不稳定，后者限制幅度较大。据群友反馈已经低于5mb/s。&lt;code&gt;主力网盘或副网盘都不错&lt;/code&gt;，但是目前尚不清楚以后吃相会不会和百度一样。&lt;strong&gt;&lt;code&gt;不建议充值会员&lt;/code&gt;&lt;/strong&gt;&lt;/li&gt;
&lt;li&gt;百度云盘：大家都知道，百度云盘不开会员约等于不能用，而且302重定向方法有诸多限制。&lt;strong&gt;&lt;code&gt;不建议充值会员&lt;/code&gt;&lt;/strong&gt;&lt;/li&gt;
&lt;li&gt;115网盘：价格已经算是国内最贵的了（月卡55，年卡500），但是速度与服务都不咋样。&lt;strong&gt;&lt;code&gt;不建议充值会员&lt;/code&gt;&lt;/strong&gt;&lt;/li&gt;
&lt;li&gt;&lt;em&gt;夸克网盘&lt;/em&gt;：最推荐的一个，VIP便宜，还稳定，更可以&lt;strong&gt;转存磁力&lt;/strong&gt;，网上热门磁力直接转存不要太爽！也是我目前用的最多的一个。&lt;strong&gt;&lt;code&gt;推荐充值会员&lt;/code&gt;&lt;/strong&gt;&lt;/li&gt;
&lt;li&gt;123网盘：网盘本身不错，价格也便宜，但是最近天天修改接口，还有加密签名。可以说在努力地阻止Alist这类挂载。&lt;strong&gt;&lt;code&gt;建议先观望&lt;/code&gt;&lt;/strong&gt;&lt;/li&gt;
&lt;li&gt;&lt;em&gt;OneDrive&lt;/em&gt;：挂载国内版的免费5G没有意义，所以大多数人都是折腾国外的E5。&lt;strong&gt;免费&lt;/strong&gt;的&lt;strong&gt;5Tx25个子号&lt;/strong&gt;。国内速度不错，还可以存色色，是建造公开影视站的首选。&lt;strong&gt;&lt;code&gt;建议使用&lt;/code&gt;&lt;/strong&gt;&lt;/li&gt;
&lt;li&gt;GoogleDrive：需要国外网络连接，你懂的。之前有无限容量的教育号/公司号，但现在基本已经灭绝，不做推荐。&lt;/li&gt;
&lt;li&gt;运营商网盘：可以根据自己的运营商选择对应的运营商网盘：电信天翼云盘，中国移动云盘（和彩云），中国联通云盘。各大运营商云盘对自己家的客户都有免费空间。最为推荐的是&lt;strong&gt;中国移动云盘&lt;/strong&gt;，每月可以领取30G定向流量，不限速，稳定。&lt;strong&gt;&lt;code&gt;推荐在自己的运营商网盘充值会员&lt;/code&gt;&lt;/strong&gt;&lt;/li&gt;
&lt;/ul&gt;
&lt;p&gt;其余的蓝奏、海外百度Terabox、yandex等由于限制过多，或需要科学，不做推荐。&lt;/p&gt;
&lt;p&gt;&lt;em&gt;&lt;strong&gt;平民玩家（不充钱）可以选择阿里云盘以及Onedrive做搭配一起使用&lt;/strong&gt;&lt;/em&gt; &lt;br&gt;
&lt;em&gt;&lt;strong&gt;富哥可以选择夸克云盘，便宜超级稳定，百兆轻松跑满&lt;/strong&gt;&lt;/em&gt;
&lt;img src=&#34;https://i2.100024.xyz/2023/07/21/uky4e4.webp&#34;
	
	
	
	loading=&#34;lazy&#34;
	
	
&gt;&lt;/p&gt;
&lt;h2 id=&#34;part2搭建机器的选择&#34;&gt;Part2：搭建机器的选择&lt;/h2&gt;
&lt;ul&gt;
&lt;li&gt;最推荐的是在家里搭建与&lt;em&gt;Openwrt&lt;/em&gt;这种&lt;em&gt;低功耗网络设备&lt;/em&gt;上，既可以跑满宽带，还能在内网获得最佳速度。缺点是出门在外也许&lt;em&gt;需要公网ip/内网穿透&lt;/em&gt;。&lt;/li&gt;
&lt;li&gt;其次是&lt;em&gt;国外大带宽服务器&lt;/em&gt;，一些具有好的线路的国外服务器，在国内可以做到&lt;code&gt;延迟很低&lt;/code&gt;，比如GCP、AzureJp/Hk/Sg。国外服务器一般拥有1Gbps以上的带宽，在挂载的同时还可以使用&lt;em&gt;&lt;strong&gt;aria2&lt;/strong&gt;&lt;/em&gt;下载BT(请注意DMCA)。而在国外服务器上面，建议使用&lt;strong&gt;302跳转模式&lt;/strong&gt;，以获得最佳速度&lt;/li&gt;
&lt;li&gt;还有&lt;del&gt;滥用哥&lt;/del&gt;折腾玩家最喜欢的&lt;em&gt;容器云&lt;/em&gt;，折腾难度较大，但是免费。许多发烧级玩家会使用，但基本不适用于真实生产力环境。&lt;/li&gt;
&lt;li&gt;最后是国内服务商的VPS，一是&lt;strong&gt;要实名&lt;/strong&gt;，二是&lt;strong&gt;带宽小&lt;/strong&gt;，三是&lt;strong&gt;有监管&lt;/strong&gt;。本机代理基本无望，只能302。&lt;/li&gt;
&lt;/ul&gt;
&lt;h2 id=&#34;小结&#34;&gt;小结&lt;/h2&gt;
&lt;p&gt;本文简单地总结了各类可挂载网盘的&lt;em&gt;优缺点&lt;/em&gt;，以及搭建机器的&lt;em&gt;选择&lt;/em&gt;，对于想要搭建的朋友们来说有些参考意义。&lt;/p&gt;
</description>
        </item>
        <item>
        <title>Rclone挂载以及Fuse问题解决</title>
        <link>https://blog.highp.ing/p/rclone-fuse/</link>
        <pubDate>Fri, 21 Jul 2023 00:00:00 +0000</pubDate>
        
        <guid>https://blog.highp.ing/p/rclone-fuse/</guid>
        <description>&lt;img src="https://blog.highp.ing/p/rclone-fuse/logo_on_light__horizontal_color.svg" alt="Featured image of post Rclone挂载以及Fuse问题解决" /&gt;&lt;h1 id=&#34;rclone挂载以及fuse问题解决&#34;&gt;Rclone挂载以及Fuse问题解决&lt;/h1&gt;
&lt;p&gt;本文由 &lt;code&gt;High Ping Network&lt;/code&gt; 的小伙伴 GenshinMinecraft 进行编撰，首发于 &lt;a class=&#34;link&#34; href=&#34;https://blog.highp.ing&#34;  target=&#34;_blank&#34; rel=&#34;noopener&#34;
    &gt;本博客&lt;/a&gt;&lt;/p&gt;
&lt;h2 id=&#34;前言&#34;&gt;前言&lt;/h2&gt;
&lt;p&gt;关于Rclone添加储存以及文件复制的问题可以参考这一篇博客：&lt;a class=&#34;link&#34; href=&#34;https://vpslog.org/blog/%E4%BD%BF%E7%94%A8-rclone-%E5%9C%A8-nas-%E5%92%8C-google-drive-%E4%B9%8B%E9%97%B4%E5%A4%8D%E5%88%B6%E6%96%87%E4%BB%B6/&#34;  target=&#34;_blank&#34; rel=&#34;noopener&#34;
    &gt;VPSLOG&lt;/a&gt;，这里很好地写出了添加储存的过程。本文不再赘述。&lt;/p&gt;
&lt;h2 id=&#34;挂载教程&#34;&gt;挂载教程&lt;/h2&gt;
&lt;h3 id=&#34;挂载前注意事项&#34;&gt;挂载前注意事项：&lt;/h3&gt;
&lt;ol&gt;
&lt;li&gt;请确认即将挂载的网盘存在于Rclone的&lt;code&gt;config.conf&lt;/code&gt;中；&lt;/li&gt;
&lt;li&gt;请确认即将挂载的目录已存在并为空；&lt;/li&gt;
&lt;li&gt;请确认使用的机器（VPS,NAS,Router等）能连接到所即将挂载的网盘（如国内机器无法连接谷歌云盘）&lt;/li&gt;
&lt;/ol&gt;
&lt;p&gt;&lt;em&gt;&lt;strong&gt;确认完之后即可开始挂载！&lt;/strong&gt;&lt;/em&gt;&lt;/p&gt;
&lt;p&gt;基本的挂载命令类似于：&lt;/p&gt;
&lt;div class=&#34;highlight&#34;&gt;&lt;div class=&#34;chroma&#34;&gt;
&lt;table class=&#34;lntable&#34;&gt;&lt;tr&gt;&lt;td class=&#34;lntd&#34;&gt;
&lt;pre tabindex=&#34;0&#34; class=&#34;chroma&#34;&gt;&lt;code&gt;&lt;span class=&#34;lnt&#34;&gt;1
&lt;/span&gt;&lt;/code&gt;&lt;/pre&gt;&lt;/td&gt;
&lt;td class=&#34;lntd&#34;&gt;
&lt;pre tabindex=&#34;0&#34; class=&#34;chroma&#34;&gt;&lt;code class=&#34;language-bash&#34; data-lang=&#34;bash&#34;&gt;&lt;span class=&#34;line&#34;&gt;&lt;span class=&#34;cl&#34;&gt;rclone mount 网盘设定名称:网盘内路径 挂载目录 --copy-links --no-gzip-encoding --no-check-certificate --allow-other --allow-non-empty --umask &lt;span class=&#34;m&#34;&gt;000&lt;/span&gt;
&lt;/span&gt;&lt;/span&gt;&lt;/code&gt;&lt;/pre&gt;&lt;/td&gt;&lt;/tr&gt;&lt;/table&gt;
&lt;/div&gt;
&lt;/div&gt;&lt;p&gt;&lt;strong&gt;不同的网盘也许有对应的各种选项，但是上面的是通用命令，请查阅&lt;a class=&#34;link&#34; href=&#34;https://rclone.org/docs/&#34;  target=&#34;_blank&#34; rel=&#34;noopener&#34;
    &gt;官方文档&lt;/a&gt;！&lt;/strong&gt;&lt;/p&gt;
&lt;p&gt;比如我将要挂载一个名为 od 的网盘到 /root/od ：&lt;/p&gt;
&lt;div class=&#34;highlight&#34;&gt;&lt;div class=&#34;chroma&#34;&gt;
&lt;table class=&#34;lntable&#34;&gt;&lt;tr&gt;&lt;td class=&#34;lntd&#34;&gt;
&lt;pre tabindex=&#34;0&#34; class=&#34;chroma&#34;&gt;&lt;code&gt;&lt;span class=&#34;lnt&#34;&gt;1
&lt;/span&gt;&lt;/code&gt;&lt;/pre&gt;&lt;/td&gt;
&lt;td class=&#34;lntd&#34;&gt;
&lt;pre tabindex=&#34;0&#34; class=&#34;chroma&#34;&gt;&lt;code class=&#34;language-fallback&#34; data-lang=&#34;fallback&#34;&gt;&lt;span class=&#34;line&#34;&gt;&lt;span class=&#34;cl&#34;&gt;rclone mount od: /root/od --copy-links --no-gzip-encoding --no-check-certificate --allow-other --allow-non-empty --umask 000 
&lt;/span&gt;&lt;/span&gt;&lt;/code&gt;&lt;/pre&gt;&lt;/td&gt;&lt;/tr&gt;&lt;/table&gt;
&lt;/div&gt;
&lt;/div&gt;&lt;p&gt;如果报错有关&lt;code&gt;Fuse&lt;/code&gt;，请看下面的解决方法&lt;/p&gt;
&lt;p&gt;当需要后台运行rclone挂载时&lt;code&gt;（默认为在终端挂载，且不可停止）&lt;/code&gt;，可以在挂载命令后加上 &lt;code&gt;--daemon&lt;/code&gt; 以作为daemon程序挂载。&lt;/p&gt;
&lt;h2 id=&#34;解决fuse问题&#34;&gt;解决Fuse问题&lt;/h2&gt;
&lt;p&gt;一般报错内容为：&lt;/p&gt;
&lt;div class=&#34;highlight&#34;&gt;&lt;div class=&#34;chroma&#34;&gt;
&lt;table class=&#34;lntable&#34;&gt;&lt;tr&gt;&lt;td class=&#34;lntd&#34;&gt;
&lt;pre tabindex=&#34;0&#34; class=&#34;chroma&#34;&gt;&lt;code&gt;&lt;span class=&#34;lnt&#34;&gt;1
&lt;/span&gt;&lt;/code&gt;&lt;/pre&gt;&lt;/td&gt;
&lt;td class=&#34;lntd&#34;&gt;
&lt;pre tabindex=&#34;0&#34; class=&#34;chroma&#34;&gt;&lt;code class=&#34;language-fallback&#34; data-lang=&#34;fallback&#34;&gt;&lt;span class=&#34;line&#34;&gt;&lt;span class=&#34;cl&#34;&gt;2020/07/17 04:44:20 Fatal error: failed to mount FUSE fs: fusermount: exec: &amp;#34;fusermount&amp;#34;: executable file not found in $PATH
&lt;/span&gt;&lt;/span&gt;&lt;/code&gt;&lt;/pre&gt;&lt;/td&gt;&lt;/tr&gt;&lt;/table&gt;
&lt;/div&gt;
&lt;/div&gt;&lt;p&gt;这是因为未安装fuse软件包导致的，解决方法非常简单，使用包管理器安装Fuse：&lt;/p&gt;
&lt;div class=&#34;highlight&#34;&gt;&lt;div class=&#34;chroma&#34;&gt;
&lt;table class=&#34;lntable&#34;&gt;&lt;tr&gt;&lt;td class=&#34;lntd&#34;&gt;
&lt;pre tabindex=&#34;0&#34; class=&#34;chroma&#34;&gt;&lt;code&gt;&lt;span class=&#34;lnt&#34;&gt;1
&lt;/span&gt;&lt;span class=&#34;lnt&#34;&gt;2
&lt;/span&gt;&lt;/code&gt;&lt;/pre&gt;&lt;/td&gt;
&lt;td class=&#34;lntd&#34;&gt;
&lt;pre tabindex=&#34;0&#34; class=&#34;chroma&#34;&gt;&lt;code class=&#34;language-bash&#34; data-lang=&#34;bash&#34;&gt;&lt;span class=&#34;line&#34;&gt;&lt;span class=&#34;cl&#34;&gt;yum install fuse
&lt;/span&gt;&lt;/span&gt;&lt;span class=&#34;line&#34;&gt;&lt;span class=&#34;cl&#34;&gt;apt install fuse
&lt;/span&gt;&lt;/span&gt;&lt;/code&gt;&lt;/pre&gt;&lt;/td&gt;&lt;/tr&gt;&lt;/table&gt;
&lt;/div&gt;
&lt;/div&gt;&lt;p&gt;请根据自己的系统选择对应的包管理器。&lt;/p&gt;
&lt;h2 id=&#34;解决已安装fuse的问题&#34;&gt;解决已安装Fuse的问题&lt;/h2&gt;
&lt;p&gt;当以上面的方法安装Fuse之后，如果还发生报错，请执行：&lt;/p&gt;
&lt;div class=&#34;highlight&#34;&gt;&lt;div class=&#34;chroma&#34;&gt;
&lt;table class=&#34;lntable&#34;&gt;&lt;tr&gt;&lt;td class=&#34;lntd&#34;&gt;
&lt;pre tabindex=&#34;0&#34; class=&#34;chroma&#34;&gt;&lt;code&gt;&lt;span class=&#34;lnt&#34;&gt;1
&lt;/span&gt;&lt;/code&gt;&lt;/pre&gt;&lt;/td&gt;
&lt;td class=&#34;lntd&#34;&gt;
&lt;pre tabindex=&#34;0&#34; class=&#34;chroma&#34;&gt;&lt;code class=&#34;language-fallback&#34; data-lang=&#34;fallback&#34;&gt;&lt;span class=&#34;line&#34;&gt;&lt;span class=&#34;cl&#34;&gt;ln /usr/bin/fusermount /usr/bin/fusermount3
&lt;/span&gt;&lt;/span&gt;&lt;/code&gt;&lt;/pre&gt;&lt;/td&gt;&lt;/tr&gt;&lt;/table&gt;
&lt;/div&gt;
&lt;/div&gt;&lt;p&gt;因为rclone默认寻找的是&lt;code&gt;fusermount3&lt;/code&gt;，而软件包默认安装至&lt;code&gt;fusermount&lt;/code&gt;。这条命令将创建一个&lt;code&gt;&amp;quot;快捷方式&amp;quot;&lt;/code&gt;，再次运行挂载命令即可。&lt;/p&gt;
</description>
        </item>
        
    </channel>
</rss>
