<?xml version="1.0" encoding="utf-8" standalone="yes"?>
<rss version="2.0" xmlns:atom="http://www.w3.org/2005/Atom">
    <channel>
        <title>Google on HighPing们の小小藏身地</title>
        <link>https://blog.highp.ing/categories/google/</link>
        <description>Recent content in Google on HighPing们の小小藏身地</description>
        <generator>Hugo -- gohugo.io</generator>
        <language>zh-cn</language>
        <lastBuildDate>Mon, 18 Dec 2023 00:00:00 +0000</lastBuildDate><atom:link href="https://blog.highp.ing/categories/google/index.xml" rel="self" type="application/rss+xml" /><item>
        <title>如何让 Google 快速收录你的网站 / 提升在 Google 的排名</title>
        <link>https://blog.highp.ing/p/googlepaiming/</link>
        <pubDate>Mon, 18 Dec 2023 00:00:00 +0000</pubDate>
        
        <guid>https://blog.highp.ing/p/googlepaiming/</guid>
        <description>&lt;img src="https://blog.highp.ing/p/googlepaiming/image-6.png" alt="Featured image of post 如何让 Google 快速收录你的网站 / 提升在 Google 的排名" /&gt;&lt;h1 id=&#34;如何让-google-快速收录你的网站--提升在-google-的排名&#34;&gt;如何让 Google 快速收录你的网站 / 提升在 Google 的排名&lt;/h1&gt;
&lt;p&gt;本文由 &lt;code&gt;High Ping Network&lt;/code&gt; 的小伙伴 GenshinMinecraft 进行编撰，首发于 &lt;a class=&#34;link&#34; href=&#34;https://blog.highp.ing&#34;  target=&#34;_blank&#34; rel=&#34;noopener&#34;
    &gt;本博客&lt;/a&gt;&lt;/p&gt;
&lt;h2 id=&#34;前言&#34;&gt;前言&lt;/h2&gt;
&lt;p&gt;针对于小型站点（博客）站长来说，让自己的内容更多人看见是主要的工作之一&lt;/p&gt;
&lt;p&gt;所以本文会教你如何快速提升在 Google 中&lt;strong&gt;你的网站的排名&lt;/strong&gt;&lt;/p&gt;
&lt;p&gt;本文会以&lt;a class=&#34;link&#34; href=&#34;https://c1oudf1are.link&#34;  target=&#34;_blank&#34; rel=&#34;noopener&#34;
    &gt;&lt;strong&gt;本博客&lt;/strong&gt;&lt;/a&gt;为例子&lt;/p&gt;
&lt;h2 id=&#34;1申请收录&#34;&gt;1.申请收录&lt;/h2&gt;
&lt;p&gt;这一 Part 相信大部分站长都完成了，如果你还未完成的话&lt;/p&gt;
&lt;p&gt;可以找到 &lt;a class=&#34;link&#34; href=&#34;https://search.google.com/search-console&#34;  target=&#34;_blank&#34; rel=&#34;noopener&#34;
    &gt;Google Search Console&lt;/a&gt; 来完成谷歌收录设置&lt;/p&gt;
&lt;h2 id=&#34;2sitemap&#34;&gt;2.Sitemap&lt;/h2&gt;
&lt;h3 id=&#34;什么是-sitemap&#34;&gt;什么是 Sitemap&lt;/h3&gt;
&lt;p&gt;Sitemap 是收集了一个站点中所有 URL 的文本文件&lt;/p&gt;
&lt;p&gt;比如我的站点的 Sitemap 链接就是 &lt;a class=&#34;link&#34; href=&#34;https://c1oudf1are.link/zh-cn/sitemap.xml&#34;  target=&#34;_blank&#34; rel=&#34;noopener&#34;
    &gt;https://c1oudf1are.link/zh-cn/sitemap.xml&lt;/a&gt;&lt;/p&gt;
&lt;h3 id=&#34;一般情况下生成-sitemap&#34;&gt;一般情况下生成 Sitemap&lt;/h3&gt;
&lt;p&gt;一般的，如果你使用&lt;strong&gt;博客生成工具&lt;/strong&gt;(Hugo/Hexo等) 或 &lt;strong&gt;WordPress&lt;/strong&gt; 等由 PHP 编写的博客程序，都会自动化地生成本站对应的 Sitemap&lt;/p&gt;
&lt;p&gt;你可以在有关于&lt;strong&gt;博客站点主题&lt;/strong&gt;，&lt;strong&gt;各种 Readme&lt;/strong&gt; 中找到你的站点的 Sitemap&lt;/p&gt;
&lt;p&gt;Sitemap 可以让 Google 更好地爬取你的网站&lt;/p&gt;
&lt;p&gt;&lt;strong&gt;此方法非常方便，博客程序一般会定期生成你的 Sitemap&lt;/strong&gt;&lt;/p&gt;
&lt;h3 id=&#34;使用各种工具生成-sitemap&#34;&gt;使用各种工具生成 Sitemap&lt;/h3&gt;
&lt;p&gt;当你的博客程序没有提供 Sitemap 生成服务时，可以使用该方法&lt;/p&gt;
&lt;p&gt;你可以在 &lt;a class=&#34;link&#34; href=&#34;https://www.google.com.hk/search?q=sitemap&amp;#43;generator&#34;  target=&#34;_blank&#34; rel=&#34;noopener&#34;
    &gt;Google&lt;/a&gt; 搜索到各种在线生成 Sitemap 的工具&lt;/p&gt;
&lt;p&gt;生成完之后，请将导出的 Sitemap 放置到&lt;strong&gt;你博客的任何一个目录下&lt;/strong&gt;&lt;/p&gt;
&lt;p&gt;要求就是，可以用你的&lt;strong&gt;博客域名&lt;/strong&gt;访问的范围，比如上文中提到的 &lt;a class=&#34;link&#34; href=&#34;https://c1oudf1are.link/zh-cn/sitemap.xml&#34;  target=&#34;_blank&#34; rel=&#34;noopener&#34;
    &gt;https://c1oudf1are.link/zh-cn/sitemap.xml&lt;/a&gt;&lt;/p&gt;
&lt;p&gt;&lt;strong&gt;请注意，如果你的博客发生了变动（比如新增文章），需要重新生成&lt;/strong&gt;&lt;/p&gt;
&lt;h3 id=&#34;向-google-提交-sitemap&#34;&gt;向 Google 提交 Sitemap&lt;/h3&gt;
&lt;p&gt;在&lt;code&gt;侧边栏-编制索引-站点地图&lt;/code&gt;中&lt;/p&gt;
&lt;p&gt;&lt;img src=&#34;https://blog.highp.ing/p/googlepaiming/image.png&#34;
	width=&#34;659&#34;
	height=&#34;1210&#34;
	srcset=&#34;https://blog.highp.ing/p/googlepaiming/image_huc20eb71805d1a9bc598df2e3835b4967_63950_480x0_resize_box_3.png 480w, https://blog.highp.ing/p/googlepaiming/image_huc20eb71805d1a9bc598df2e3835b4967_63950_1024x0_resize_box_3.png 1024w&#34;
	loading=&#34;lazy&#34;
	
	
		class=&#34;gallery-image&#34; 
		data-flex-grow=&#34;54&#34;
		data-flex-basis=&#34;130px&#34;
	
&gt;&lt;/p&gt;
&lt;p&gt;输入站点地图 URL 后即可完成提交&lt;/p&gt;
&lt;p&gt;&lt;img src=&#34;https://blog.highp.ing/p/googlepaiming/image-1.png&#34;
	width=&#34;1888&#34;
	height=&#34;814&#34;
	srcset=&#34;https://blog.highp.ing/p/googlepaiming/image-1_hu452659b8d1fbedd83a38c1b7fdb1d2cb_96296_480x0_resize_box_3.png 480w, https://blog.highp.ing/p/googlepaiming/image-1_hu452659b8d1fbedd83a38c1b7fdb1d2cb_96296_1024x0_resize_box_3.png 1024w&#34;
	loading=&#34;lazy&#34;
	
		alt=&#34;Alt text&#34;
	
	
		class=&#34;gallery-image&#34; 
		data-flex-grow=&#34;231&#34;
		data-flex-basis=&#34;556px&#34;
	
&gt;&lt;/p&gt;
&lt;h2 id=&#34;3访问速度以及优化&#34;&gt;3.访问速度以及优化&lt;/h2&gt;
&lt;h3 id=&#34;pagespeed-insights&#34;&gt;PageSpeed Insights&lt;/h3&gt;
&lt;p&gt;Google 会参考&lt;strong&gt;用户的体验&lt;/strong&gt;来进行排序，因此一个好的界面以及访问速度至关重要！&lt;/p&gt;
&lt;blockquote&gt;
&lt;p&gt;Google 的核心排名系统旨在奖励那些提供良好网页体验的内容。Search Console 针对您可能希望考虑的两个方面提供相关报告：Core Web Vitals 和 HTTPS。不过，网页体验并不只是涉及这两个方面。&lt;/p&gt;
&lt;/blockquote&gt;
&lt;p&gt;你可以通过 &lt;a class=&#34;link&#34; href=&#34;https://pagespeed.web.dev/&#34;  target=&#34;_blank&#34; rel=&#34;noopener&#34;
    &gt;Google 官方工具 PageSpeed Insights&lt;/a&gt; 来检测你的网站的得分&lt;/p&gt;
&lt;p&gt;&lt;img src=&#34;https://blog.highp.ing/p/googlepaiming/image-2.png&#34;
	width=&#34;2119&#34;
	height=&#34;1541&#34;
	srcset=&#34;https://blog.highp.ing/p/googlepaiming/image-2_hu8589f1993322a946f657644f110be99d_258520_480x0_resize_box_3.png 480w, https://blog.highp.ing/p/googlepaiming/image-2_hu8589f1993322a946f657644f110be99d_258520_1024x0_resize_box_3.png 1024w&#34;
	loading=&#34;lazy&#34;
	
		alt=&#34;Alt text&#34;
	
	
		class=&#34;gallery-image&#34; 
		data-flex-grow=&#34;137&#34;
		data-flex-basis=&#34;330px&#34;
	
&gt;&lt;/p&gt;
&lt;p&gt;一般来说，得分 95+ 的网站优化已经顶破天了，无需继续优化&lt;/p&gt;
&lt;p&gt;得分 85+ 的网站可能需要一些小小的优化，但是并没有很大必要&lt;/p&gt;
&lt;p&gt;在测评下方有对于你网站的&lt;strong&gt;优化建议&lt;/strong&gt;&lt;/p&gt;
&lt;p&gt;&lt;img src=&#34;https://blog.highp.ing/p/googlepaiming/image-3.png&#34;
	width=&#34;2017&#34;
	height=&#34;1144&#34;
	srcset=&#34;https://blog.highp.ing/p/googlepaiming/image-3_hu50b2ef427351cb8944cc900bdc9476de_166357_480x0_resize_box_3.png 480w, https://blog.highp.ing/p/googlepaiming/image-3_hu50b2ef427351cb8944cc900bdc9476de_166357_1024x0_resize_box_3.png 1024w&#34;
	loading=&#34;lazy&#34;
	
	
		class=&#34;gallery-image&#34; 
		data-flex-grow=&#34;176&#34;
		data-flex-basis=&#34;423px&#34;
	
&gt;&lt;/p&gt;
&lt;p&gt;可以参考 Google 给出的建议，进一步加速你的网站&lt;/p&gt;
&lt;h3 id=&#34;需要注意优化的地方&#34;&gt;需要注意优化的地方&lt;/h3&gt;
&lt;h4 id=&#34;服务器本身延迟&#34;&gt;服务器本身延迟&lt;/h4&gt;
&lt;p&gt;从客户端至服务器本身的延迟如果很高，那么得分不可能好到哪里去&lt;/p&gt;
&lt;p&gt;如果你是&lt;code&gt;纯 HTML&lt;/code&gt;站长，可以考虑使用 &lt;code&gt;CloudFlare Pages&lt;/code&gt; 或 &lt;code&gt;Github Pages&lt;/code&gt;，既无需服务器，延迟也还不错&lt;/p&gt;
&lt;p&gt;如果你是&lt;code&gt;拥有自己服务器并搭建站点&lt;/code&gt;的站长，肯定需要一台线路、配置等各方面足够好的机器&lt;/p&gt;
&lt;p&gt;如果你是&lt;code&gt;CDN&lt;/code&gt;用户，请注意配置合适的缓存规则，避免源站负载过大以及不必要的请求。&lt;/p&gt;
&lt;h4 id=&#34;图片&#34;&gt;图片&lt;/h4&gt;
&lt;p&gt;&lt;strong&gt;图片是博客等项目的重头&lt;/strong&gt;&lt;/p&gt;
&lt;p&gt;如果你的机器带宽过小（1M-50M），则应配置&lt;strong&gt;站外图床&lt;/strong&gt;&lt;/p&gt;
&lt;p&gt;这里推荐一个稳定且免费的图床：&lt;a class=&#34;link&#34; href=&#34;https://png.cm&#34;  target=&#34;_blank&#34; rel=&#34;noopener&#34;
    &gt;https://png.cm&lt;/a&gt;&lt;/p&gt;
&lt;p&gt;优点就是上传时&lt;strong&gt;自动转换成 Webp 格式&lt;/strong&gt;（PageSpeed Insights 中提醒的使用新一代图片文件格式就是 Webp）&lt;/p&gt;
&lt;p&gt;而且，一个页面内如果有过多图片，也会降低用户体验，降低测试分数&lt;/p&gt;
&lt;h4 id=&#34;php&#34;&gt;PHP&lt;/h4&gt;
&lt;p&gt;如今，大部分博客已经都是 &lt;strong&gt;PHP 应用&lt;/strong&gt;了&lt;/p&gt;
&lt;p&gt;PHP 博客有其优点，当然也有少许缺点&lt;/p&gt;
&lt;p&gt;PHP 有一个至今绕不开的难题&lt;/p&gt;
&lt;ul&gt;
&lt;li&gt;占用过高&lt;/li&gt;
&lt;li&gt;&lt;strong&gt;请求界面时需要运算&lt;/strong&gt;&lt;/li&gt;
&lt;li&gt;无法真正做到全缓存&lt;/li&gt;
&lt;/ul&gt;
&lt;p&gt;这几点使 PHP 博客需要一台至少 4c4g 的站机才算足够&lt;/p&gt;
&lt;p&gt;所以，如果&lt;strong&gt;你有一定技术能力&lt;/strong&gt;，可以像我一样，部署一个&lt;strong&gt;纯 HTML&lt;/strong&gt; 博客&lt;/p&gt;
&lt;p&gt;我个人使用的是 Hugo，当然也有其他类似的选择&lt;/p&gt;
&lt;h4 id=&#34;https&#34;&gt;HTTPS&lt;/h4&gt;
&lt;p&gt;HTTPS 也是 Google 所看重的内容之一，相信开启 HTTPS 对于各位站长来说还是不难的，不赘述了&lt;/p&gt;
&lt;h4 id=&#34;小结&#34;&gt;小结&lt;/h4&gt;
&lt;p&gt;大概就这些重头戏，其他优化可以不管，这几个优化完了保证分数上85&lt;/p&gt;
&lt;h2 id=&#34;其他需要注意的地方&#34;&gt;其他需要注意的地方&lt;/h2&gt;
&lt;h3 id=&#34;刚提交给-google-时&#34;&gt;刚提交给 Google 时&lt;/h3&gt;
&lt;p&gt;注意：第一次提交给 Google 时并不会马上就收录，大约要等待 2-3 天左右&lt;/p&gt;
&lt;p&gt;当收录了你的站点时，请手动将博客文章地址输入到 Search Console 中的搜索框内&lt;/p&gt;
&lt;p&gt;&lt;img src=&#34;https://blog.highp.ing/p/googlepaiming/image-4.png&#34;
	width=&#34;1488&#34;
	height=&#34;674&#34;
	srcset=&#34;https://blog.highp.ing/p/googlepaiming/image-4_hu98a81f2a72535e4c78d874cb3a2bd2c7_87130_480x0_resize_box_3.png 480w, https://blog.highp.ing/p/googlepaiming/image-4_hu98a81f2a72535e4c78d874cb3a2bd2c7_87130_1024x0_resize_box_3.png 1024w&#34;
	loading=&#34;lazy&#34;
	
		alt=&#34;Alt text&#34;
	
	
		class=&#34;gallery-image&#34; 
		data-flex-grow=&#34;220&#34;
		data-flex-basis=&#34;529px&#34;
	
&gt;&lt;/p&gt;
&lt;p&gt;这样会让 Google 查询你输入的网址&lt;strong&gt;是否已经收录&lt;/strong&gt;，一般是没有的&lt;/p&gt;
&lt;p&gt;然后点击&lt;code&gt;请求编入索引&lt;/code&gt;&lt;/p&gt;
&lt;p&gt;&lt;img src=&#34;https://blog.highp.ing/p/googlepaiming/image-5.png&#34;
	width=&#34;786&#34;
	height=&#34;433&#34;
	srcset=&#34;https://blog.highp.ing/p/googlepaiming/image-5_hue401a5d14cd41456e4c53cd28e0b383d_31213_480x0_resize_box_3.png 480w, https://blog.highp.ing/p/googlepaiming/image-5_hue401a5d14cd41456e4c53cd28e0b383d_31213_1024x0_resize_box_3.png 1024w&#34;
	loading=&#34;lazy&#34;
	
		alt=&#34;Alt text&#34;
	
	
		class=&#34;gallery-image&#34; 
		data-flex-grow=&#34;181&#34;
		data-flex-basis=&#34;435px&#34;
	
&gt;&lt;/p&gt;
&lt;p&gt;这样就可以手动让 Google 收录网址了&lt;/p&gt;
&lt;p&gt;刚开始，需要一篇篇博客手动收录！&lt;/p&gt;
&lt;h3 id=&#34;等稳定后提交&#34;&gt;等稳定后提交&lt;/h3&gt;
&lt;p&gt;等你的博客稳定，并定期&lt;strong&gt;有内容产出的时候&lt;/strong&gt;&lt;/p&gt;
&lt;p&gt;Google 就会定期从 Sitemap 中查找还没添加的 Url，进行编入索引&lt;/p&gt;
&lt;p&gt;这样就可以不用理会 Google Search Console 了！&lt;/p&gt;
&lt;h3 id=&#34;稳定你的博客&#34;&gt;稳定你的博客&lt;/h3&gt;
&lt;p&gt;稳定博客一般需要半年左右的时间，每个月发点文章&lt;/p&gt;
&lt;p&gt;而且不要频繁更换页面主体（比如换主题），长期稳定后就可以等候排名慢慢提升&lt;/p&gt;
&lt;p&gt;虽然本文的标题是&lt;code&gt;快速提升在 Google 的排名&lt;/code&gt;，但是莫要心急，没有好内容产出是没有用的！&lt;/p&gt;
&lt;h2 id=&#34;总结&#34;&gt;总结&lt;/h2&gt;
&lt;p&gt;本文阐述了我自己所用的方法，相信各位站长能快速提升自己 Google 排名&lt;/p&gt;
&lt;p&gt;也欢迎各位站长来和我交换友链！&lt;/p&gt;
&lt;p&gt;发送邮件至 genshinminecraft#duck.com 或 Telegram:@C1oudF1are 来交换友链吧！&lt;/p&gt;
</description>
        </item>
        <item>
        <title>安卓设备安装Google框架方法汇总(持续更新)</title>
        <link>https://blog.highp.ing/p/androidinstallgoogle/</link>
        <pubDate>Sun, 03 Sep 2023 00:00:00 +0000</pubDate>
        
        <guid>https://blog.highp.ing/p/androidinstallgoogle/</guid>
        <description>&lt;img src="https://blog.highp.ing/p/androidinstallgoogle/google.jpg" alt="Featured image of post 安卓设备安装Google框架方法汇总(持续更新)" /&gt;&lt;h1 id=&#34;安卓设备安装google框架方法汇总持续更新&#34;&gt;安卓设备安装Google框架方法汇总(持续更新)&lt;/h1&gt;
&lt;p&gt;本文由 &lt;code&gt;High Ping Network&lt;/code&gt; 的小伙伴 GenshinMinecraft 进行编撰，首发于 &lt;a class=&#34;link&#34; href=&#34;https://blog.highp.ing&#34;  target=&#34;_blank&#34; rel=&#34;noopener&#34;
    &gt;本博客&lt;/a&gt;&lt;/p&gt;
&lt;h2 id=&#34;前言&#34;&gt;前言&lt;/h2&gt;
&lt;p&gt;目前，国内手机不内置&lt;code&gt;GMS&lt;/code&gt;已经是常态，转而使用自家的生态以及服务。&lt;/p&gt;
&lt;p&gt;但是总有人需要&lt;code&gt;Google框架&lt;/code&gt;进行使用，所以就有了以下的安装方法。&lt;/p&gt;
&lt;p&gt;请注意，本文教的是&lt;code&gt;货真价实的Google框架&lt;/code&gt;，不是&lt;code&gt;MicroG&lt;/code&gt;这种&lt;em&gt;非官方服务&lt;/em&gt;！&lt;/p&gt;
&lt;p&gt;还有，&lt;strong&gt;不root或从Recovery刷入&lt;/strong&gt;安装的&lt;code&gt;Google框架&lt;/code&gt;基本是&lt;strong&gt;废的&lt;/strong&gt;，大多数情况为&lt;code&gt;xxxx 已停止运行&lt;/code&gt;，无法使用！&lt;/p&gt;
&lt;p&gt;一般来说，一个&lt;em&gt;完整可以运行&lt;/em&gt;的&lt;code&gt;Google框架&lt;/code&gt;至少需要包含以下三件东西：&lt;/p&gt;
&lt;ul&gt;
&lt;li&gt;Google Services Framework&lt;/li&gt;
&lt;li&gt;Google Play services&lt;/li&gt;
&lt;li&gt;Google Play Store&lt;/li&gt;
&lt;/ul&gt;
&lt;p&gt;这三件东西&lt;strong&gt;缺一不可&lt;/strong&gt;，且在新版本&lt;strong&gt;无法使用默认的&lt;code&gt;软件包管理器&lt;/code&gt;进行安装至&lt;code&gt;/data&lt;/code&gt;目录下&lt;/strong&gt;！&lt;/p&gt;
&lt;p&gt;所以，请在&lt;strong&gt;Root&lt;/strong&gt;/&lt;strong&gt;刷入第三方Recovery&lt;/strong&gt;的情况下再查阅以下的文章！&lt;/p&gt;
&lt;h2 id=&#34;第一种方法gapps-recovery&#34;&gt;第一种方法：Gapps (Recovery)&lt;/h2&gt;
&lt;p&gt;按道理来讲，使用&lt;strong&gt;第三方Recovery&lt;/strong&gt;刷入&lt;code&gt;Gapps&lt;/code&gt;是最稳定也是最快捷的方法，但是这一方法需要系统的&lt;code&gt;/system&lt;/code&gt;分区拥有足够的空间，但手机普遍可以刷入一个最小的&lt;code&gt;pico&lt;/code&gt;&lt;/p&gt;
&lt;h3 id=&#34;1-寻找适合你的gapps版本&#34;&gt;1. 寻找适合你的&lt;code&gt;Gapps&lt;/code&gt;版本&lt;/h3&gt;
&lt;p&gt;可以按照下面的表格寻找适合你的&lt;code&gt;Gapps&lt;/code&gt;版本：(本表来源于&lt;a class=&#34;link&#34; href=&#34;https://github.com/opengapps/opengapps/wiki/Package-Comparison&#34;  target=&#34;_blank&#34; rel=&#34;noopener&#34;
    &gt;Gapps&lt;/a&gt;)&lt;/p&gt;
&lt;p&gt;&amp;mdash;&amp;mdash;&amp;ndash;分界线&amp;mdash;&amp;mdash;&amp;ndash;&lt;/p&gt;
&lt;table&gt;
&lt;thead&gt;
&lt;tr&gt;
&lt;th style=&#34;text-align:center&#34;&gt;Legend&lt;/th&gt;
&lt;th&gt;Description&lt;/th&gt;
&lt;/tr&gt;
&lt;/thead&gt;
&lt;tbody&gt;
&lt;tr&gt;
&lt;td style=&#34;text-align:center&#34;&gt;X&lt;/td&gt;
&lt;td&gt;Installs application by default&lt;/td&gt;
&lt;/tr&gt;
&lt;tr&gt;
&lt;td style=&#34;text-align:center&#34;&gt;O&lt;/td&gt;
&lt;td&gt;Replaces the Stock/AOSP version of the application by default&lt;/td&gt;
&lt;/tr&gt;
&lt;tr&gt;
&lt;td style=&#34;text-align:center&#34;&gt;+&lt;/td&gt;
&lt;td&gt;Only installed if Google Calendar is NOT installed&lt;/td&gt;
&lt;/tr&gt;
&lt;tr&gt;
&lt;td style=&#34;text-align:center&#34;&gt;4.4&lt;/td&gt;
&lt;td&gt;Application is installed on Android 4.4 only&lt;/td&gt;
&lt;/tr&gt;
&lt;tr&gt;
&lt;td style=&#34;text-align:center&#34;&gt;7.1&lt;/td&gt;
&lt;td&gt;Application is installed on Android 7.1 only&lt;/td&gt;
&lt;/tr&gt;
&lt;/tbody&gt;
&lt;/table&gt;
&lt;table&gt;
&lt;thead&gt;
&lt;tr&gt;
&lt;th style=&#34;text-align:center&#34;&gt;Application Name&lt;/th&gt;
&lt;th style=&#34;text-align:center&#34;&gt;gapps-config keyword&lt;/th&gt;
&lt;th style=&#34;text-align:center&#34;&gt;p&lt;br&gt;i&lt;br&gt;c&lt;br&gt;o&lt;/th&gt;
&lt;th style=&#34;text-align:center&#34;&gt;n&lt;br&gt;a&lt;br&gt;n&lt;br&gt;o&lt;/th&gt;
&lt;th style=&#34;text-align:center&#34;&gt;m&lt;br&gt;i&lt;br&gt;c&lt;br&gt;r&lt;br&gt;o&lt;/th&gt;
&lt;th style=&#34;text-align:center&#34;&gt;m&lt;br&gt;i&lt;br&gt;n&lt;br&gt;i&lt;/th&gt;
&lt;th style=&#34;text-align:center&#34;&gt;f&lt;br&gt;u&lt;br&gt;l&lt;br&gt;l&lt;/th&gt;
&lt;th style=&#34;text-align:center&#34;&gt;s&lt;br&gt;t&lt;br&gt;o&lt;br&gt;c&lt;br&gt;k&lt;/th&gt;
&lt;th style=&#34;text-align:center&#34;&gt;s&lt;br&gt;u&lt;br&gt;p&lt;br&gt;e&lt;br&gt;r&lt;/th&gt;
&lt;/tr&gt;
&lt;/thead&gt;
&lt;tbody&gt;
&lt;tr&gt;
&lt;td style=&#34;text-align:center&#34;&gt;Google Play Services&lt;/td&gt;
&lt;td style=&#34;text-align:center&#34;&gt;&lt;/td&gt;
&lt;td style=&#34;text-align:center&#34;&gt;X&lt;/td&gt;
&lt;td style=&#34;text-align:center&#34;&gt;X&lt;/td&gt;
&lt;td style=&#34;text-align:center&#34;&gt;X&lt;/td&gt;
&lt;td style=&#34;text-align:center&#34;&gt;X&lt;/td&gt;
&lt;td style=&#34;text-align:center&#34;&gt;X&lt;/td&gt;
&lt;td style=&#34;text-align:center&#34;&gt;X&lt;/td&gt;
&lt;td style=&#34;text-align:center&#34;&gt;X&lt;/td&gt;
&lt;/tr&gt;
&lt;tr&gt;
&lt;td style=&#34;text-align:center&#34;&gt;Google Play Store&lt;/td&gt;
&lt;td style=&#34;text-align:center&#34;&gt;&lt;/td&gt;
&lt;td style=&#34;text-align:center&#34;&gt;X&lt;/td&gt;
&lt;td style=&#34;text-align:center&#34;&gt;X&lt;/td&gt;
&lt;td style=&#34;text-align:center&#34;&gt;X&lt;/td&gt;
&lt;td style=&#34;text-align:center&#34;&gt;X&lt;/td&gt;
&lt;td style=&#34;text-align:center&#34;&gt;X&lt;/td&gt;
&lt;td style=&#34;text-align:center&#34;&gt;X&lt;/td&gt;
&lt;td style=&#34;text-align:center&#34;&gt;X&lt;/td&gt;
&lt;/tr&gt;
&lt;tr&gt;
&lt;td style=&#34;text-align:center&#34;&gt;Google System Base&lt;/td&gt;
&lt;td style=&#34;text-align:center&#34;&gt;&lt;/td&gt;
&lt;td style=&#34;text-align:center&#34;&gt;X&lt;/td&gt;
&lt;td style=&#34;text-align:center&#34;&gt;X&lt;/td&gt;
&lt;td style=&#34;text-align:center&#34;&gt;X&lt;/td&gt;
&lt;td style=&#34;text-align:center&#34;&gt;X&lt;/td&gt;
&lt;td style=&#34;text-align:center&#34;&gt;X&lt;/td&gt;
&lt;td style=&#34;text-align:center&#34;&gt;X&lt;/td&gt;
&lt;td style=&#34;text-align:center&#34;&gt;X&lt;/td&gt;
&lt;/tr&gt;
&lt;tr&gt;
&lt;td style=&#34;text-align:center&#34;&gt;Android Auto stub⁵&lt;/td&gt;
&lt;td style=&#34;text-align:center&#34;&gt;&lt;code&gt;GearheadStub&lt;/code&gt;&lt;/td&gt;
&lt;td style=&#34;text-align:center&#34;&gt;X&lt;/td&gt;
&lt;td style=&#34;text-align:center&#34;&gt;X&lt;/td&gt;
&lt;td style=&#34;text-align:center&#34;&gt;X&lt;/td&gt;
&lt;td style=&#34;text-align:center&#34;&gt;X&lt;/td&gt;
&lt;td style=&#34;text-align:center&#34;&gt;X&lt;/td&gt;
&lt;td style=&#34;text-align:center&#34;&gt;X&lt;/td&gt;
&lt;td style=&#34;text-align:center&#34;&gt;X&lt;/td&gt;
&lt;/tr&gt;
&lt;tr&gt;
&lt;td style=&#34;text-align:center&#34;&gt;Google Calendar Sync&lt;/td&gt;
&lt;td style=&#34;text-align:center&#34;&gt;&lt;code&gt;CalSync&lt;/code&gt;&lt;/td&gt;
&lt;td style=&#34;text-align:center&#34;&gt;X&lt;/td&gt;
&lt;td style=&#34;text-align:center&#34;&gt;X&lt;/td&gt;
&lt;td style=&#34;text-align:center&#34;&gt;+&lt;/td&gt;
&lt;td style=&#34;text-align:center&#34;&gt;+&lt;/td&gt;
&lt;td style=&#34;text-align:center&#34;&gt;+&lt;/td&gt;
&lt;td style=&#34;text-align:center&#34;&gt;+&lt;/td&gt;
&lt;td style=&#34;text-align:center&#34;&gt;+&lt;/td&gt;
&lt;/tr&gt;
&lt;tr&gt;
&lt;td style=&#34;text-align:center&#34;&gt;Dialer Framework&lt;/td&gt;
&lt;td style=&#34;text-align:center&#34;&gt;&lt;code&gt;DialerFramework&lt;/code&gt;&lt;/td&gt;
&lt;td style=&#34;text-align:center&#34;&gt;X&lt;/td&gt;
&lt;td style=&#34;text-align:center&#34;&gt;X&lt;/td&gt;
&lt;td style=&#34;text-align:center&#34;&gt;X&lt;/td&gt;
&lt;td style=&#34;text-align:center&#34;&gt;X&lt;/td&gt;
&lt;td style=&#34;text-align:center&#34;&gt;X&lt;/td&gt;
&lt;td style=&#34;text-align:center&#34;&gt;X&lt;/td&gt;
&lt;td style=&#34;text-align:center&#34;&gt;X&lt;/td&gt;
&lt;/tr&gt;
&lt;tr&gt;
&lt;td style=&#34;text-align:center&#34;&gt;Google Text-to-Speech&lt;/td&gt;
&lt;td style=&#34;text-align:center&#34;&gt;&lt;code&gt;GoogleTTS&lt;/code&gt;&lt;/td&gt;
&lt;td style=&#34;text-align:center&#34;&gt;X&lt;/td&gt;
&lt;td style=&#34;text-align:center&#34;&gt;X&lt;/td&gt;
&lt;td style=&#34;text-align:center&#34;&gt;X&lt;/td&gt;
&lt;td style=&#34;text-align:center&#34;&gt;X&lt;/td&gt;
&lt;td style=&#34;text-align:center&#34;&gt;X&lt;/td&gt;
&lt;td style=&#34;text-align:center&#34;&gt;O&lt;/td&gt;
&lt;td style=&#34;text-align:center&#34;&gt;O&lt;/td&gt;
&lt;/tr&gt;
&lt;tr&gt;
&lt;td style=&#34;text-align:center&#34;&gt;Google Package Installer&lt;/td&gt;
&lt;td style=&#34;text-align:center&#34;&gt;&lt;code&gt;PackageInstallerGoogle&lt;/code&gt;&lt;/td&gt;
&lt;td style=&#34;text-align:center&#34;&gt;O&lt;/td&gt;
&lt;td style=&#34;text-align:center&#34;&gt;O&lt;/td&gt;
&lt;td style=&#34;text-align:center&#34;&gt;O&lt;/td&gt;
&lt;td style=&#34;text-align:center&#34;&gt;O&lt;/td&gt;
&lt;td style=&#34;text-align:center&#34;&gt;O&lt;/td&gt;
&lt;td style=&#34;text-align:center&#34;&gt;O&lt;/td&gt;
&lt;td style=&#34;text-align:center&#34;&gt;O&lt;/td&gt;
&lt;/tr&gt;
&lt;tr&gt;
&lt;td style=&#34;text-align:center&#34;&gt;Sounds&lt;/td&gt;
&lt;td style=&#34;text-align:center&#34;&gt;&lt;code&gt;SoundPicker&lt;/code&gt;&lt;/td&gt;
&lt;td style=&#34;text-align:center&#34;&gt;&lt;/td&gt;
&lt;td style=&#34;text-align:center&#34;&gt;X&lt;/td&gt;
&lt;td style=&#34;text-align:center&#34;&gt;X&lt;/td&gt;
&lt;td style=&#34;text-align:center&#34;&gt;X&lt;/td&gt;
&lt;td style=&#34;text-align:center&#34;&gt;X&lt;/td&gt;
&lt;td style=&#34;text-align:center&#34;&gt;X&lt;/td&gt;
&lt;td style=&#34;text-align:center&#34;&gt;X&lt;/td&gt;
&lt;/tr&gt;
&lt;tr&gt;
&lt;td style=&#34;text-align:center&#34;&gt;Device Health Services&lt;/td&gt;
&lt;td style=&#34;text-align:center&#34;&gt;&lt;code&gt;BatteryUsage&lt;/code&gt;&lt;/td&gt;
&lt;td style=&#34;text-align:center&#34;&gt;&lt;/td&gt;
&lt;td style=&#34;text-align:center&#34;&gt;X&lt;/td&gt;
&lt;td style=&#34;text-align:center&#34;&gt;X&lt;/td&gt;
&lt;td style=&#34;text-align:center&#34;&gt;X&lt;/td&gt;
&lt;td style=&#34;text-align:center&#34;&gt;X&lt;/td&gt;
&lt;td style=&#34;text-align:center&#34;&gt;X&lt;/td&gt;
&lt;td style=&#34;text-align:center&#34;&gt;X&lt;/td&gt;
&lt;/tr&gt;
&lt;tr&gt;
&lt;td style=&#34;text-align:center&#34;&gt;Google Markup&lt;/td&gt;
&lt;td style=&#34;text-align:center&#34;&gt;&lt;code&gt;Markup&lt;/code&gt;&lt;/td&gt;
&lt;td style=&#34;text-align:center&#34;&gt;&lt;/td&gt;
&lt;td style=&#34;text-align:center&#34;&gt;X&lt;/td&gt;
&lt;td style=&#34;text-align:center&#34;&gt;X&lt;/td&gt;
&lt;td style=&#34;text-align:center&#34;&gt;X&lt;/td&gt;
&lt;td style=&#34;text-align:center&#34;&gt;X&lt;/td&gt;
&lt;td style=&#34;text-align:center&#34;&gt;X&lt;/td&gt;
&lt;td style=&#34;text-align:center&#34;&gt;X&lt;/td&gt;
&lt;/tr&gt;
&lt;tr&gt;
&lt;td style=&#34;text-align:center&#34;&gt;Google App (Search)&lt;/td&gt;
&lt;td style=&#34;text-align:center&#34;&gt;&lt;code&gt;Search&lt;/code&gt;&lt;/td&gt;
&lt;td style=&#34;text-align:center&#34;&gt;&lt;/td&gt;
&lt;td style=&#34;text-align:center&#34;&gt;X&lt;/td&gt;
&lt;td style=&#34;text-align:center&#34;&gt;X&lt;/td&gt;
&lt;td style=&#34;text-align:center&#34;&gt;X&lt;/td&gt;
&lt;td style=&#34;text-align:center&#34;&gt;X&lt;/td&gt;
&lt;td style=&#34;text-align:center&#34;&gt;X&lt;/td&gt;
&lt;td style=&#34;text-align:center&#34;&gt;X&lt;/td&gt;
&lt;/tr&gt;
&lt;tr&gt;
&lt;td style=&#34;text-align:center&#34;&gt;Offline Speech Files&lt;/td&gt;
&lt;td style=&#34;text-align:center&#34;&gt;&lt;code&gt;Speech&lt;/code&gt;&lt;/td&gt;
&lt;td style=&#34;text-align:center&#34;&gt;&lt;/td&gt;
&lt;td style=&#34;text-align:center&#34;&gt;X&lt;/td&gt;
&lt;td style=&#34;text-align:center&#34;&gt;X&lt;/td&gt;
&lt;td style=&#34;text-align:center&#34;&gt;X&lt;/td&gt;
&lt;td style=&#34;text-align:center&#34;&gt;X&lt;/td&gt;
&lt;td style=&#34;text-align:center&#34;&gt;X&lt;/td&gt;
&lt;td style=&#34;text-align:center&#34;&gt;X&lt;/td&gt;
&lt;/tr&gt;
&lt;tr&gt;
&lt;td style=&#34;text-align:center&#34;&gt;Google Digital Wellbeing&lt;/td&gt;
&lt;td style=&#34;text-align:center&#34;&gt;&lt;code&gt;Wellbeing&lt;/code&gt;&lt;/td&gt;
&lt;td style=&#34;text-align:center&#34;&gt;&lt;/td&gt;
&lt;td style=&#34;text-align:center&#34;&gt;X&lt;/td&gt;
&lt;td style=&#34;text-align:center&#34;&gt;X&lt;/td&gt;
&lt;td style=&#34;text-align:center&#34;&gt;X&lt;/td&gt;
&lt;td style=&#34;text-align:center&#34;&gt;X&lt;/td&gt;
&lt;td style=&#34;text-align:center&#34;&gt;X&lt;/td&gt;
&lt;td style=&#34;text-align:center&#34;&gt;X&lt;/td&gt;
&lt;/tr&gt;
&lt;tr&gt;
&lt;td style=&#34;text-align:center&#34;&gt;Actions Services²&lt;/td&gt;
&lt;td style=&#34;text-align:center&#34;&gt;&lt;code&gt;ActionsServices&lt;/code&gt;&lt;/td&gt;
&lt;td style=&#34;text-align:center&#34;&gt;&lt;/td&gt;
&lt;td style=&#34;text-align:center&#34;&gt;&lt;/td&gt;
&lt;td style=&#34;text-align:center&#34;&gt;X&lt;/td&gt;
&lt;td style=&#34;text-align:center&#34;&gt;X&lt;/td&gt;
&lt;td style=&#34;text-align:center&#34;&gt;X&lt;/td&gt;
&lt;td style=&#34;text-align:center&#34;&gt;X&lt;/td&gt;
&lt;td style=&#34;text-align:center&#34;&gt;X&lt;/td&gt;
&lt;/tr&gt;
&lt;tr&gt;
&lt;td style=&#34;text-align:center&#34;&gt;Google Calendar¹&lt;/td&gt;
&lt;td style=&#34;text-align:center&#34;&gt;&lt;code&gt;CalendarGoogle&lt;/code&gt;&lt;/td&gt;
&lt;td style=&#34;text-align:center&#34;&gt;&lt;/td&gt;
&lt;td style=&#34;text-align:center&#34;&gt;&lt;/td&gt;
&lt;td style=&#34;text-align:center&#34;&gt;O&lt;/td&gt;
&lt;td style=&#34;text-align:center&#34;&gt;O&lt;/td&gt;
&lt;td style=&#34;text-align:center&#34;&gt;O&lt;/td&gt;
&lt;td style=&#34;text-align:center&#34;&gt;O&lt;/td&gt;
&lt;td style=&#34;text-align:center&#34;&gt;O&lt;/td&gt;
&lt;/tr&gt;
&lt;tr&gt;
&lt;td style=&#34;text-align:center&#34;&gt;Google Exchange Services¹&lt;/td&gt;
&lt;td style=&#34;text-align:center&#34;&gt;&lt;code&gt;ExchangeGoogle&lt;/code&gt;&lt;/td&gt;
&lt;td style=&#34;text-align:center&#34;&gt;&lt;/td&gt;
&lt;td style=&#34;text-align:center&#34;&gt;&lt;/td&gt;
&lt;td style=&#34;text-align:center&#34;&gt;O&lt;/td&gt;
&lt;td style=&#34;text-align:center&#34;&gt;O&lt;/td&gt;
&lt;td style=&#34;text-align:center&#34;&gt;O&lt;/td&gt;
&lt;td style=&#34;text-align:center&#34;&gt;O&lt;/td&gt;
&lt;td style=&#34;text-align:center&#34;&gt;O&lt;/td&gt;
&lt;/tr&gt;
&lt;tr&gt;
&lt;td style=&#34;text-align:center&#34;&gt;Gmail&lt;/td&gt;
&lt;td style=&#34;text-align:center&#34;&gt;&lt;code&gt;Gmail&lt;/code&gt;&lt;/td&gt;
&lt;td style=&#34;text-align:center&#34;&gt;&lt;/td&gt;
&lt;td style=&#34;text-align:center&#34;&gt;&lt;/td&gt;
&lt;td style=&#34;text-align:center&#34;&gt;X&lt;/td&gt;
&lt;td style=&#34;text-align:center&#34;&gt;X&lt;/td&gt;
&lt;td style=&#34;text-align:center&#34;&gt;X&lt;/td&gt;
&lt;td style=&#34;text-align:center&#34;&gt;O&lt;/td&gt;
&lt;td style=&#34;text-align:center&#34;&gt;O&lt;/td&gt;
&lt;/tr&gt;
&lt;tr&gt;
&lt;td style=&#34;text-align:center&#34;&gt;Google Now Launcher²&lt;/td&gt;
&lt;td style=&#34;text-align:center&#34;&gt;&lt;code&gt;GoogleNow&lt;/code&gt;&lt;/td&gt;
&lt;td style=&#34;text-align:center&#34;&gt;&lt;/td&gt;
&lt;td style=&#34;text-align:center&#34;&gt;&lt;/td&gt;
&lt;td style=&#34;text-align:center&#34;&gt;4.4&lt;/td&gt;
&lt;td style=&#34;text-align:center&#34;&gt;4.4&lt;/td&gt;
&lt;td style=&#34;text-align:center&#34;&gt;4.4&lt;/td&gt;
&lt;td style=&#34;text-align:center&#34;&gt;4.4&lt;/td&gt;
&lt;td style=&#34;text-align:center&#34;&gt;4.4&lt;/td&gt;
&lt;/tr&gt;
&lt;tr&gt;
&lt;td style=&#34;text-align:center&#34;&gt;Pixel Icons&lt;/td&gt;
&lt;td style=&#34;text-align:center&#34;&gt;&lt;code&gt;PixelIcons&lt;/code&gt;&lt;/td&gt;
&lt;td style=&#34;text-align:center&#34;&gt;&lt;/td&gt;
&lt;td style=&#34;text-align:center&#34;&gt;&lt;/td&gt;
&lt;td style=&#34;text-align:center&#34;&gt;7.1&lt;/td&gt;
&lt;td style=&#34;text-align:center&#34;&gt;7.1&lt;/td&gt;
&lt;td style=&#34;text-align:center&#34;&gt;7.1&lt;/td&gt;
&lt;td style=&#34;text-align:center&#34;&gt;7.1&lt;/td&gt;
&lt;td style=&#34;text-align:center&#34;&gt;7.1&lt;/td&gt;
&lt;/tr&gt;
&lt;tr&gt;
&lt;td style=&#34;text-align:center&#34;&gt;Pixel Launcher²&lt;/td&gt;
&lt;td style=&#34;text-align:center&#34;&gt;&lt;code&gt;PixelLauncher&lt;/code&gt;&lt;/td&gt;
&lt;td style=&#34;text-align:center&#34;&gt;&lt;/td&gt;
&lt;td style=&#34;text-align:center&#34;&gt;&lt;/td&gt;
&lt;td style=&#34;text-align:center&#34;&gt;O&lt;/td&gt;
&lt;td style=&#34;text-align:center&#34;&gt;O&lt;/td&gt;
&lt;td style=&#34;text-align:center&#34;&gt;O&lt;/td&gt;
&lt;td style=&#34;text-align:center&#34;&gt;O&lt;/td&gt;
&lt;td style=&#34;text-align:center&#34;&gt;O&lt;/td&gt;
&lt;/tr&gt;
&lt;tr&gt;
&lt;td style=&#34;text-align:center&#34;&gt;Google Wallpapers&lt;/td&gt;
&lt;td style=&#34;text-align:center&#34;&gt;&lt;code&gt;Wallpapers&lt;/code&gt;&lt;/td&gt;
&lt;td style=&#34;text-align:center&#34;&gt;&lt;/td&gt;
&lt;td style=&#34;text-align:center&#34;&gt;&lt;/td&gt;
&lt;td style=&#34;text-align:center&#34;&gt;O&lt;/td&gt;
&lt;td style=&#34;text-align:center&#34;&gt;O&lt;/td&gt;
&lt;td style=&#34;text-align:center&#34;&gt;O&lt;/td&gt;
&lt;td style=&#34;text-align:center&#34;&gt;O&lt;/td&gt;
&lt;td style=&#34;text-align:center&#34;&gt;O&lt;/td&gt;
&lt;/tr&gt;
&lt;tr&gt;
&lt;td style=&#34;text-align:center&#34;&gt;Google Calculator¹&lt;/td&gt;
&lt;td style=&#34;text-align:center&#34;&gt;&lt;code&gt;CalculatorGoogle&lt;/code&gt;&lt;/td&gt;
&lt;td style=&#34;text-align:center&#34;&gt;&lt;/td&gt;
&lt;td style=&#34;text-align:center&#34;&gt;&lt;/td&gt;
&lt;td style=&#34;text-align:center&#34;&gt;&lt;/td&gt;
&lt;td style=&#34;text-align:center&#34;&gt;O&lt;/td&gt;
&lt;td style=&#34;text-align:center&#34;&gt;O&lt;/td&gt;
&lt;td style=&#34;text-align:center&#34;&gt;O&lt;/td&gt;
&lt;td style=&#34;text-align:center&#34;&gt;O&lt;/td&gt;
&lt;/tr&gt;
&lt;tr&gt;
&lt;td style=&#34;text-align:center&#34;&gt;Carrier Services&lt;/td&gt;
&lt;td style=&#34;text-align:center&#34;&gt;&lt;code&gt;CarrierServices&lt;/code&gt;&lt;/td&gt;
&lt;td style=&#34;text-align:center&#34;&gt;&lt;/td&gt;
&lt;td style=&#34;text-align:center&#34;&gt;&lt;/td&gt;
&lt;td style=&#34;text-align:center&#34;&gt;&lt;/td&gt;
&lt;td style=&#34;text-align:center&#34;&gt;X&lt;/td&gt;
&lt;td style=&#34;text-align:center&#34;&gt;X&lt;/td&gt;
&lt;td style=&#34;text-align:center&#34;&gt;X&lt;/td&gt;
&lt;td style=&#34;text-align:center&#34;&gt;X&lt;/td&gt;
&lt;/tr&gt;
&lt;tr&gt;
&lt;td style=&#34;text-align:center&#34;&gt;Google Clock¹&lt;/td&gt;
&lt;td style=&#34;text-align:center&#34;&gt;&lt;code&gt;ClockGoogle&lt;/code&gt;&lt;/td&gt;
&lt;td style=&#34;text-align:center&#34;&gt;&lt;/td&gt;
&lt;td style=&#34;text-align:center&#34;&gt;&lt;/td&gt;
&lt;td style=&#34;text-align:center&#34;&gt;&lt;/td&gt;
&lt;td style=&#34;text-align:center&#34;&gt;O&lt;/td&gt;
&lt;td style=&#34;text-align:center&#34;&gt;O&lt;/td&gt;
&lt;td style=&#34;text-align:center&#34;&gt;O&lt;/td&gt;
&lt;td style=&#34;text-align:center&#34;&gt;O&lt;/td&gt;
&lt;/tr&gt;
&lt;tr&gt;
&lt;td style=&#34;text-align:center&#34;&gt;Google Maps&lt;/td&gt;
&lt;td style=&#34;text-align:center&#34;&gt;&lt;code&gt;Maps&lt;/code&gt;&lt;/td&gt;
&lt;td style=&#34;text-align:center&#34;&gt;&lt;/td&gt;
&lt;td style=&#34;text-align:center&#34;&gt;&lt;/td&gt;
&lt;td style=&#34;text-align:center&#34;&gt;&lt;/td&gt;
&lt;td style=&#34;text-align:center&#34;&gt;X&lt;/td&gt;
&lt;td style=&#34;text-align:center&#34;&gt;X&lt;/td&gt;
&lt;td style=&#34;text-align:center&#34;&gt;X&lt;/td&gt;
&lt;td style=&#34;text-align:center&#34;&gt;X&lt;/td&gt;
&lt;/tr&gt;
&lt;tr&gt;
&lt;td style=&#34;text-align:center&#34;&gt;Google Messages¹&lt;/td&gt;
&lt;td style=&#34;text-align:center&#34;&gt;&lt;code&gt;Messenger&lt;/code&gt;&lt;/td&gt;
&lt;td style=&#34;text-align:center&#34;&gt;&lt;/td&gt;
&lt;td style=&#34;text-align:center&#34;&gt;&lt;/td&gt;
&lt;td style=&#34;text-align:center&#34;&gt;&lt;/td&gt;
&lt;td style=&#34;text-align:center&#34;&gt;O&lt;/td&gt;
&lt;td style=&#34;text-align:center&#34;&gt;O&lt;/td&gt;
&lt;td style=&#34;text-align:center&#34;&gt;O&lt;/td&gt;
&lt;td style=&#34;text-align:center&#34;&gt;O&lt;/td&gt;
&lt;/tr&gt;
&lt;tr&gt;
&lt;td style=&#34;text-align:center&#34;&gt;Google Photos&lt;/td&gt;
&lt;td style=&#34;text-align:center&#34;&gt;&lt;code&gt;Photos&lt;/code&gt;&lt;/td&gt;
&lt;td style=&#34;text-align:center&#34;&gt;&lt;/td&gt;
&lt;td style=&#34;text-align:center&#34;&gt;&lt;/td&gt;
&lt;td style=&#34;text-align:center&#34;&gt;&lt;/td&gt;
&lt;td style=&#34;text-align:center&#34;&gt;X&lt;/td&gt;
&lt;td style=&#34;text-align:center&#34;&gt;X&lt;/td&gt;
&lt;td style=&#34;text-align:center&#34;&gt;O&lt;/td&gt;
&lt;td style=&#34;text-align:center&#34;&gt;O&lt;/td&gt;
&lt;/tr&gt;
&lt;tr&gt;
&lt;td style=&#34;text-align:center&#34;&gt;Google Tags¹&lt;/td&gt;
&lt;td style=&#34;text-align:center&#34;&gt;&lt;code&gt;TagGoogle&lt;/code&gt;&lt;/td&gt;
&lt;td style=&#34;text-align:center&#34;&gt;&lt;/td&gt;
&lt;td style=&#34;text-align:center&#34;&gt;&lt;/td&gt;
&lt;td style=&#34;text-align:center&#34;&gt;&lt;/td&gt;
&lt;td style=&#34;text-align:center&#34;&gt;O&lt;/td&gt;
&lt;td style=&#34;text-align:center&#34;&gt;O&lt;/td&gt;
&lt;td style=&#34;text-align:center&#34;&gt;O&lt;/td&gt;
&lt;td style=&#34;text-align:center&#34;&gt;O&lt;/td&gt;
&lt;/tr&gt;
&lt;tr&gt;
&lt;td style=&#34;text-align:center&#34;&gt;YouTube&lt;/td&gt;
&lt;td style=&#34;text-align:center&#34;&gt;&lt;code&gt;YouTube&lt;/code&gt;&lt;/td&gt;
&lt;td style=&#34;text-align:center&#34;&gt;&lt;/td&gt;
&lt;td style=&#34;text-align:center&#34;&gt;&lt;/td&gt;
&lt;td style=&#34;text-align:center&#34;&gt;&lt;/td&gt;
&lt;td style=&#34;text-align:center&#34;&gt;X&lt;/td&gt;
&lt;td style=&#34;text-align:center&#34;&gt;X&lt;/td&gt;
&lt;td style=&#34;text-align:center&#34;&gt;X&lt;/td&gt;
&lt;td style=&#34;text-align:center&#34;&gt;X&lt;/td&gt;
&lt;/tr&gt;
&lt;tr&gt;
&lt;td style=&#34;text-align:center&#34;&gt;Google Play Books&lt;/td&gt;
&lt;td style=&#34;text-align:center&#34;&gt;&lt;code&gt;Books&lt;/code&gt;&lt;/td&gt;
&lt;td style=&#34;text-align:center&#34;&gt;&lt;/td&gt;
&lt;td style=&#34;text-align:center&#34;&gt;&lt;/td&gt;
&lt;td style=&#34;text-align:center&#34;&gt;&lt;/td&gt;
&lt;td style=&#34;text-align:center&#34;&gt;&lt;/td&gt;
&lt;td style=&#34;text-align:center&#34;&gt;X&lt;/td&gt;
&lt;td style=&#34;text-align:center&#34;&gt;X&lt;/td&gt;
&lt;td style=&#34;text-align:center&#34;&gt;X&lt;/td&gt;
&lt;/tr&gt;
&lt;tr&gt;
&lt;td style=&#34;text-align:center&#34;&gt;Google Chrome⁴&lt;/td&gt;
&lt;td style=&#34;text-align:center&#34;&gt;&lt;code&gt;Chrome&lt;/code&gt;&lt;/td&gt;
&lt;td style=&#34;text-align:center&#34;&gt;&lt;/td&gt;
&lt;td style=&#34;text-align:center&#34;&gt;&lt;/td&gt;
&lt;td style=&#34;text-align:center&#34;&gt;&lt;/td&gt;
&lt;td style=&#34;text-align:center&#34;&gt;&lt;/td&gt;
&lt;td style=&#34;text-align:center&#34;&gt;X&lt;/td&gt;
&lt;td style=&#34;text-align:center&#34;&gt;O&lt;/td&gt;
&lt;td style=&#34;text-align:center&#34;&gt;O&lt;/td&gt;
&lt;/tr&gt;
&lt;tr&gt;
&lt;td style=&#34;text-align:center&#34;&gt;Cloud Print&lt;/td&gt;
&lt;td style=&#34;text-align:center&#34;&gt;&lt;code&gt;CloudPrint&lt;/code&gt;&lt;/td&gt;
&lt;td style=&#34;text-align:center&#34;&gt;&lt;/td&gt;
&lt;td style=&#34;text-align:center&#34;&gt;&lt;/td&gt;
&lt;td style=&#34;text-align:center&#34;&gt;&lt;/td&gt;
&lt;td style=&#34;text-align:center&#34;&gt;&lt;/td&gt;
&lt;td style=&#34;text-align:center&#34;&gt;X&lt;/td&gt;
&lt;td style=&#34;text-align:center&#34;&gt;X&lt;/td&gt;
&lt;td style=&#34;text-align:center&#34;&gt;X&lt;/td&gt;
&lt;/tr&gt;
&lt;tr&gt;
&lt;td style=&#34;text-align:center&#34;&gt;Google Drive&lt;/td&gt;
&lt;td style=&#34;text-align:center&#34;&gt;&lt;code&gt;Drive&lt;/code&gt;&lt;/td&gt;
&lt;td style=&#34;text-align:center&#34;&gt;&lt;/td&gt;
&lt;td style=&#34;text-align:center&#34;&gt;&lt;/td&gt;
&lt;td style=&#34;text-align:center&#34;&gt;&lt;/td&gt;
&lt;td style=&#34;text-align:center&#34;&gt;&lt;/td&gt;
&lt;td style=&#34;text-align:center&#34;&gt;X&lt;/td&gt;
&lt;td style=&#34;text-align:center&#34;&gt;X&lt;/td&gt;
&lt;td style=&#34;text-align:center&#34;&gt;X&lt;/td&gt;
&lt;/tr&gt;
&lt;tr&gt;
&lt;td style=&#34;text-align:center&#34;&gt;Google Keep Notes&lt;/td&gt;
&lt;td style=&#34;text-align:center&#34;&gt;&lt;code&gt;Keep&lt;/code&gt;&lt;/td&gt;
&lt;td style=&#34;text-align:center&#34;&gt;&lt;/td&gt;
&lt;td style=&#34;text-align:center&#34;&gt;&lt;/td&gt;
&lt;td style=&#34;text-align:center&#34;&gt;&lt;/td&gt;
&lt;td style=&#34;text-align:center&#34;&gt;&lt;/td&gt;
&lt;td style=&#34;text-align:center&#34;&gt;X&lt;/td&gt;
&lt;td style=&#34;text-align:center&#34;&gt;X&lt;/td&gt;
&lt;td style=&#34;text-align:center&#34;&gt;X&lt;/td&gt;
&lt;/tr&gt;
&lt;tr&gt;
&lt;td style=&#34;text-align:center&#34;&gt;Google Play Movies &amp;amp; TV&lt;/td&gt;
&lt;td style=&#34;text-align:center&#34;&gt;&lt;code&gt;Movies&lt;/code&gt;&lt;/td&gt;
&lt;td style=&#34;text-align:center&#34;&gt;&lt;/td&gt;
&lt;td style=&#34;text-align:center&#34;&gt;&lt;/td&gt;
&lt;td style=&#34;text-align:center&#34;&gt;&lt;/td&gt;
&lt;td style=&#34;text-align:center&#34;&gt;&lt;/td&gt;
&lt;td style=&#34;text-align:center&#34;&gt;X&lt;/td&gt;
&lt;td style=&#34;text-align:center&#34;&gt;X&lt;/td&gt;
&lt;td style=&#34;text-align:center&#34;&gt;X&lt;/td&gt;
&lt;/tr&gt;
&lt;tr&gt;
&lt;td style=&#34;text-align:center&#34;&gt;Google Play Music&lt;/td&gt;
&lt;td style=&#34;text-align:center&#34;&gt;&lt;code&gt;Music&lt;/code&gt;&lt;/td&gt;
&lt;td style=&#34;text-align:center&#34;&gt;&lt;/td&gt;
&lt;td style=&#34;text-align:center&#34;&gt;&lt;/td&gt;
&lt;td style=&#34;text-align:center&#34;&gt;&lt;/td&gt;
&lt;td style=&#34;text-align:center&#34;&gt;&lt;/td&gt;
&lt;td style=&#34;text-align:center&#34;&gt;X&lt;/td&gt;
&lt;td style=&#34;text-align:center&#34;&gt;X&lt;/td&gt;
&lt;td style=&#34;text-align:center&#34;&gt;X&lt;/td&gt;
&lt;/tr&gt;
&lt;tr&gt;
&lt;td style=&#34;text-align:center&#34;&gt;Google News&lt;/td&gt;
&lt;td style=&#34;text-align:center&#34;&gt;&lt;code&gt;Newsstand&lt;/code&gt;&lt;/td&gt;
&lt;td style=&#34;text-align:center&#34;&gt;&lt;/td&gt;
&lt;td style=&#34;text-align:center&#34;&gt;&lt;/td&gt;
&lt;td style=&#34;text-align:center&#34;&gt;&lt;/td&gt;
&lt;td style=&#34;text-align:center&#34;&gt;&lt;/td&gt;
&lt;td style=&#34;text-align:center&#34;&gt;X&lt;/td&gt;
&lt;td style=&#34;text-align:center&#34;&gt;X&lt;/td&gt;
&lt;td style=&#34;text-align:center&#34;&gt;X&lt;/td&gt;
&lt;/tr&gt;
&lt;tr&gt;
&lt;td style=&#34;text-align:center&#34;&gt;Google Play Games&lt;/td&gt;
&lt;td style=&#34;text-align:center&#34;&gt;&lt;code&gt;PlayGames&lt;/code&gt;&lt;/td&gt;
&lt;td style=&#34;text-align:center&#34;&gt;&lt;/td&gt;
&lt;td style=&#34;text-align:center&#34;&gt;&lt;/td&gt;
&lt;td style=&#34;text-align:center&#34;&gt;&lt;/td&gt;
&lt;td style=&#34;text-align:center&#34;&gt;&lt;/td&gt;
&lt;td style=&#34;text-align:center&#34;&gt;X&lt;/td&gt;
&lt;td style=&#34;text-align:center&#34;&gt;X&lt;/td&gt;
&lt;td style=&#34;text-align:center&#34;&gt;X&lt;/td&gt;
&lt;/tr&gt;
&lt;tr&gt;
&lt;td style=&#34;text-align:center&#34;&gt;Google Accessibility Suite&lt;/td&gt;
&lt;td style=&#34;text-align:center&#34;&gt;&lt;code&gt;TalkBack&lt;/code&gt;&lt;/td&gt;
&lt;td style=&#34;text-align:center&#34;&gt;&lt;/td&gt;
&lt;td style=&#34;text-align:center&#34;&gt;&lt;/td&gt;
&lt;td style=&#34;text-align:center&#34;&gt;&lt;/td&gt;
&lt;td style=&#34;text-align:center&#34;&gt;&lt;/td&gt;
&lt;td style=&#34;text-align:center&#34;&gt;X&lt;/td&gt;
&lt;td style=&#34;text-align:center&#34;&gt;X&lt;/td&gt;
&lt;td style=&#34;text-align:center&#34;&gt;X&lt;/td&gt;
&lt;/tr&gt;
&lt;tr&gt;
&lt;td style=&#34;text-align:center&#34;&gt;Google Recorder&lt;/td&gt;
&lt;td style=&#34;text-align:center&#34;&gt;&lt;code&gt;Recorder&lt;/code&gt;&lt;/td&gt;
&lt;td style=&#34;text-align:center&#34;&gt;&lt;/td&gt;
&lt;td style=&#34;text-align:center&#34;&gt;&lt;/td&gt;
&lt;td style=&#34;text-align:center&#34;&gt;&lt;/td&gt;
&lt;td style=&#34;text-align:center&#34;&gt;&lt;/td&gt;
&lt;td style=&#34;text-align:center&#34;&gt;X&lt;/td&gt;
&lt;td style=&#34;text-align:center&#34;&gt;X&lt;/td&gt;
&lt;td style=&#34;text-align:center&#34;&gt;X&lt;/td&gt;
&lt;/tr&gt;
&lt;tr&gt;
&lt;td style=&#34;text-align:center&#34;&gt;Android Auto&lt;/td&gt;
&lt;td style=&#34;text-align:center&#34;&gt;&lt;code&gt;AndroidAuto&lt;/code&gt;&lt;/td&gt;
&lt;td style=&#34;text-align:center&#34;&gt;&lt;/td&gt;
&lt;td style=&#34;text-align:center&#34;&gt;&lt;/td&gt;
&lt;td style=&#34;text-align:center&#34;&gt;&lt;/td&gt;
&lt;td style=&#34;text-align:center&#34;&gt;&lt;/td&gt;
&lt;td style=&#34;text-align:center&#34;&gt;&lt;/td&gt;
&lt;td style=&#34;text-align:center&#34;&gt;X&lt;/td&gt;
&lt;td style=&#34;text-align:center&#34;&gt;X&lt;/td&gt;
&lt;/tr&gt;
&lt;tr&gt;
&lt;td style=&#34;text-align:center&#34;&gt;Google Camera¹&lt;/td&gt;
&lt;td style=&#34;text-align:center&#34;&gt;&lt;code&gt;CameraGoogle&lt;/code&gt;&lt;/td&gt;
&lt;td style=&#34;text-align:center&#34;&gt;&lt;/td&gt;
&lt;td style=&#34;text-align:center&#34;&gt;&lt;/td&gt;
&lt;td style=&#34;text-align:center&#34;&gt;&lt;/td&gt;
&lt;td style=&#34;text-align:center&#34;&gt;&lt;/td&gt;
&lt;td style=&#34;text-align:center&#34;&gt;&lt;/td&gt;
&lt;td style=&#34;text-align:center&#34;&gt;O&lt;/td&gt;
&lt;td style=&#34;text-align:center&#34;&gt;O&lt;/td&gt;
&lt;/tr&gt;
&lt;tr&gt;
&lt;td style=&#34;text-align:center&#34;&gt;Google Contacts¹&lt;/td&gt;
&lt;td style=&#34;text-align:center&#34;&gt;&lt;code&gt;ContactsGoogle&lt;/code&gt;&lt;/td&gt;
&lt;td style=&#34;text-align:center&#34;&gt;&lt;/td&gt;
&lt;td style=&#34;text-align:center&#34;&gt;&lt;/td&gt;
&lt;td style=&#34;text-align:center&#34;&gt;&lt;/td&gt;
&lt;td style=&#34;text-align:center&#34;&gt;&lt;/td&gt;
&lt;td style=&#34;text-align:center&#34;&gt;&lt;/td&gt;
&lt;td style=&#34;text-align:center&#34;&gt;O&lt;/td&gt;
&lt;td style=&#34;text-align:center&#34;&gt;O&lt;/td&gt;
&lt;/tr&gt;
&lt;tr&gt;
&lt;td style=&#34;text-align:center&#34;&gt;Google Phone²&lt;/td&gt;
&lt;td style=&#34;text-align:center&#34;&gt;&lt;code&gt;DialerGoogle&lt;/code&gt;&lt;/td&gt;
&lt;td style=&#34;text-align:center&#34;&gt;&lt;/td&gt;
&lt;td style=&#34;text-align:center&#34;&gt;&lt;/td&gt;
&lt;td style=&#34;text-align:center&#34;&gt;&lt;/td&gt;
&lt;td style=&#34;text-align:center&#34;&gt;&lt;/td&gt;
&lt;td style=&#34;text-align:center&#34;&gt;&lt;/td&gt;
&lt;td style=&#34;text-align:center&#34;&gt;X&lt;/td&gt;
&lt;td style=&#34;text-align:center&#34;&gt;X&lt;/td&gt;
&lt;/tr&gt;
&lt;tr&gt;
&lt;td style=&#34;text-align:center&#34;&gt;Google Duo&lt;/td&gt;
&lt;td style=&#34;text-align:center&#34;&gt;&lt;code&gt;Duo&lt;/code&gt;&lt;/td&gt;
&lt;td style=&#34;text-align:center&#34;&gt;&lt;/td&gt;
&lt;td style=&#34;text-align:center&#34;&gt;&lt;/td&gt;
&lt;td style=&#34;text-align:center&#34;&gt;&lt;/td&gt;
&lt;td style=&#34;text-align:center&#34;&gt;&lt;/td&gt;
&lt;td style=&#34;text-align:center&#34;&gt;&lt;/td&gt;
&lt;td style=&#34;text-align:center&#34;&gt;X&lt;/td&gt;
&lt;td style=&#34;text-align:center&#34;&gt;X&lt;/td&gt;
&lt;/tr&gt;
&lt;tr&gt;
&lt;td style=&#34;text-align:center&#34;&gt;Google Pay&lt;/td&gt;
&lt;td style=&#34;text-align:center&#34;&gt;&lt;code&gt;GooglePay&lt;/code&gt;&lt;/td&gt;
&lt;td style=&#34;text-align:center&#34;&gt;&lt;/td&gt;
&lt;td style=&#34;text-align:center&#34;&gt;&lt;/td&gt;
&lt;td style=&#34;text-align:center&#34;&gt;&lt;/td&gt;
&lt;td style=&#34;text-align:center&#34;&gt;&lt;/td&gt;
&lt;td style=&#34;text-align:center&#34;&gt;&lt;/td&gt;
&lt;td style=&#34;text-align:center&#34;&gt;X&lt;/td&gt;
&lt;td style=&#34;text-align:center&#34;&gt;X&lt;/td&gt;
&lt;/tr&gt;
&lt;tr&gt;
&lt;td style=&#34;text-align:center&#34;&gt;Google Keyboard¹&lt;/td&gt;
&lt;td style=&#34;text-align:center&#34;&gt;&lt;code&gt;KeyboardGoogle&lt;/code&gt;&lt;/td&gt;
&lt;td style=&#34;text-align:center&#34;&gt;&lt;/td&gt;
&lt;td style=&#34;text-align:center&#34;&gt;&lt;/td&gt;
&lt;td style=&#34;text-align:center&#34;&gt;&lt;/td&gt;
&lt;td style=&#34;text-align:center&#34;&gt;&lt;/td&gt;
&lt;td style=&#34;text-align:center&#34;&gt;&lt;/td&gt;
&lt;td style=&#34;text-align:center&#34;&gt;O&lt;/td&gt;
&lt;td style=&#34;text-align:center&#34;&gt;O&lt;/td&gt;
&lt;/tr&gt;
&lt;tr&gt;
&lt;td style=&#34;text-align:center&#34;&gt;Google Print Recommendation Service&lt;/td&gt;
&lt;td style=&#34;text-align:center&#34;&gt;&lt;code&gt;PrintServiceGoogle&lt;/code&gt;&lt;/td&gt;
&lt;td style=&#34;text-align:center&#34;&gt;&lt;/td&gt;
&lt;td style=&#34;text-align:center&#34;&gt;&lt;/td&gt;
&lt;td style=&#34;text-align:center&#34;&gt;&lt;/td&gt;
&lt;td style=&#34;text-align:center&#34;&gt;&lt;/td&gt;
&lt;td style=&#34;text-align:center&#34;&gt;&lt;/td&gt;
&lt;td style=&#34;text-align:center&#34;&gt;O&lt;/td&gt;
&lt;td style=&#34;text-align:center&#34;&gt;O&lt;/td&gt;
&lt;/tr&gt;
&lt;tr&gt;
&lt;td style=&#34;text-align:center&#34;&gt;Google Smart Storage&lt;/td&gt;
&lt;td style=&#34;text-align:center&#34;&gt;&lt;code&gt;StorageManagerGoogle&lt;/code&gt;&lt;/td&gt;
&lt;td style=&#34;text-align:center&#34;&gt;&lt;/td&gt;
&lt;td style=&#34;text-align:center&#34;&gt;&lt;/td&gt;
&lt;td style=&#34;text-align:center&#34;&gt;&lt;/td&gt;
&lt;td style=&#34;text-align:center&#34;&gt;&lt;/td&gt;
&lt;td style=&#34;text-align:center&#34;&gt;&lt;/td&gt;
&lt;td style=&#34;text-align:center&#34;&gt;O&lt;/td&gt;
&lt;td style=&#34;text-align:center&#34;&gt;O&lt;/td&gt;
&lt;/tr&gt;
&lt;tr&gt;
&lt;td style=&#34;text-align:center&#34;&gt;Google Translate&lt;/td&gt;
&lt;td style=&#34;text-align:center&#34;&gt;&lt;code&gt;Translate&lt;/code&gt;&lt;/td&gt;
&lt;td style=&#34;text-align:center&#34;&gt;&lt;/td&gt;
&lt;td style=&#34;text-align:center&#34;&gt;&lt;/td&gt;
&lt;td style=&#34;text-align:center&#34;&gt;&lt;/td&gt;
&lt;td style=&#34;text-align:center&#34;&gt;&lt;/td&gt;
&lt;td style=&#34;text-align:center&#34;&gt;&lt;/td&gt;
&lt;td style=&#34;text-align:center&#34;&gt;X&lt;/td&gt;
&lt;td style=&#34;text-align:center&#34;&gt;X&lt;/td&gt;
&lt;/tr&gt;
&lt;tr&gt;
&lt;td style=&#34;text-align:center&#34;&gt;Google VR Services&lt;/td&gt;
&lt;td style=&#34;text-align:center&#34;&gt;&lt;code&gt;VRService&lt;/code&gt;&lt;/td&gt;
&lt;td style=&#34;text-align:center&#34;&gt;&lt;/td&gt;
&lt;td style=&#34;text-align:center&#34;&gt;&lt;/td&gt;
&lt;td style=&#34;text-align:center&#34;&gt;&lt;/td&gt;
&lt;td style=&#34;text-align:center&#34;&gt;&lt;/td&gt;
&lt;td style=&#34;text-align:center&#34;&gt;&lt;/td&gt;
&lt;td style=&#34;text-align:center&#34;&gt;X&lt;/td&gt;
&lt;td style=&#34;text-align:center&#34;&gt;X&lt;/td&gt;
&lt;/tr&gt;
&lt;tr&gt;
&lt;td style=&#34;text-align:center&#34;&gt;Android System Webview¹⁴&lt;/td&gt;
&lt;td style=&#34;text-align:center&#34;&gt;&lt;code&gt;WebViewGoogle&lt;/code&gt; &lt;code&gt;WebViewStub&lt;/code&gt;³&lt;/td&gt;
&lt;td style=&#34;text-align:center&#34;&gt;&lt;/td&gt;
&lt;td style=&#34;text-align:center&#34;&gt;&lt;/td&gt;
&lt;td style=&#34;text-align:center&#34;&gt;&lt;/td&gt;
&lt;td style=&#34;text-align:center&#34;&gt;&lt;/td&gt;
&lt;td style=&#34;text-align:center&#34;&gt;&lt;/td&gt;
&lt;td style=&#34;text-align:center&#34;&gt;O&lt;/td&gt;
&lt;td style=&#34;text-align:center&#34;&gt;O&lt;/td&gt;
&lt;/tr&gt;
&lt;tr&gt;
&lt;td style=&#34;text-align:center&#34;&gt;Better Together&lt;/td&gt;
&lt;td style=&#34;text-align:center&#34;&gt;&lt;code&gt;BetterTogether&lt;/code&gt;&lt;/td&gt;
&lt;td style=&#34;text-align:center&#34;&gt;&lt;/td&gt;
&lt;td style=&#34;text-align:center&#34;&gt;&lt;/td&gt;
&lt;td style=&#34;text-align:center&#34;&gt;&lt;/td&gt;
&lt;td style=&#34;text-align:center&#34;&gt;&lt;/td&gt;
&lt;td style=&#34;text-align:center&#34;&gt;&lt;/td&gt;
&lt;td style=&#34;text-align:center&#34;&gt;&lt;/td&gt;
&lt;td style=&#34;text-align:center&#34;&gt;X&lt;/td&gt;
&lt;/tr&gt;
&lt;tr&gt;
&lt;td style=&#34;text-align:center&#34;&gt;Google Apps Device Policy&lt;/td&gt;
&lt;td style=&#34;text-align:center&#34;&gt;&lt;code&gt;DMAgent&lt;/code&gt;&lt;/td&gt;
&lt;td style=&#34;text-align:center&#34;&gt;&lt;/td&gt;
&lt;td style=&#34;text-align:center&#34;&gt;&lt;/td&gt;
&lt;td style=&#34;text-align:center&#34;&gt;&lt;/td&gt;
&lt;td style=&#34;text-align:center&#34;&gt;&lt;/td&gt;
&lt;td style=&#34;text-align:center&#34;&gt;&lt;/td&gt;
&lt;td style=&#34;text-align:center&#34;&gt;&lt;/td&gt;
&lt;td style=&#34;text-align:center&#34;&gt;X&lt;/td&gt;
&lt;/tr&gt;
&lt;tr&gt;
&lt;td style=&#34;text-align:center&#34;&gt;Google Docs&lt;/td&gt;
&lt;td style=&#34;text-align:center&#34;&gt;&lt;code&gt;Docs&lt;/code&gt;&lt;/td&gt;
&lt;td style=&#34;text-align:center&#34;&gt;&lt;/td&gt;
&lt;td style=&#34;text-align:center&#34;&gt;&lt;/td&gt;
&lt;td style=&#34;text-align:center&#34;&gt;&lt;/td&gt;
&lt;td style=&#34;text-align:center&#34;&gt;&lt;/td&gt;
&lt;td style=&#34;text-align:center&#34;&gt;&lt;/td&gt;
&lt;td style=&#34;text-align:center&#34;&gt;&lt;/td&gt;
&lt;td style=&#34;text-align:center&#34;&gt;X&lt;/td&gt;
&lt;/tr&gt;
&lt;tr&gt;
&lt;td style=&#34;text-align:center&#34;&gt;Google Earth&lt;/td&gt;
&lt;td style=&#34;text-align:center&#34;&gt;&lt;code&gt;Earth&lt;/code&gt;&lt;/td&gt;
&lt;td style=&#34;text-align:center&#34;&gt;&lt;/td&gt;
&lt;td style=&#34;text-align:center&#34;&gt;&lt;/td&gt;
&lt;td style=&#34;text-align:center&#34;&gt;&lt;/td&gt;
&lt;td style=&#34;text-align:center&#34;&gt;&lt;/td&gt;
&lt;td style=&#34;text-align:center&#34;&gt;&lt;/td&gt;
&lt;td style=&#34;text-align:center&#34;&gt;&lt;/td&gt;
&lt;td style=&#34;text-align:center&#34;&gt;X&lt;/td&gt;
&lt;/tr&gt;
&lt;tr&gt;
&lt;td style=&#34;text-align:center&#34;&gt;Google Fit&lt;/td&gt;
&lt;td style=&#34;text-align:center&#34;&gt;&lt;code&gt;Fitness&lt;/code&gt;&lt;/td&gt;
&lt;td style=&#34;text-align:center&#34;&gt;&lt;/td&gt;
&lt;td style=&#34;text-align:center&#34;&gt;&lt;/td&gt;
&lt;td style=&#34;text-align:center&#34;&gt;&lt;/td&gt;
&lt;td style=&#34;text-align:center&#34;&gt;&lt;/td&gt;
&lt;td style=&#34;text-align:center&#34;&gt;&lt;/td&gt;
&lt;td style=&#34;text-align:center&#34;&gt;&lt;/td&gt;
&lt;td style=&#34;text-align:center&#34;&gt;X&lt;/td&gt;
&lt;/tr&gt;
&lt;tr&gt;
&lt;td style=&#34;text-align:center&#34;&gt;Google Connectivity Services&lt;/td&gt;
&lt;td style=&#34;text-align:center&#34;&gt;&lt;code&gt;GCS&lt;/code&gt;&lt;/td&gt;
&lt;td style=&#34;text-align:center&#34;&gt;&lt;/td&gt;
&lt;td style=&#34;text-align:center&#34;&gt;&lt;/td&gt;
&lt;td style=&#34;text-align:center&#34;&gt;&lt;/td&gt;
&lt;td style=&#34;text-align:center&#34;&gt;&lt;/td&gt;
&lt;td style=&#34;text-align:center&#34;&gt;&lt;/td&gt;
&lt;td style=&#34;text-align:center&#34;&gt;&lt;/td&gt;
&lt;td style=&#34;text-align:center&#34;&gt;X&lt;/td&gt;
&lt;/tr&gt;
&lt;tr&gt;
&lt;td style=&#34;text-align:center&#34;&gt;Google Hangouts&lt;/td&gt;
&lt;td style=&#34;text-align:center&#34;&gt;&lt;code&gt;Hangouts&lt;/code&gt;&lt;/td&gt;
&lt;td style=&#34;text-align:center&#34;&gt;&lt;/td&gt;
&lt;td style=&#34;text-align:center&#34;&gt;&lt;/td&gt;
&lt;td style=&#34;text-align:center&#34;&gt;&lt;/td&gt;
&lt;td style=&#34;text-align:center&#34;&gt;&lt;/td&gt;
&lt;td style=&#34;text-align:center&#34;&gt;&lt;/td&gt;
&lt;td style=&#34;text-align:center&#34;&gt;&lt;/td&gt;
&lt;td style=&#34;text-align:center&#34;&gt;X&lt;/td&gt;
&lt;/tr&gt;
&lt;tr&gt;
&lt;td style=&#34;text-align:center&#34;&gt;Google Indic Keyboard&lt;/td&gt;
&lt;td style=&#34;text-align:center&#34;&gt;&lt;code&gt;Indic&lt;/code&gt;&lt;/td&gt;
&lt;td style=&#34;text-align:center&#34;&gt;&lt;/td&gt;
&lt;td style=&#34;text-align:center&#34;&gt;&lt;/td&gt;
&lt;td style=&#34;text-align:center&#34;&gt;&lt;/td&gt;
&lt;td style=&#34;text-align:center&#34;&gt;&lt;/td&gt;
&lt;td style=&#34;text-align:center&#34;&gt;&lt;/td&gt;
&lt;td style=&#34;text-align:center&#34;&gt;&lt;/td&gt;
&lt;td style=&#34;text-align:center&#34;&gt;X&lt;/td&gt;
&lt;/tr&gt;
&lt;tr&gt;
&lt;td style=&#34;text-align:center&#34;&gt;Google Japanese Input&lt;/td&gt;
&lt;td style=&#34;text-align:center&#34;&gt;&lt;code&gt;Japanese&lt;/code&gt;&lt;/td&gt;
&lt;td style=&#34;text-align:center&#34;&gt;&lt;/td&gt;
&lt;td style=&#34;text-align:center&#34;&gt;&lt;/td&gt;
&lt;td style=&#34;text-align:center&#34;&gt;&lt;/td&gt;
&lt;td style=&#34;text-align:center&#34;&gt;&lt;/td&gt;
&lt;td style=&#34;text-align:center&#34;&gt;&lt;/td&gt;
&lt;td style=&#34;text-align:center&#34;&gt;&lt;/td&gt;
&lt;td style=&#34;text-align:center&#34;&gt;X&lt;/td&gt;
&lt;/tr&gt;
&lt;tr&gt;
&lt;td style=&#34;text-align:center&#34;&gt;Google Korean Input&lt;/td&gt;
&lt;td style=&#34;text-align:center&#34;&gt;&lt;code&gt;Korean&lt;/code&gt;&lt;/td&gt;
&lt;td style=&#34;text-align:center&#34;&gt;&lt;/td&gt;
&lt;td style=&#34;text-align:center&#34;&gt;&lt;/td&gt;
&lt;td style=&#34;text-align:center&#34;&gt;&lt;/td&gt;
&lt;td style=&#34;text-align:center&#34;&gt;&lt;/td&gt;
&lt;td style=&#34;text-align:center&#34;&gt;&lt;/td&gt;
&lt;td style=&#34;text-align:center&#34;&gt;&lt;/td&gt;
&lt;td style=&#34;text-align:center&#34;&gt;X&lt;/td&gt;
&lt;/tr&gt;
&lt;tr&gt;
&lt;td style=&#34;text-align:center&#34;&gt;Google Pinyin Input&lt;/td&gt;
&lt;td style=&#34;text-align:center&#34;&gt;&lt;code&gt;Pinyin&lt;/code&gt;&lt;/td&gt;
&lt;td style=&#34;text-align:center&#34;&gt;&lt;/td&gt;
&lt;td style=&#34;text-align:center&#34;&gt;&lt;/td&gt;
&lt;td style=&#34;text-align:center&#34;&gt;&lt;/td&gt;
&lt;td style=&#34;text-align:center&#34;&gt;&lt;/td&gt;
&lt;td style=&#34;text-align:center&#34;&gt;&lt;/td&gt;
&lt;td style=&#34;text-align:center&#34;&gt;&lt;/td&gt;
&lt;td style=&#34;text-align:center&#34;&gt;X&lt;/td&gt;
&lt;/tr&gt;
&lt;tr&gt;
&lt;td style=&#34;text-align:center&#34;&gt;Project Fi²&lt;/td&gt;
&lt;td style=&#34;text-align:center&#34;&gt;&lt;code&gt;ProjectFi&lt;/code&gt;&lt;/td&gt;
&lt;td style=&#34;text-align:center&#34;&gt;&lt;/td&gt;
&lt;td style=&#34;text-align:center&#34;&gt;&lt;/td&gt;
&lt;td style=&#34;text-align:center&#34;&gt;&lt;/td&gt;
&lt;td style=&#34;text-align:center&#34;&gt;&lt;/td&gt;
&lt;td style=&#34;text-align:center&#34;&gt;&lt;/td&gt;
&lt;td style=&#34;text-align:center&#34;&gt;&lt;/td&gt;
&lt;td style=&#34;text-align:center&#34;&gt;X&lt;/td&gt;
&lt;/tr&gt;
&lt;tr&gt;
&lt;td style=&#34;text-align:center&#34;&gt;Google Sheets&lt;/td&gt;
&lt;td style=&#34;text-align:center&#34;&gt;&lt;code&gt;Sheets&lt;/code&gt;&lt;/td&gt;
&lt;td style=&#34;text-align:center&#34;&gt;&lt;/td&gt;
&lt;td style=&#34;text-align:center&#34;&gt;&lt;/td&gt;
&lt;td style=&#34;text-align:center&#34;&gt;&lt;/td&gt;
&lt;td style=&#34;text-align:center&#34;&gt;&lt;/td&gt;
&lt;td style=&#34;text-align:center&#34;&gt;&lt;/td&gt;
&lt;td style=&#34;text-align:center&#34;&gt;&lt;/td&gt;
&lt;td style=&#34;text-align:center&#34;&gt;X&lt;/td&gt;
&lt;/tr&gt;
&lt;tr&gt;
&lt;td style=&#34;text-align:center&#34;&gt;Google Slides&lt;/td&gt;
&lt;td style=&#34;text-align:center&#34;&gt;&lt;code&gt;Slides&lt;/code&gt;&lt;/td&gt;
&lt;td style=&#34;text-align:center&#34;&gt;&lt;/td&gt;
&lt;td style=&#34;text-align:center&#34;&gt;&lt;/td&gt;
&lt;td style=&#34;text-align:center&#34;&gt;&lt;/td&gt;
&lt;td style=&#34;text-align:center&#34;&gt;&lt;/td&gt;
&lt;td style=&#34;text-align:center&#34;&gt;&lt;/td&gt;
&lt;td style=&#34;text-align:center&#34;&gt;&lt;/td&gt;
&lt;td style=&#34;text-align:center&#34;&gt;X&lt;/td&gt;
&lt;/tr&gt;
&lt;tr&gt;
&lt;td style=&#34;text-align:center&#34;&gt;Google Street View&lt;/td&gt;
&lt;td style=&#34;text-align:center&#34;&gt;&lt;code&gt;Street&lt;/code&gt;&lt;/td&gt;
&lt;td style=&#34;text-align:center&#34;&gt;&lt;/td&gt;
&lt;td style=&#34;text-align:center&#34;&gt;&lt;/td&gt;
&lt;td style=&#34;text-align:center&#34;&gt;&lt;/td&gt;
&lt;td style=&#34;text-align:center&#34;&gt;&lt;/td&gt;
&lt;td style=&#34;text-align:center&#34;&gt;&lt;/td&gt;
&lt;td style=&#34;text-align:center&#34;&gt;&lt;/td&gt;
&lt;td style=&#34;text-align:center&#34;&gt;X&lt;/td&gt;
&lt;/tr&gt;
&lt;tr&gt;
&lt;td style=&#34;text-align:center&#34;&gt;Google Zhuyin Input&lt;/td&gt;
&lt;td style=&#34;text-align:center&#34;&gt;&lt;code&gt;Zhuyin&lt;/code&gt;&lt;/td&gt;
&lt;td style=&#34;text-align:center&#34;&gt;&lt;/td&gt;
&lt;td style=&#34;text-align:center&#34;&gt;&lt;/td&gt;
&lt;td style=&#34;text-align:center&#34;&gt;&lt;/td&gt;
&lt;td style=&#34;text-align:center&#34;&gt;&lt;/td&gt;
&lt;td style=&#34;text-align:center&#34;&gt;&lt;/td&gt;
&lt;td style=&#34;text-align:center&#34;&gt;&lt;/td&gt;
&lt;td style=&#34;text-align:center&#34;&gt;X&lt;/td&gt;
&lt;/tr&gt;
&lt;/tbody&gt;
&lt;/table&gt;
&lt;p&gt;&amp;mdash;&amp;mdash;&amp;ndash;分界线&amp;mdash;&amp;mdash;&amp;ndash;&lt;/p&gt;
&lt;p&gt;一般来说，选择&lt;code&gt;pico/nano/micro&lt;/code&gt;版本已经足够，更大的版本不仅是&lt;code&gt;/system&lt;/code&gt;装不下，而且也很多冗余的物品！&lt;/p&gt;
&lt;h3 id=&#34;2下载你所需版本的刷机包&#34;&gt;2.下载你所需版本的刷机包&lt;/h3&gt;
&lt;p&gt;前往着一个网址：&lt;a class=&#34;link&#34; href=&#34;https://opengapps.org/&#34;  target=&#34;_blank&#34; rel=&#34;noopener&#34;
    &gt;https://opengapps.org/&lt;/a&gt;&lt;/p&gt;
&lt;p&gt;&lt;img src=&#34;https://blog.highp.ing/p/androidinstallgoogle/umxgov.webp&#34;
	width=&#34;453&#34;
	height=&#34;800&#34;
	srcset=&#34;https://blog.highp.ing/p/androidinstallgoogle/umxgov_hu60f29ff57dd6a0512c32094a27fd27f6_15008_480x0_resize_q75_h2_box_2.webp 480w, https://blog.highp.ing/p/androidinstallgoogle/umxgov_hu60f29ff57dd6a0512c32094a27fd27f6_15008_1024x0_resize_q75_h2_box_2.webp 1024w&#34;
	loading=&#34;lazy&#34;
	
		alt=&#34;Alt&#34;
	
	
		class=&#34;gallery-image&#34; 
		data-flex-grow=&#34;56&#34;
		data-flex-basis=&#34;135px&#34;
	
&gt;&lt;/p&gt;
&lt;p&gt;在图中选择你设备的&lt;code&gt;架构(一般为ARM64)&lt;/code&gt;、&lt;code&gt;安卓版本&lt;/code&gt;、&lt;code&gt;你所需要的Gapps的版本&lt;/code&gt;&lt;/p&gt;
&lt;p&gt;然后点击&lt;code&gt;下方的下载图标&lt;/code&gt;，就可以跳转到&amp;lt;sourceforge.net&amp;gt;进行下载了！&lt;/p&gt;
&lt;h3 id=&#34;3从第三方recovery刷入例twrp&#34;&gt;3.从第三方Recovery刷入(例TWRP)&lt;/h3&gt;
&lt;p&gt;由于Rec模式不好截图，这里就用文本描述！&lt;/p&gt;
&lt;p&gt;重启至&lt;code&gt;Recovery&lt;/code&gt;，按照普通方式在&lt;code&gt;安装/Install&lt;/code&gt;模式下选择保存在手机内的&lt;code&gt;Gappsxxx.zip&lt;/code&gt;即可！&lt;/p&gt;
&lt;h3 id=&#34;4重启-享受谷歌服务&#34;&gt;4.重启 享受谷歌服务&lt;/h3&gt;
&lt;p&gt;刷入完成后重启即可，一开机就会发现有&lt;strong&gt;标准的谷歌服务以及套件&lt;/strong&gt;了！&lt;/p&gt;
&lt;h2 id=&#34;第二种方法litegapps-magisk模块&#34;&gt;第二种方法：LiteGapps (Magisk模块)&lt;/h2&gt;
&lt;p&gt;&lt;code&gt;LiteGapps&lt;/code&gt;是一个&lt;code&gt;Gapps&lt;/code&gt;的分支，其拥有比原版&lt;code&gt;Gapps&lt;/code&gt;更小的体积，但是功能也一点没有减少&lt;/p&gt;
&lt;p&gt;其官网为：&lt;a class=&#34;link&#34; href=&#34;https://litegapps.site/&#34;  target=&#34;_blank&#34; rel=&#34;noopener&#34;
    &gt;https://litegapps.site/&lt;/a&gt;&lt;/p&gt;
&lt;p&gt;&lt;code&gt;LiteGapps&lt;/code&gt;模块在&lt;a class=&#34;link&#34; href=&#34;https://magisk.suchenqaq.club/&#34;  target=&#34;_blank&#34; rel=&#34;noopener&#34;
    &gt;Magisk资源分享&lt;/a&gt;网站上有分享，可以通过下面的链接下载模块并安装：&lt;/p&gt;
&lt;p&gt;&lt;a class=&#34;link&#34; href=&#34;https://downloads1.suchenqaq.club/magisk_module/tool/[MAGISK]LiteGapps%20%20_v2.3_official.zip&#34;  target=&#34;_blank&#34; rel=&#34;noopener&#34;
    &gt;LiteGapps模块(来自于Magisk资源分享)&lt;/a&gt;&lt;/p&gt;
&lt;p&gt;详细的模块安装方法就&lt;em&gt;不介绍&lt;/em&gt;了，安装完重启即可享受&lt;strong&gt;标准的谷歌服务以及套件&lt;/strong&gt;！&lt;/p&gt;
&lt;h2 id=&#34;附解决google-play-设备未获得play保护机制认证&#34;&gt;附：解决&lt;code&gt;Google Play 设备未获得Play保护机制认证&lt;/code&gt;&lt;/h2&gt;
&lt;p&gt;在一些&lt;em&gt;冷门或是国产设备&lt;/em&gt;上使用上述方法安装&lt;code&gt;Google 框架&lt;/code&gt;时，会出现&lt;code&gt;Google Play 设备未获得Play保护机制认证&lt;/code&gt;这一提示：&lt;/p&gt;
&lt;p&gt;&lt;img src=&#34;https://blog.highp.ing/p/androidinstallgoogle/image-1.png&#34;
	width=&#34;745&#34;
	height=&#34;570&#34;
	srcset=&#34;https://blog.highp.ing/p/androidinstallgoogle/image-1_hu796b94baed978ecc2ec9f3558577d49d_171803_480x0_resize_box_3.png 480w, https://blog.highp.ing/p/androidinstallgoogle/image-1_hu796b94baed978ecc2ec9f3558577d49d_171803_1024x0_resize_box_3.png 1024w&#34;
	loading=&#34;lazy&#34;
	
		alt=&#34;Alt text&#34;
	
	
		class=&#34;gallery-image&#34; 
		data-flex-grow=&#34;130&#34;
		data-flex-basis=&#34;313px&#34;
	
&gt;&lt;/p&gt;
&lt;h3 id=&#34;1安装deviceid&#34;&gt;1.安装DeviceID&lt;/h3&gt;
&lt;p&gt;在 &lt;a class=&#34;link&#34; href=&#34;https://play.google.com/store/apps/details?id=com.evozi.deviceid&amp;amp;hl=zh&#34;  target=&#34;_blank&#34; rel=&#34;noopener&#34;
    &gt;Google Play&lt;/a&gt; / &lt;a class=&#34;link&#34; href=&#34;https://apkpure.com/store/apps/details?id=com.evozi.deviceid&amp;amp;hl=zh&#34;  target=&#34;_blank&#34; rel=&#34;noopener&#34;
    &gt;Apkpure&lt;/a&gt; / &lt;a class=&#34;link&#34; href=&#34;https://c1oudf1are.link/com.evozi.deviceid_1.3.2-8_minAPI14%28nodpi%29.apk&#34;  target=&#34;_blank&#34; rel=&#34;noopener&#34;
    &gt;本站&lt;/a&gt; 任选一个&lt;strong&gt;你可以访问&lt;/strong&gt;的地址下载&lt;/p&gt;
&lt;p&gt;随后&lt;strong&gt;安装并打开&lt;/strong&gt;即可&lt;/p&gt;
&lt;h3 id=&#34;2获取gsfid&#34;&gt;2.获取GSFID&lt;/h3&gt;
&lt;p&gt;&lt;img src=&#34;https://blog.highp.ing/p/androidinstallgoogle/image-2.png&#34;
	width=&#34;323&#34;
	height=&#34;573&#34;
	srcset=&#34;https://blog.highp.ing/p/androidinstallgoogle/image-2_hu0dfe3fa4ca1e7b05b1ef0de2929ddab6_50933_480x0_resize_box_3.png 480w, https://blog.highp.ing/p/androidinstallgoogle/image-2_hu0dfe3fa4ca1e7b05b1ef0de2929ddab6_50933_1024x0_resize_box_3.png 1024w&#34;
	loading=&#34;lazy&#34;
	
	
		class=&#34;gallery-image&#34; 
		data-flex-grow=&#34;56&#34;
		data-flex-basis=&#34;135px&#34;
	
&gt;&lt;/p&gt;
&lt;p&gt;如图，在第二行的&lt;code&gt;Google Service Framework (GSF)&lt;/code&gt;中获取你自己设备的&lt;strong&gt;独一无二的&lt;/strong&gt;ID！&lt;/p&gt;
&lt;p&gt;复制保存下来，下一步&lt;strong&gt;需要用到&lt;/strong&gt;！&lt;/p&gt;
&lt;h3 id=&#34;3注册id&#34;&gt;3.注册ID&lt;/h3&gt;
&lt;p&gt;前往 &lt;a class=&#34;link&#34; href=&#34;https://www.google.com/android/uncertified/&#34;  target=&#34;_blank&#34; rel=&#34;noopener&#34;
    &gt;https://www.google.com/android/uncertified/&lt;/a&gt;&lt;/p&gt;
&lt;p&gt;登入你的&lt;code&gt;Google账户&lt;/code&gt;，并输入你上面获取的&lt;code&gt;GSFID&lt;/code&gt;:(图来自知乎)&lt;/p&gt;
&lt;p&gt;&lt;img src=&#34;https://blog.highp.ing/p/androidinstallgoogle/image-3.png&#34;
	width=&#34;1132&#34;
	height=&#34;584&#34;
	srcset=&#34;https://blog.highp.ing/p/androidinstallgoogle/image-3_hu0ce0c69be0dff336a4a259b6e6d73b09_332702_480x0_resize_box_3.png 480w, https://blog.highp.ing/p/androidinstallgoogle/image-3_hu0ce0c69be0dff336a4a259b6e6d73b09_332702_1024x0_resize_box_3.png 1024w&#34;
	loading=&#34;lazy&#34;
	
		alt=&#34;Alt text&#34;
	
	
		class=&#34;gallery-image&#34; 
		data-flex-grow=&#34;193&#34;
		data-flex-basis=&#34;465px&#34;
	
&gt;&lt;/p&gt;
&lt;p&gt;点击&lt;code&gt;注册&lt;/code&gt;，等待一会即可！&lt;/p&gt;
&lt;h3 id=&#34;重置google-play数据&#34;&gt;重置Google Play数据&lt;/h3&gt;
&lt;p&gt;进入 &lt;strong&gt;系统设置-软件-Google Play-储存空间-清除数据&lt;/strong&gt; ，确认后&lt;em&gt;重启设备&lt;/em&gt;，就可以正常使用&lt;code&gt;Google Play&lt;/code&gt;了！&lt;/p&gt;
&lt;h2 id=&#34;小结&#34;&gt;小结&lt;/h2&gt;
&lt;p&gt;安装过程挺简单的，希望大家都能用上Google 框架！&lt;/p&gt;
&lt;p&gt;如有问题，可以来 Telegram:&lt;a class=&#34;link&#34; href=&#34;https://t.me/C1oudF1are&#34;  target=&#34;_blank&#34; rel=&#34;noopener&#34;
    &gt;@C1oudF1are&lt;/a&gt; 找我，免费咨询任何我所知道的问题！&lt;/p&gt;
</description>
        </item>
        
    </channel>
</rss>
