<?xml version="1.0" encoding="utf-8" standalone="yes"?>
<rss version="2.0" xmlns:atom="http://www.w3.org/2005/Atom">
    <channel>
        <title>alist on HighPing们の小小藏身地</title>
        <link>https://blog.highp.ing/categories/alist/</link>
        <description>Recent content in alist on HighPing们の小小藏身地</description>
        <generator>Hugo -- gohugo.io</generator>
        <language>zh-cn</language>
        <lastBuildDate>Fri, 21 Jul 2023 00:00:00 +0000</lastBuildDate><atom:link href="https://blog.highp.ing/categories/alist/index.xml" rel="self" type="application/rss+xml" /><item>
        <title>Alist避免踩坑小技巧</title>
        <link>https://blog.highp.ing/p/alist/</link>
        <pubDate>Fri, 21 Jul 2023 00:00:00 +0000</pubDate>
        
        <guid>https://blog.highp.ing/p/alist/</guid>
        <description>&lt;img src="https://i2.100024.xyz/2023/07/21/sfr1h3.webp" alt="Featured image of post Alist避免踩坑小技巧" /&gt;&lt;p&gt;&lt;em&gt;&lt;strong&gt;注：此文并非一分钱不花的白嫖类型&lt;/strong&gt;&lt;/em&gt;&lt;br&gt;
&lt;em&gt;&lt;strong&gt;也需要一定的技术能力&lt;/strong&gt;&lt;/em&gt;&lt;/p&gt;
&lt;h1 id=&#34;alist避免踩坑小技巧&#34;&gt;Alist避免踩坑小技巧&lt;/h1&gt;
&lt;p&gt;本文由 &lt;code&gt;High Ping Network&lt;/code&gt; 的小伙伴 GenshinMinecraft 进行编撰，首发于 &lt;a class=&#34;link&#34; href=&#34;https://blog.highp.ing&#34;  target=&#34;_blank&#34; rel=&#34;noopener&#34;
    &gt;本博客&lt;/a&gt;&lt;/p&gt;
&lt;h2 id=&#34;part1网盘的选择&#34;&gt;Part1：网盘的选择&lt;/h2&gt;
&lt;p&gt;搭建alist最重要的，就是选好&lt;strong&gt;主力网盘&lt;/strong&gt;&lt;br&gt;
给大家列出几个网盘以及他的优缺点：&lt;br&gt;
(斜体为推荐网盘)&lt;/p&gt;
&lt;ul&gt;
&lt;li&gt;阿里云盘：目前阿里云盘有两种挂载方式，&lt;code&gt;阿里云盘&lt;/code&gt;与&lt;code&gt;阿里云盘 Open&lt;/code&gt;，但是前者不稳定，后者限制幅度较大。据群友反馈已经低于5mb/s。&lt;code&gt;主力网盘或副网盘都不错&lt;/code&gt;，但是目前尚不清楚以后吃相会不会和百度一样。&lt;strong&gt;&lt;code&gt;不建议充值会员&lt;/code&gt;&lt;/strong&gt;&lt;/li&gt;
&lt;li&gt;百度云盘：大家都知道，百度云盘不开会员约等于不能用，而且302重定向方法有诸多限制。&lt;strong&gt;&lt;code&gt;不建议充值会员&lt;/code&gt;&lt;/strong&gt;&lt;/li&gt;
&lt;li&gt;115网盘：价格已经算是国内最贵的了（月卡55，年卡500），但是速度与服务都不咋样。&lt;strong&gt;&lt;code&gt;不建议充值会员&lt;/code&gt;&lt;/strong&gt;&lt;/li&gt;
&lt;li&gt;&lt;em&gt;夸克网盘&lt;/em&gt;：最推荐的一个，VIP便宜，还稳定，更可以&lt;strong&gt;转存磁力&lt;/strong&gt;，网上热门磁力直接转存不要太爽！也是我目前用的最多的一个。&lt;strong&gt;&lt;code&gt;推荐充值会员&lt;/code&gt;&lt;/strong&gt;&lt;/li&gt;
&lt;li&gt;123网盘：网盘本身不错，价格也便宜，但是最近天天修改接口，还有加密签名。可以说在努力地阻止Alist这类挂载。&lt;strong&gt;&lt;code&gt;建议先观望&lt;/code&gt;&lt;/strong&gt;&lt;/li&gt;
&lt;li&gt;&lt;em&gt;OneDrive&lt;/em&gt;：挂载国内版的免费5G没有意义，所以大多数人都是折腾国外的E5。&lt;strong&gt;免费&lt;/strong&gt;的&lt;strong&gt;5Tx25个子号&lt;/strong&gt;。国内速度不错，还可以存色色，是建造公开影视站的首选。&lt;strong&gt;&lt;code&gt;建议使用&lt;/code&gt;&lt;/strong&gt;&lt;/li&gt;
&lt;li&gt;GoogleDrive：需要国外网络连接，你懂的。之前有无限容量的教育号/公司号，但现在基本已经灭绝，不做推荐。&lt;/li&gt;
&lt;li&gt;运营商网盘：可以根据自己的运营商选择对应的运营商网盘：电信天翼云盘，中国移动云盘（和彩云），中国联通云盘。各大运营商云盘对自己家的客户都有免费空间。最为推荐的是&lt;strong&gt;中国移动云盘&lt;/strong&gt;，每月可以领取30G定向流量，不限速，稳定。&lt;strong&gt;&lt;code&gt;推荐在自己的运营商网盘充值会员&lt;/code&gt;&lt;/strong&gt;&lt;/li&gt;
&lt;/ul&gt;
&lt;p&gt;其余的蓝奏、海外百度Terabox、yandex等由于限制过多，或需要科学，不做推荐。&lt;/p&gt;
&lt;p&gt;&lt;em&gt;&lt;strong&gt;平民玩家（不充钱）可以选择阿里云盘以及Onedrive做搭配一起使用&lt;/strong&gt;&lt;/em&gt; &lt;br&gt;
&lt;em&gt;&lt;strong&gt;富哥可以选择夸克云盘，便宜超级稳定，百兆轻松跑满&lt;/strong&gt;&lt;/em&gt;
&lt;img src=&#34;https://i2.100024.xyz/2023/07/21/uky4e4.webp&#34;
	
	
	
	loading=&#34;lazy&#34;
	
	
&gt;&lt;/p&gt;
&lt;h2 id=&#34;part2搭建机器的选择&#34;&gt;Part2：搭建机器的选择&lt;/h2&gt;
&lt;ul&gt;
&lt;li&gt;最推荐的是在家里搭建与&lt;em&gt;Openwrt&lt;/em&gt;这种&lt;em&gt;低功耗网络设备&lt;/em&gt;上，既可以跑满宽带，还能在内网获得最佳速度。缺点是出门在外也许&lt;em&gt;需要公网ip/内网穿透&lt;/em&gt;。&lt;/li&gt;
&lt;li&gt;其次是&lt;em&gt;国外大带宽服务器&lt;/em&gt;，一些具有好的线路的国外服务器，在国内可以做到&lt;code&gt;延迟很低&lt;/code&gt;，比如GCP、AzureJp/Hk/Sg。国外服务器一般拥有1Gbps以上的带宽，在挂载的同时还可以使用&lt;em&gt;&lt;strong&gt;aria2&lt;/strong&gt;&lt;/em&gt;下载BT(请注意DMCA)。而在国外服务器上面，建议使用&lt;strong&gt;302跳转模式&lt;/strong&gt;，以获得最佳速度&lt;/li&gt;
&lt;li&gt;还有&lt;del&gt;滥用哥&lt;/del&gt;折腾玩家最喜欢的&lt;em&gt;容器云&lt;/em&gt;，折腾难度较大，但是免费。许多发烧级玩家会使用，但基本不适用于真实生产力环境。&lt;/li&gt;
&lt;li&gt;最后是国内服务商的VPS，一是&lt;strong&gt;要实名&lt;/strong&gt;，二是&lt;strong&gt;带宽小&lt;/strong&gt;，三是&lt;strong&gt;有监管&lt;/strong&gt;。本机代理基本无望，只能302。&lt;/li&gt;
&lt;/ul&gt;
&lt;h2 id=&#34;小结&#34;&gt;小结&lt;/h2&gt;
&lt;p&gt;本文简单地总结了各类可挂载网盘的&lt;em&gt;优缺点&lt;/em&gt;，以及搭建机器的&lt;em&gt;选择&lt;/em&gt;，对于想要搭建的朋友们来说有些参考意义。&lt;/p&gt;
</description>
        </item>
        
    </channel>
</rss>
