<?xml version="1.0" encoding="utf-8" standalone="yes"?>
<rss version="2.0" xmlns:atom="http://www.w3.org/2005/Atom">
    <channel>
        <title>Pages on HighPing们の小小藏身地</title>
        <link>https://blog.highp.ing/page/</link>
        <description>Recent content in Pages on HighPing们の小小藏身地</description>
        <generator>Hugo -- gohugo.io</generator>
        <language>zh-cn</language>
        <lastBuildDate>Tue, 28 May 2019 00:00:00 +0000</lastBuildDate><atom:link href="https://blog.highp.ing/page/index.xml" rel="self" type="application/rss+xml" /><item>
        <title>Archives</title>
        <link>https://blog.highp.ing/archives/</link>
        <pubDate>Tue, 28 May 2019 00:00:00 +0000</pubDate>
        
        <guid>https://blog.highp.ing/archives/</guid>
        <description></description>
        </item>
        <item>
        <title>Links</title>
        <link>https://blog.highp.ing/links/</link>
        <pubDate>Mon, 01 Jan 0001 00:00:00 +0000</pubDate>
        
        <guid>https://blog.highp.ing/links/</guid>
        <description>&lt;!--
To use this feature, add `links` section to frontmatter.

This page&#39;s frontmatter:

```yaml
links:
  - title: GitHub
    description: GitHub is the world&#39;s largest software development platform.
    website: https://github.com
    image: https://github.githubassets.com/images/modules/logos_page/GitHub-Mark.png
  - title: TypeScript
    description: TypeScript is a typed superset of JavaScript that compiles to plain JavaScript.
    website: https://www.typescriptlang.org
    image: ts-logo-128.jpg
```

`image` field accepts both local and external images.

--&gt;
&lt;h2 id=&#34;友链哒哒哒&#34;&gt;友链哒哒哒~&lt;/h2&gt;
&lt;h3 id=&#34;可以来与-high-ping-blog-交换友链哦&#34;&gt;可以来与 High Ping Blog 交换友链哦~&lt;/h3&gt;
&lt;h3 id=&#34;e-mail-nochighping&#34;&gt;E-mail: &lt;a class=&#34;link&#34; href=&#34;mailto:noc@highp.ing&#34; &gt;noc@highp.ing&lt;/a&gt;&lt;/h3&gt;
&lt;h3 id=&#34;tg-highpingchat&#34;&gt;TG: @HighPingChat&lt;/h3&gt;
</description>
        </item>
        <item>
        <title>Search</title>
        <link>https://blog.highp.ing/search/</link>
        <pubDate>Mon, 01 Jan 0001 00:00:00 +0000</pubDate>
        
        <guid>https://blog.highp.ing/search/</guid>
        <description></description>
        </item>
        <item>
        <title>关于</title>
        <link>https://blog.highp.ing/%E5%85%B3%E4%BA%8E/</link>
        <pubDate>Mon, 01 Jan 0001 00:00:00 +0000</pubDate>
        
        <guid>https://blog.highp.ing/%E5%85%B3%E4%BA%8E/</guid>
        <description>&lt;h1 id=&#34;this-is-high-ping-network-official-blog&#34;&gt;This is High Ping Network Official Blog&lt;/h1&gt;
&lt;p&gt;Hi! 这里是 &lt;code&gt;High Ping Network&lt;/code&gt; 的官方 Blog&lt;/p&gt;
&lt;p&gt;&lt;code&gt;High Ping Network&lt;/code&gt; 的 ASN 为 &lt;a class=&#34;link&#34; href=&#34;https://bgp.he.net/AS215575&#34;  target=&#34;_blank&#34; rel=&#34;noopener&#34;
    &gt;AS215575&lt;/a&gt;&lt;/p&gt;
&lt;p&gt;2024.02.05 必然是个值得令我们纪念的日子，我们终于拿到了我们心心念念的 ASN&lt;/p&gt;
&lt;h2 id=&#34;基本成员&#34;&gt;基本成员&lt;/h2&gt;
&lt;p&gt;我们是由 11 个人组成的小团队：(按照首字母顺序排列)&lt;/p&gt;
&lt;ul&gt;
&lt;li&gt;&lt;a class=&#34;link&#34; href=&#34;https://t.me/C1oudF1are&#34;  target=&#34;_blank&#34; rel=&#34;noopener&#34;
    &gt;@GenshinMinecraft&lt;/a&gt;&lt;/li&gt;
&lt;li&gt;&lt;a class=&#34;link&#34; href=&#34;https://t.me/HighPingKat&#34;  target=&#34;_blank&#34; rel=&#34;noopener&#34;
    &gt;@HighPingKat&lt;/a&gt;&lt;/li&gt;
&lt;li&gt;&lt;a class=&#34;link&#34; href=&#34;https://t.me/cn_imkcp&#34;  target=&#34;_blank&#34; rel=&#34;noopener&#34;
    &gt;@imkcp&lt;/a&gt;&lt;/li&gt;
&lt;li&gt;&lt;a class=&#34;link&#34; href=&#34;https://t.me/Lemonawa&#34;  target=&#34;_blank&#34; rel=&#34;noopener&#34;
    &gt;@Lemonawa&lt;/a&gt;&lt;/li&gt;
&lt;li&gt;&lt;a class=&#34;link&#34; href=&#34;https://t.me/Lengz1m0&#34;  target=&#34;_blank&#34; rel=&#34;noopener&#34;
    &gt;@Lengz1m0&lt;/a&gt;&lt;/li&gt;
&lt;li&gt;&lt;a class=&#34;link&#34; href=&#34;https://t.me/Akiyama_mio_hi&#34;  target=&#34;_blank&#34; rel=&#34;noopener&#34;
    &gt;@Mio&lt;/a&gt;&lt;/li&gt;
&lt;li&gt;&lt;a class=&#34;link&#34; href=&#34;https://t.me/CNVET&#34;  target=&#34;_blank&#34; rel=&#34;noopener&#34;
    &gt;@re:NoAries&lt;/a&gt;&lt;/li&gt;
&lt;li&gt;&lt;a class=&#34;link&#34; href=&#34;https://t.me/rtx5000ada&#34;  target=&#34;_blank&#34; rel=&#34;noopener&#34;
    &gt;@rtx ςαΤ&lt;/a&gt;&lt;/li&gt;
&lt;li&gt;&lt;a class=&#34;link&#34; href=&#34;https://t.me/samandjyf1&#34;  target=&#34;_blank&#34; rel=&#34;noopener&#34;
    &gt;@sam&lt;/a&gt;&lt;/li&gt;
&lt;li&gt;&lt;a class=&#34;link&#34; href=&#34;https://t.me/dann2333&#34;  target=&#34;_blank&#34; rel=&#34;noopener&#34;
    &gt;@Toothless&lt;/a&gt;&lt;/li&gt;
&lt;li&gt;&lt;a class=&#34;link&#34; href=&#34;https://t.me/UniOreoX&#34;  target=&#34;_blank&#34; rel=&#34;noopener&#34;
    &gt;@UniOreoX&lt;/a&gt;&lt;/li&gt;
&lt;/ul&gt;
&lt;h2 id=&#34;我们的信息&#34;&gt;我们的信息&lt;/h2&gt;
&lt;ul&gt;
&lt;li&gt;关于我们:  &lt;a class=&#34;link&#34; href=&#34;https://highp.ing/aboutus.html&#34;  target=&#34;_blank&#34; rel=&#34;noopener&#34;
    &gt;https://highp.ing/aboutus.html&lt;/a&gt;&lt;/li&gt;
&lt;li&gt;我们的官网: &lt;a class=&#34;link&#34; href=&#34;https://highp.ing&#34;  target=&#34;_blank&#34; rel=&#34;noopener&#34;
    &gt;https://highp.ing&lt;/a&gt;&lt;/li&gt;
&lt;li&gt;我们的博客: &lt;a class=&#34;link&#34; href=&#34;https://blog.highp.ing&#34;  target=&#34;_blank&#34; rel=&#34;noopener&#34;
    &gt;https://blog.highp.ing&lt;/a&gt;&lt;/li&gt;
&lt;li&gt;我们的官方邮箱: &lt;a class=&#34;link&#34; href=&#34;mailto:noc@highp.ing&#34; &gt;noc@highp.ing&lt;/a&gt;&lt;/li&gt;
&lt;li&gt;我们的投诉邮箱: &lt;a class=&#34;link&#34; href=&#34;mailto:abuse@highp.ing&#34; &gt;abuse@highp.ing&lt;/a&gt;&lt;/li&gt;
&lt;li&gt;我们的 Telegram 频道: &lt;a class=&#34;link&#34; href=&#34;https://t.me/HighPingNetwork&#34;  target=&#34;_blank&#34; rel=&#34;noopener&#34;
    &gt;@HighPingNetwork&lt;/a&gt;&lt;/li&gt;
&lt;li&gt;我们的 Telegram 群组: &lt;a class=&#34;link&#34; href=&#34;https://t.me/highpingchat&#34;  target=&#34;_blank&#34; rel=&#34;noopener&#34;
    &gt;@HighPingChat&lt;/a&gt;&lt;/li&gt;
&lt;/ul&gt;
&lt;h2 id=&#34;特别鸣谢&#34;&gt;特别鸣谢&lt;/h2&gt;
&lt;ul&gt;
&lt;li&gt;&lt;a class=&#34;link&#34; href=&#34;https://zhnet.co.uk/&#34;  target=&#34;_blank&#34; rel=&#34;noopener&#34;
    &gt;zhnet&lt;/a&gt; &amp;ndash; 我们的 LIR&lt;/li&gt;
&lt;li&gt;&lt;a class=&#34;link&#34; href=&#34;https://t.me/gugumnt&#34;  target=&#34;_blank&#34; rel=&#34;noopener&#34;
    &gt;Rinne&lt;/a&gt; &amp;ndash; zhnet 的一员，为我们提供了很多的帮助与服务&lt;/li&gt;
&lt;li&gt;&lt;a class=&#34;link&#34; href=&#34;https://cloudflare.com&#34;  target=&#34;_blank&#34; rel=&#34;noopener&#34;
    &gt;Cloudflare&lt;/a&gt;: 提供了 Cloudflare Pages 等服务支撑我们&lt;strong&gt;官网&lt;/strong&gt;以及&lt;strong&gt;博客&lt;/strong&gt;的搭建，同时 DNS、CDN 等服务都极度依赖于 Cloudflare&lt;/li&gt;
&lt;li&gt;&lt;a class=&#34;link&#34; href=&#34;https://port.moonport.top/&#34;  target=&#34;_blank&#34; rel=&#34;noopener&#34;
    &gt;虚妄猫&lt;/a&gt;: 提供了&lt;em&gt;面向中国大陆&lt;/em&gt;的博客托管&lt;strong&gt;免费虚拟主机&lt;/strong&gt; &lt;a class=&#34;link&#34; href=&#34;https://nomao.blog.highp.ing&#34;  target=&#34;_blank&#34; rel=&#34;noopener&#34;
    &gt;https://nomao.blog.highp.ing&lt;/a&gt;&lt;/li&gt;
&lt;li&gt;&lt;a class=&#34;link&#34; href=&#34;https://github.com&#34;  target=&#34;_blank&#34; rel=&#34;noopener&#34;
    &gt;Github&lt;/a&gt;: 提供了 Git 托管服务，为我们的编辑以及项目开发提供了&lt;strong&gt;基础平台&lt;/strong&gt;&lt;/li&gt;
&lt;/ul&gt;
&lt;h2 id=&#34;我们的-ip-ranges&#34;&gt;我们的 IP Ranges&lt;/h2&gt;
&lt;p&gt;目前，我们只有 IPv6 &lt;del&gt;(说白了就是没钱买 IPv4&lt;/del&gt;&lt;/p&gt;
&lt;p&gt;我们的 IPv6 Ranges 为 &lt;code&gt;2a0f:7803:fb20::/44&lt;/code&gt;&lt;/p&gt;
&lt;ul&gt;
&lt;li&gt;起-始: &lt;code&gt;2a0f:7803:fb20:0000:0000:0000:0000:0000&lt;/code&gt;-&lt;code&gt;2a0f:7803:fb2f:ffff:ffff:ffff:ffff:ffff&lt;/code&gt;&lt;/li&gt;
&lt;li&gt;CIDR: &lt;code&gt;2a0f:7803:fb20::/44&lt;/code&gt;&lt;/li&gt;
&lt;li&gt;总计 IP 数量: &lt;code&gt;19,342,813,113,834,066,795,298,816&lt;/code&gt;个可用 IPv6 地址&lt;/li&gt;
&lt;/ul&gt;
&lt;p&gt;用人话来说，就是约有 19 亿亿亿个 IPv6，用十辈子都用不完（&lt;/p&gt;
&lt;p&gt;我们的分配 (将一个 /44 平均分成 16 等份，每份为 /48，剩余5个为备用段):&lt;/p&gt;
&lt;ul&gt;
&lt;li&gt;2a0f:7803:fb20::/48 &amp;ndash; &lt;a class=&#34;link&#34; href=&#34;https://t.me/rtx5000ada&#34;  target=&#34;_blank&#34; rel=&#34;noopener&#34;
    &gt;@rtx ςαΤ&lt;/a&gt;&lt;/li&gt;
&lt;li&gt;2a0f:7803:fb21::/48 &amp;ndash; &lt;a class=&#34;link&#34; href=&#34;https://t.me/samandjyf1&#34;  target=&#34;_blank&#34; rel=&#34;noopener&#34;
    &gt;@sam&lt;/a&gt;&lt;/li&gt;
&lt;li&gt;2a0f:7803:fb22::/48 &amp;ndash; &lt;a class=&#34;link&#34; href=&#34;https://t.me/UniOreoX&#34;  target=&#34;_blank&#34; rel=&#34;noopener&#34;
    &gt;@UniOreoX&lt;/a&gt;&lt;/li&gt;
&lt;li&gt;2a0f:7803:fb23::/48 &amp;ndash;&lt;/li&gt;
&lt;li&gt;2a0f:7803:fb24::/48 &amp;ndash; &lt;a class=&#34;link&#34; href=&#34;https://t.me/C1oudF1are&#34;  target=&#34;_blank&#34; rel=&#34;noopener&#34;
    &gt;@GenshinMinecraft&lt;/a&gt;&lt;/li&gt;
&lt;li&gt;2a0f:7803:fb25::/48 &amp;ndash; &lt;a class=&#34;link&#34; href=&#34;https://t.me/Lemonawa&#34;  target=&#34;_blank&#34; rel=&#34;noopener&#34;
    &gt;@Lemonawa&lt;/a&gt;&lt;/li&gt;
&lt;li&gt;2a0f:7803:fb26::/48 &amp;ndash;&lt;/li&gt;
&lt;li&gt;2a0f:7803:fb27::/48 &amp;ndash; &lt;a class=&#34;link&#34; href=&#34;https://t.me/Lengz1m0&#34;  target=&#34;_blank&#34; rel=&#34;noopener&#34;
    &gt;@Lengz1m0&lt;/a&gt;&lt;/li&gt;
&lt;li&gt;2a0f:7803:fb28::/48 &amp;ndash; &lt;a class=&#34;link&#34; href=&#34;https://t.me/cn_imkcp&#34;  target=&#34;_blank&#34; rel=&#34;noopener&#34;
    &gt;@imkcp&lt;/a&gt;&lt;/li&gt;
&lt;li&gt;2a0f:7803:fb29::/48 &amp;ndash;&lt;/li&gt;
&lt;li&gt;2a0f:7803:fb2a::/48 &amp;ndash; &lt;a class=&#34;link&#34; href=&#34;https://t.me/dann2333&#34;  target=&#34;_blank&#34; rel=&#34;noopener&#34;
    &gt;@Toothless&lt;/a&gt;&lt;/li&gt;
&lt;li&gt;2a0f:7803:fb2b::/48 &amp;ndash; &lt;a class=&#34;link&#34; href=&#34;https://t.me/HighPingKat&#34;  target=&#34;_blank&#34; rel=&#34;noopener&#34;
    &gt;@HighPingKat&lt;/a&gt;&lt;/li&gt;
&lt;li&gt;2a0f:7803:fb2c::/48 &amp;ndash; &lt;a class=&#34;link&#34; href=&#34;https://t.me/CNVET&#34;  target=&#34;_blank&#34; rel=&#34;noopener&#34;
    &gt;@re:NoAries&lt;/a&gt;&lt;/li&gt;
&lt;li&gt;2a0f:7803:fb2d::/48 &amp;ndash;&lt;/li&gt;
&lt;li&gt;2a0f:7803:fb2e::/48 &amp;ndash;&lt;/li&gt;
&lt;li&gt;2a0f:7803:fb2f::/48 &amp;ndash; &lt;a class=&#34;link&#34; href=&#34;https://t.me/Akiyama_mio_hi&#34;  target=&#34;_blank&#34; rel=&#34;noopener&#34;
    &gt;@Mio&lt;/a&gt;&lt;/li&gt;
&lt;/ul&gt;
&lt;h2 id=&#34;high-ping-network-这一名称的由来&#34;&gt;High Ping Network 这一名称的由来&lt;/h2&gt;
&lt;p&gt;&lt;code&gt;High Ping&lt;/code&gt; 的意思是 &lt;strong&gt;延迟高&lt;/strong&gt;，所以 &lt;code&gt;High Ping Network&lt;/code&gt; 的意思就是 &lt;strong&gt;延迟很高的网络&lt;/strong&gt;&lt;/p&gt;
&lt;p&gt;这一名字具有&lt;em&gt;&lt;strong&gt;自嘲&lt;/strong&gt;&lt;/em&gt;与&lt;em&gt;&lt;strong&gt;搞笑&lt;/strong&gt;&lt;/em&gt;的特点，并在&lt;strong&gt;我们的投票中&lt;/strong&gt;胜出&lt;/p&gt;
&lt;p&gt;&lt;img src=&#34;https://i.miji.bid/2024/01/01/4cac034a8cb3b84cef52931f1bbcbfd7.png&#34;
	
	
	
	loading=&#34;lazy&#34;
	
		alt=&#34;4cac034a8cb3b84cef52931f1bbcbfd7.png&#34;
	
	
&gt;&lt;/p&gt;
&lt;p&gt;由于不希望让 ASN Name 变得那么长，所以我们将 &lt;code&gt;High Ping Network&lt;/code&gt; 中的 &lt;code&gt;Network&lt;/code&gt; 删去了&lt;/p&gt;
&lt;h2 id=&#34;love&#34;&gt;Love&lt;/h2&gt;
&lt;p&gt;我们因热爱互联网而走到一起，可能我们的出现并不会在互联网激起什么水花，但我们仍乐在其中&lt;/p&gt;
&lt;h3 id=&#34;qa&#34;&gt;Q&amp;amp;A&lt;/h3&gt;
&lt;blockquote&gt;
&lt;p&gt;Q: 为什么要整一个 ASN?
A: 在之前，我们初次接触到了 DN42 网络，但是觉得在这样一个小众的圈子内不怎么好玩，所以产生了一个大胆的想法，那就是 &lt;strong&gt;整一个ASN!&lt;/strong&gt;&lt;/p&gt;
&lt;/blockquote&gt;
&lt;blockquote&gt;
&lt;p&gt;Q: 将来这个 ASN 会用来干什么?&lt;br&gt;
A: 这个问题&amp;hellip;我们也许没有答案。由于我们的 IP 段是平均分给每一位成员的，所以只要不违反道德以及法律底线，我们都可以接受。&lt;/p&gt;
&lt;/blockquote&gt;
&lt;blockquote&gt;
&lt;p&gt;Q: ASN 的花费?&lt;br&gt;
A: 从头到尾，我们在该 ASN 上约花费了 700CNY，包括了 zhnet 的公司代注册以及 Lir，还有一个域名 &lt;code&gt;highp.ing&lt;/code&gt;。加起来还有剩余，所以你可以看到，一个 ASN 也不是那么的贵。&lt;/p&gt;
&lt;/blockquote&gt;
&lt;h3 id=&#34;dn42&#34;&gt;DN42&lt;/h3&gt;
&lt;p&gt;我们是从 DN42 出来的，当然欢迎来 DN42 Peer&lt;/p&gt;
&lt;p&gt;我们有一部分的人有自己的 DN42 ASN:&lt;/p&gt;
&lt;ul&gt;
&lt;li&gt;&lt;a class=&#34;link&#34; href=&#34;https://t.me/C1oudF1are&#34;  target=&#34;_blank&#34; rel=&#34;noopener&#34;
    &gt;GenshinMinecraft&lt;/a&gt;: AS4242421304&lt;/li&gt;
&lt;li&gt;&lt;a class=&#34;link&#34; href=&#34;https://t.me/samandjyf1&#34;  target=&#34;_blank&#34; rel=&#34;noopener&#34;
    &gt;sam&lt;/a&gt;: AS4242422503&lt;/li&gt;
&lt;li&gt;&lt;a class=&#34;link&#34; href=&#34;https://t.me/Akiyama_mio_hi&#34;  target=&#34;_blank&#34; rel=&#34;noopener&#34;
    &gt;Mio&lt;/a&gt;: AS4242422406&lt;/li&gt;
&lt;li&gt;&lt;a class=&#34;link&#34; href=&#34;https://t.me/rtx5000ada&#34;  target=&#34;_blank&#34; rel=&#34;noopener&#34;
    &gt;rtx ςαΤ&lt;/a&gt;: AS4242423608&lt;/li&gt;
&lt;/ul&gt;
&lt;p&gt;如果您想要与我们在 DN42 中 Peer，可以通过上方的链接找到我们!&lt;/p&gt;
&lt;h2 id=&#34;open-source&#34;&gt;Open-Source&lt;/h2&gt;
&lt;p&gt;我们热爱开源，从我们网站大致就可以看出&lt;/p&gt;
&lt;p&gt;同时非常感谢为&lt;strong&gt;开源项目&lt;/strong&gt;做出贡献的&lt;strong&gt;每一位&lt;/strong&gt;开源人！&lt;/p&gt;
&lt;ul&gt;
&lt;li&gt;官网 &lt;a class=&#34;link&#34; href=&#34;https://highp.ing&#34;  target=&#34;_blank&#34; rel=&#34;noopener&#34;
    &gt;https://highp.ing&lt;/a&gt; : &lt;a class=&#34;link&#34; href=&#34;https://vitepress.dev/&#34;  target=&#34;_blank&#34; rel=&#34;noopener&#34;
    &gt;Vitepress&lt;/a&gt;&lt;/li&gt;
&lt;li&gt;博客 &lt;a class=&#34;link&#34; href=&#34;https://blog.highp.ing&#34;  target=&#34;_blank&#34; rel=&#34;noopener&#34;
    &gt;https://blog.highp.ing&lt;/a&gt; : &lt;a class=&#34;link&#34; href=&#34;https://gohugo.io/&#34;  target=&#34;_blank&#34; rel=&#34;noopener&#34;
    &gt;Hugo&lt;/a&gt;&lt;/li&gt;
&lt;/ul&gt;
&lt;h2 id=&#34;glad-to-meet-you-the-internet&#34;&gt;Glad To Meet You, The Internet!&lt;/h2&gt;
&lt;p&gt;&lt;code&gt;WE LOVE OPEN-SOURCE&lt;/code&gt;&lt;/p&gt;
&lt;p&gt;这句话，出自于 Arduino。如果你曾经买过 Arduino 的开发板，那你应该会发现开发板的盒子上都会印着这句话。这句话也是我们某位成员的座右铭&lt;/p&gt;
&lt;blockquote&gt;
&lt;p&gt;我们因热爱互联网而走到一起，可能我们的出现并不会在互联网激起什么水花，但我们仍乐在其中&lt;/p&gt;
&lt;/blockquote&gt;
&lt;p&gt;正如 &lt;strong&gt;《我家跨上了“信息高速路”》&lt;/strong&gt; 那篇课文，我们这一次是真正地跨上了 &lt;strong&gt;信息高速路&lt;/strong&gt;&lt;/p&gt;
&lt;blockquote&gt;
&lt;p&gt;它就像一个遍布全球的巨大蜘蛛网，把每一个国家、每一个城市甚至每一个家庭连接到一起。&lt;/p&gt;
&lt;/blockquote&gt;
&lt;p&gt;我们没有那么远大的理想将全世界都连接到一起，但是我们可以让我们自身与朋友连接在一起，That enough!&lt;/p&gt;
</description>
        </item>
        
    </channel>
</rss>
