<?xml version="1.0" encoding="utf-8" standalone="yes"?>
<rss version="2.0" xmlns:atom="http://www.w3.org/2005/Atom">
    <channel>
        <title>Pages on HighPing们の小小藏身地</title>
        <link>https://blog.highp.ing/page/</link>
        <description>Recent content in Pages on HighPing们の小小藏身地</description>
        <generator>Hugo -- gohugo.io</generator>
        <language>zh-cn</language>
        <lastBuildDate>Tue, 28 May 2019 00:00:00 +0000</lastBuildDate><atom:link href="https://blog.highp.ing/page/index.xml" rel="self" type="application/rss+xml" /><item>
        <title>Archives</title>
        <link>https://blog.highp.ing/archives/</link>
        <pubDate>Tue, 28 May 2019 00:00:00 +0000</pubDate>
        
        <guid>https://blog.highp.ing/archives/</guid>
        <description></description>
        </item>
        <item>
        <title>Links</title>
        <link>https://blog.highp.ing/links/</link>
        <pubDate>Mon, 01 Jan 0001 00:00:00 +0000</pubDate>
        
        <guid>https://blog.highp.ing/links/</guid>
        <description>&lt;!--
To use this feature, add `links` section to frontmatter.

This page&#39;s frontmatter:

```yaml
links:
  - title: GitHub
    description: GitHub is the world&#39;s largest software development platform.
    website: https://github.com
    image: https://github.githubassets.com/images/modules/logos_page/GitHub-Mark.png
  - title: TypeScript
    description: TypeScript is a typed superset of JavaScript that compiles to plain JavaScript.
    website: https://www.typescriptlang.org
    image: ts-logo-128.jpg
```

`image` field accepts both local and external images.

--&gt;
&lt;h2 id=&#34;友链哒哒哒&#34;&gt;友链哒哒哒~&lt;/h2&gt;
&lt;h3 id=&#34;可以来与-high-ping-blog-交换友链哦&#34;&gt;可以来与 High Ping Blog 交换友链哦~&lt;/h3&gt;
&lt;h3 id=&#34;e-mail-nochighping&#34;&gt;E-mail: &lt;a class=&#34;link&#34; href=&#34;mailto:noc@highp.ing&#34; &gt;noc@highp.ing&lt;/a&gt;&lt;/h3&gt;
&lt;h3 id=&#34;tg-highpingchat&#34;&gt;TG: @HighPingChat&lt;/h3&gt;
</description>
        </item>
        <item>
        <title>Search</title>
        <link>https://blog.highp.ing/search/</link>
        <pubDate>Mon, 01 Jan 0001 00:00:00 +0000</pubDate>
        
        <guid>https://blog.highp.ing/search/</guid>
        <description></description>
        </item>
        <item>
        <title>关于</title>
        <link>https://blog.highp.ing/%E5%85%B3%E4%BA%8E/</link>
        <pubDate>Mon, 01 Jan 0001 00:00:00 +0000</pubDate>
        
        <guid>https://blog.highp.ing/%E5%85%B3%E4%BA%8E/</guid>
        <description>&lt;h1 id=&#34;this-is-high-ping-network-official-blog&#34;&gt;This is High Ping Network Official Blog&lt;/h1&gt;
&lt;p&gt;Hi! 这里是 &lt;code&gt;High Ping Network&lt;/code&gt; 的官方博客&lt;/p&gt;
&lt;p&gt;&lt;code&gt;High Ping Network&lt;/code&gt; 的 ASN 正在申请中&lt;/p&gt;
&lt;p&gt;我们是由 11 个人组成的小团队：(按照首字母顺序排列)&lt;/p&gt;
&lt;ul&gt;
&lt;li&gt;&lt;a class=&#34;link&#34; href=&#34;https://t.me/C1oudF1are&#34;  target=&#34;_blank&#34; rel=&#34;noopener&#34;
    &gt;@GenshinMinecraft&lt;/a&gt;&lt;/li&gt;
&lt;li&gt;&lt;a class=&#34;link&#34; href=&#34;https://t.me/HighPingKat&#34;  target=&#34;_blank&#34; rel=&#34;noopener&#34;
    &gt;@HighPingKat&lt;/a&gt;&lt;/li&gt;
&lt;li&gt;&lt;a class=&#34;link&#34; href=&#34;https://t.me/cn_imkcp&#34;  target=&#34;_blank&#34; rel=&#34;noopener&#34;
    &gt;@imkcp&lt;/a&gt;&lt;/li&gt;
&lt;li&gt;&lt;a class=&#34;link&#34; href=&#34;https://t.me/Lemonawa&#34;  target=&#34;_blank&#34; rel=&#34;noopener&#34;
    &gt;@Lemonawa&lt;/a&gt;&lt;/li&gt;
&lt;li&gt;&lt;a class=&#34;link&#34; href=&#34;https://t.me/Lengz1m0&#34;  target=&#34;_blank&#34; rel=&#34;noopener&#34;
    &gt;@Lengz1m0&lt;/a&gt;&lt;/li&gt;
&lt;li&gt;&lt;a class=&#34;link&#34; href=&#34;https://t.me/Akiyama_mio_hi&#34;  target=&#34;_blank&#34; rel=&#34;noopener&#34;
    &gt;@Mio&lt;/a&gt;&lt;/li&gt;
&lt;li&gt;&lt;a class=&#34;link&#34; href=&#34;https://t.me/CNVET&#34;  target=&#34;_blank&#34; rel=&#34;noopener&#34;
    &gt;@re:NoAries&lt;/a&gt;&lt;/li&gt;
&lt;li&gt;&lt;a class=&#34;link&#34; href=&#34;https://t.me/rtx5000ada&#34;  target=&#34;_blank&#34; rel=&#34;noopener&#34;
    &gt;@rtx ςαΤ&lt;/a&gt;&lt;/li&gt;
&lt;li&gt;&lt;a class=&#34;link&#34; href=&#34;https://t.me/samandjyf1&#34;  target=&#34;_blank&#34; rel=&#34;noopener&#34;
    &gt;@sam&lt;/a&gt;&lt;/li&gt;
&lt;li&gt;&lt;a class=&#34;link&#34; href=&#34;https://t.me/dann2333&#34;  target=&#34;_blank&#34; rel=&#34;noopener&#34;
    &gt;@Toothless&lt;/a&gt;&lt;/li&gt;
&lt;li&gt;&lt;a class=&#34;link&#34; href=&#34;https://t.me/UniOreoX&#34;  target=&#34;_blank&#34; rel=&#34;noopener&#34;
    &gt;@UniOreoX&lt;/a&gt;&lt;/li&gt;
&lt;/ul&gt;
&lt;p&gt;我们的举报邮箱: &lt;a class=&#34;link&#34; href=&#34;mailto:abuse@highp.ing&#34; &gt;abuse@highp.ing&lt;/a&gt;&lt;/p&gt;
&lt;p&gt;我们的官网: &lt;a class=&#34;link&#34; href=&#34;https://highp.ing&#34;  target=&#34;_blank&#34; rel=&#34;noopener&#34;
    &gt;https://highp.ing&lt;/a&gt;&lt;/p&gt;
&lt;h2 id=&#34;high-ping-network-这一名称的由来&#34;&gt;&lt;code&gt;High Ping Network&lt;/code&gt; 这一名称的由来&lt;/h2&gt;
&lt;p&gt;&lt;code&gt;High Ping&lt;/code&gt; 的意思是 &lt;strong&gt;延迟高&lt;/strong&gt;，所以 &lt;code&gt;High Ping Network&lt;/code&gt; 的意思就是 &lt;strong&gt;延迟很高的网络&lt;/strong&gt;&lt;/p&gt;
&lt;p&gt;这一名字具有&lt;em&gt;&lt;strong&gt;自嘲&lt;/strong&gt;&lt;/em&gt;与&lt;em&gt;&lt;strong&gt;搞笑&lt;/strong&gt;&lt;/em&gt;的特点，并在&lt;strong&gt;我们的投票中&lt;/strong&gt;胜出&lt;/p&gt;
&lt;p&gt;&lt;img src=&#34;https://i.miji.bid/2024/01/01/4cac034a8cb3b84cef52931f1bbcbfd7.png&#34;
	
	
	
	loading=&#34;lazy&#34;
	
		alt=&#34;4cac034a8cb3b84cef52931f1bbcbfd7.png&#34;
	
	
&gt;&lt;/p&gt;
&lt;p&gt;由于不希望让 ASN Name 变得那么长，所以我们将 &lt;code&gt;High Ping Network&lt;/code&gt; 中的 &lt;code&gt;Network&lt;/code&gt; 删去了&lt;/p&gt;
&lt;h2 id=&#34;glad-to-meet-you-the-internet&#34;&gt;Glad To Meet You, The Internet!&lt;/h2&gt;
&lt;p&gt;&lt;strong&gt;我家跨上了“信息高速路”&lt;/strong&gt;&lt;/p&gt;
&lt;blockquote&gt;
&lt;p&gt;Q: 为什么要整一个 ASN ？&lt;br&gt;
A: 在之前，我们初次接触到了 DN42 网络，但是觉得在这样一个小众的圈子内不怎么好玩，所以产生了一个大胆的想法，那就是 &lt;strong&gt;整一个ASN!&lt;/strong&gt;&lt;/p&gt;
&lt;/blockquote&gt;
&lt;p&gt;这是我们跨入 Internet 的又一个脚印，也是我们接触新事物的一个开始！&lt;/p&gt;
&lt;p&gt;正如那篇课文《我家跨上了“信息高速路”》，这次，我们是真的跨上了 &lt;strong&gt;信息高速路！&lt;/strong&gt;&lt;/p&gt;
&lt;p&gt;有了自己的 ASN 后，我想对 Internet 的各位说一句：&lt;/p&gt;
&lt;h3 id=&#34;glad-to-meet-you-the-internet-1&#34;&gt;Glad To Meet You, The Internet!&lt;/h3&gt;
</description>
        </item>
        
    </channel>
</rss>
