<?xml version="1.0" encoding="utf-8" standalone="yes"?>
<rss version="2.0" xmlns:atom="http://www.w3.org/2005/Atom">
    <channel>
        <title>Music on HighPing们の小小藏身地</title>
        <link>https://blog.highp.ing/categories/music/</link>
        <description>Recent content in Music on HighPing们の小小藏身地</description>
        <generator>Hugo -- gohugo.io</generator>
        <language>zh-cn</language>
        <lastBuildDate>Sat, 25 Nov 2023 00:00:00 +0000</lastBuildDate><atom:link href="https://blog.highp.ing/categories/music/index.xml" rel="self" type="application/rss+xml" /><item>
        <title>Navidrome 家庭音乐云 | 从入门到入土</title>
        <link>https://blog.highp.ing/p/navidrome/</link>
        <pubDate>Sat, 25 Nov 2023 00:00:00 +0000</pubDate>
        
        <guid>https://blog.highp.ing/p/navidrome/</guid>
        <description>&lt;img src="https://blog.highp.ing/p/navidrome/42e63ef0-8e1e-44e3-a7d2-4eafda8ba256_18c0978d2ac.png" alt="Featured image of post Navidrome 家庭音乐云 | 从入门到入土" /&gt;&lt;h1 id=&#34;navidrome-家庭音乐云--从入门到入土&#34;&gt;Navidrome 家庭音乐云 | 从入门到入土&lt;/h1&gt;
&lt;h2 id=&#34;前言&#34;&gt;前言&lt;/h2&gt;
&lt;p&gt;本文由 &lt;code&gt;High Ping Network&lt;/code&gt; 的小伙伴 GenshinMinecraft 进行编撰，首发于 &lt;a class=&#34;link&#34; href=&#34;https://blog.highp.ing&#34;  target=&#34;_blank&#34; rel=&#34;noopener&#34;
    &gt;本博客&lt;/a&gt;&lt;/p&gt;
&lt;p&gt;&lt;strong&gt;注：本文为 Ubuntu 22.04 系统环境，Debian 系列可照抄&lt;/strong&gt;&lt;/p&gt;
&lt;p&gt;&lt;strong&gt;Navidrome&lt;/strong&gt;是一个自托管(Self-Hosted)、低占用、兼容&lt;strong&gt;Subsonic&lt;/strong&gt;的开源音乐流媒体服务，常被用于家庭云、NAS等内网服务器上。&lt;/p&gt;
&lt;h3 id=&#34;与其他自建流媒体服务的比较&#34;&gt;与其他自建流媒体服务的比较：&lt;/h3&gt;
&lt;ul&gt;
&lt;li&gt;Plex: 开源，没话说&lt;/li&gt;
&lt;li&gt;Emby: 开源，没话说&lt;/li&gt;
&lt;li&gt;Jellyfin: &lt;code&gt;Jellyfin&lt;/code&gt; 一般来说是影视服务器，而且&lt;strong&gt;占用很高&lt;/strong&gt;，不适合运用在单纯音乐云的环境下&lt;/li&gt;
&lt;li&gt;Subsonic: 这么古老的东西你还在用？&lt;/li&gt;
&lt;li&gt;Airsonic: 开源版Subsonic，长得差不多，也挺古老&lt;/li&gt;
&lt;/ul&gt;
&lt;h3 id=&#34;先来看看所需要的东西&#34;&gt;先来看看所需要的东西：&lt;/h3&gt;
&lt;ul&gt;
&lt;li&gt;脑子&lt;/li&gt;
&lt;li&gt;机器一台（需要拥有足够的硬盘，如无硬盘可用Alist挂载网盘等代替，详见&lt;a class=&#34;link&#34; href=&#34;https://c1oudf1are.link/p/alist/&#34;  target=&#34;_blank&#34; rel=&#34;noopener&#34;
    &gt;这里&lt;/a&gt;和&lt;a class=&#34;link&#34; href=&#34;https://c1oudf1are.link/p/rclone-fuse/&#34;  target=&#34;_blank&#34; rel=&#34;noopener&#34;
    &gt;那里&lt;/a&gt;&lt;/li&gt;
&lt;li&gt;一个音乐平台账号（本文用 Netease 网易云音乐 CVIP 做演示）&lt;/li&gt;
&lt;li&gt;会使用 音乐 Metadata 编辑器（之所以用网易云因为自带 Metadata，不用自己找了）&lt;/li&gt;
&lt;/ul&gt;
&lt;p&gt;&lt;em&gt;请注意：最重要的还是硬盘，一般来说一首&lt;strong&gt;无损flac&lt;/strong&gt;轻轻松松&lt;strong&gt;150M&lt;/strong&gt;以上，所以对于一般人歌单300首歌曲来说，一个50G的空间还是要有的&lt;/em&gt;&lt;/p&gt;
&lt;h2 id=&#34;安装navidrome&#34;&gt;安装Navidrome&lt;/h2&gt;
&lt;p&gt;&lt;strong&gt;请使用root用户执行下列的命令!&lt;/strong&gt;&lt;/p&gt;
&lt;p&gt;顺序执行下列命令：&lt;/p&gt;
&lt;div class=&#34;highlight&#34;&gt;&lt;div class=&#34;chroma&#34;&gt;
&lt;table class=&#34;lntable&#34;&gt;&lt;tr&gt;&lt;td class=&#34;lntd&#34;&gt;
&lt;pre tabindex=&#34;0&#34; class=&#34;chroma&#34;&gt;&lt;code&gt;&lt;span class=&#34;lnt&#34;&gt; 1
&lt;/span&gt;&lt;span class=&#34;lnt&#34;&gt; 2
&lt;/span&gt;&lt;span class=&#34;lnt&#34;&gt; 3
&lt;/span&gt;&lt;span class=&#34;lnt&#34;&gt; 4
&lt;/span&gt;&lt;span class=&#34;lnt&#34;&gt; 5
&lt;/span&gt;&lt;span class=&#34;lnt&#34;&gt; 6
&lt;/span&gt;&lt;span class=&#34;lnt&#34;&gt; 7
&lt;/span&gt;&lt;span class=&#34;lnt&#34;&gt; 8
&lt;/span&gt;&lt;span class=&#34;lnt&#34;&gt; 9
&lt;/span&gt;&lt;span class=&#34;lnt&#34;&gt;10
&lt;/span&gt;&lt;/code&gt;&lt;/pre&gt;&lt;/td&gt;
&lt;td class=&#34;lntd&#34;&gt;
&lt;pre tabindex=&#34;0&#34; class=&#34;chroma&#34;&gt;&lt;code class=&#34;language-bash&#34; data-lang=&#34;bash&#34;&gt;&lt;span class=&#34;line&#34;&gt;&lt;span class=&#34;cl&#34;&gt;apt install ffmpeg
&lt;/span&gt;&lt;/span&gt;&lt;span class=&#34;line&#34;&gt;&lt;span class=&#34;cl&#34;&gt;
&lt;/span&gt;&lt;/span&gt;&lt;span class=&#34;line&#34;&gt;&lt;span class=&#34;cl&#34;&gt;sudo install -d -o &lt;span class=&#34;sb&#34;&gt;`&lt;/span&gt;whoami&lt;span class=&#34;sb&#34;&gt;`&lt;/span&gt; -g &lt;span class=&#34;sb&#34;&gt;`&lt;/span&gt;whoami&lt;span class=&#34;sb&#34;&gt;`&lt;/span&gt; /opt/navidrome
&lt;/span&gt;&lt;/span&gt;&lt;span class=&#34;line&#34;&gt;&lt;span class=&#34;cl&#34;&gt;sudo install -d -o &lt;span class=&#34;sb&#34;&gt;`&lt;/span&gt;whoami&lt;span class=&#34;sb&#34;&gt;`&lt;/span&gt; -g &lt;span class=&#34;sb&#34;&gt;`&lt;/span&gt;whoami&lt;span class=&#34;sb&#34;&gt;`&lt;/span&gt; /var/lib/navidrome
&lt;/span&gt;&lt;/span&gt;&lt;span class=&#34;line&#34;&gt;&lt;span class=&#34;cl&#34;&gt;
&lt;/span&gt;&lt;/span&gt;&lt;span class=&#34;line&#34;&gt;&lt;span class=&#34;cl&#34;&gt;&lt;span class=&#34;c1&#34;&gt;# 请自行从 https://github.com/navidrome/navidrome/releases 获取最新的版本以及你机器所对应的架构，替换下面的下载链接&lt;/span&gt;
&lt;/span&gt;&lt;/span&gt;&lt;span class=&#34;line&#34;&gt;&lt;span class=&#34;cl&#34;&gt;sudo wget https://github.com/navidrome/navidrome/releases/download/v0.50.1/navidrome_0.50.1_linux_amd64.tar.gz -O Navidrome.tar.gz
&lt;/span&gt;&lt;/span&gt;&lt;span class=&#34;line&#34;&gt;&lt;span class=&#34;cl&#34;&gt;bash
&lt;/span&gt;&lt;/span&gt;&lt;span class=&#34;line&#34;&gt;&lt;span class=&#34;cl&#34;&gt;sudo tar -xvzf Navidrome.tar.gz -C /opt/navidrome/
&lt;/span&gt;&lt;/span&gt;&lt;span class=&#34;line&#34;&gt;&lt;span class=&#34;cl&#34;&gt;sudo chown -R &lt;span class=&#34;sb&#34;&gt;`&lt;/span&gt;whoami&lt;span class=&#34;sb&#34;&gt;`&lt;/span&gt;:&lt;span class=&#34;sb&#34;&gt;`&lt;/span&gt;whoami&lt;span class=&#34;sb&#34;&gt;`&lt;/span&gt; /opt/navidrome
&lt;/span&gt;&lt;/span&gt;&lt;/code&gt;&lt;/pre&gt;&lt;/td&gt;&lt;/tr&gt;&lt;/table&gt;
&lt;/div&gt;
&lt;/div&gt;&lt;p&gt;然后用你喜欢的编辑器打开(没有就新建) &lt;code&gt;/var/lib/navidrome/navidrome.toml&lt;/code&gt;&lt;/p&gt;
&lt;div class=&#34;highlight&#34;&gt;&lt;div class=&#34;chroma&#34;&gt;
&lt;table class=&#34;lntable&#34;&gt;&lt;tr&gt;&lt;td class=&#34;lntd&#34;&gt;
&lt;pre tabindex=&#34;0&#34; class=&#34;chroma&#34;&gt;&lt;code&gt;&lt;span class=&#34;lnt&#34;&gt;1
&lt;/span&gt;&lt;span class=&#34;lnt&#34;&gt;2
&lt;/span&gt;&lt;/code&gt;&lt;/pre&gt;&lt;/td&gt;
&lt;td class=&#34;lntd&#34;&gt;
&lt;pre tabindex=&#34;0&#34; class=&#34;chroma&#34;&gt;&lt;code class=&#34;language-fallback&#34; data-lang=&#34;fallback&#34;&gt;&lt;span class=&#34;line&#34;&gt;&lt;span class=&#34;cl&#34;&gt;MusicFolder = &amp;#34;/music&amp;#34;
&lt;/span&gt;&lt;/span&gt;&lt;span class=&#34;line&#34;&gt;&lt;span class=&#34;cl&#34;&gt;Port = 4533
&lt;/span&gt;&lt;/span&gt;&lt;/code&gt;&lt;/pre&gt;&lt;/td&gt;&lt;/tr&gt;&lt;/table&gt;
&lt;/div&gt;
&lt;/div&gt;&lt;p&gt;请自行修改 音乐目录 和 端口号，一般的，Navidrome 的端口号默认为&lt;code&gt;4533&lt;/code&gt;&lt;/p&gt;
&lt;p&gt;然后，再用你喜欢的编辑器打开(没有就新建) &lt;code&gt;/etc/systemd/system/navidrome.service&lt;/code&gt;&lt;/p&gt;
&lt;div class=&#34;highlight&#34;&gt;&lt;div class=&#34;chroma&#34;&gt;
&lt;table class=&#34;lntable&#34;&gt;&lt;tr&gt;&lt;td class=&#34;lntd&#34;&gt;
&lt;pre tabindex=&#34;0&#34; class=&#34;chroma&#34;&gt;&lt;code&gt;&lt;span class=&#34;lnt&#34;&gt; 1
&lt;/span&gt;&lt;span class=&#34;lnt&#34;&gt; 2
&lt;/span&gt;&lt;span class=&#34;lnt&#34;&gt; 3
&lt;/span&gt;&lt;span class=&#34;lnt&#34;&gt; 4
&lt;/span&gt;&lt;span class=&#34;lnt&#34;&gt; 5
&lt;/span&gt;&lt;span class=&#34;lnt&#34;&gt; 6
&lt;/span&gt;&lt;span class=&#34;lnt&#34;&gt; 7
&lt;/span&gt;&lt;span class=&#34;lnt&#34;&gt; 8
&lt;/span&gt;&lt;span class=&#34;lnt&#34;&gt; 9
&lt;/span&gt;&lt;span class=&#34;lnt&#34;&gt;10
&lt;/span&gt;&lt;span class=&#34;lnt&#34;&gt;11
&lt;/span&gt;&lt;span class=&#34;lnt&#34;&gt;12
&lt;/span&gt;&lt;span class=&#34;lnt&#34;&gt;13
&lt;/span&gt;&lt;span class=&#34;lnt&#34;&gt;14
&lt;/span&gt;&lt;span class=&#34;lnt&#34;&gt;15
&lt;/span&gt;&lt;span class=&#34;lnt&#34;&gt;16
&lt;/span&gt;&lt;span class=&#34;lnt&#34;&gt;17
&lt;/span&gt;&lt;span class=&#34;lnt&#34;&gt;18
&lt;/span&gt;&lt;span class=&#34;lnt&#34;&gt;19
&lt;/span&gt;&lt;span class=&#34;lnt&#34;&gt;20
&lt;/span&gt;&lt;span class=&#34;lnt&#34;&gt;21
&lt;/span&gt;&lt;span class=&#34;lnt&#34;&gt;22
&lt;/span&gt;&lt;span class=&#34;lnt&#34;&gt;23
&lt;/span&gt;&lt;span class=&#34;lnt&#34;&gt;24
&lt;/span&gt;&lt;span class=&#34;lnt&#34;&gt;25
&lt;/span&gt;&lt;span class=&#34;lnt&#34;&gt;26
&lt;/span&gt;&lt;span class=&#34;lnt&#34;&gt;27
&lt;/span&gt;&lt;span class=&#34;lnt&#34;&gt;28
&lt;/span&gt;&lt;span class=&#34;lnt&#34;&gt;29
&lt;/span&gt;&lt;span class=&#34;lnt&#34;&gt;30
&lt;/span&gt;&lt;span class=&#34;lnt&#34;&gt;31
&lt;/span&gt;&lt;/code&gt;&lt;/pre&gt;&lt;/td&gt;
&lt;td class=&#34;lntd&#34;&gt;
&lt;pre tabindex=&#34;0&#34; class=&#34;chroma&#34;&gt;&lt;code class=&#34;language-systemd&#34; data-lang=&#34;systemd&#34;&gt;&lt;span class=&#34;line&#34;&gt;&lt;span class=&#34;cl&#34;&gt;&lt;span class=&#34;k&#34;&gt;[Unit]&lt;/span&gt;
&lt;/span&gt;&lt;/span&gt;&lt;span class=&#34;line&#34;&gt;&lt;span class=&#34;cl&#34;&gt;&lt;span class=&#34;na&#34;&gt;Description&lt;/span&gt;&lt;span class=&#34;o&#34;&gt;=&lt;/span&gt;&lt;span class=&#34;s&#34;&gt;Navidrome Music Server and Streamer compatible with Subsonic/Airsonic&lt;/span&gt;
&lt;/span&gt;&lt;/span&gt;&lt;span class=&#34;line&#34;&gt;&lt;span class=&#34;cl&#34;&gt;&lt;span class=&#34;na&#34;&gt;After&lt;/span&gt;&lt;span class=&#34;o&#34;&gt;=&lt;/span&gt;&lt;span class=&#34;s&#34;&gt;remote-fs.target network.target&lt;/span&gt;
&lt;/span&gt;&lt;/span&gt;&lt;span class=&#34;line&#34;&gt;&lt;span class=&#34;cl&#34;&gt;&lt;span class=&#34;na&#34;&gt;AssertPathExists&lt;/span&gt;&lt;span class=&#34;o&#34;&gt;=&lt;/span&gt;&lt;span class=&#34;s&#34;&gt;/var/lib/navidrome&lt;/span&gt;
&lt;/span&gt;&lt;/span&gt;&lt;span class=&#34;line&#34;&gt;&lt;span class=&#34;cl&#34;&gt;
&lt;/span&gt;&lt;/span&gt;&lt;span class=&#34;line&#34;&gt;&lt;span class=&#34;cl&#34;&gt;&lt;span class=&#34;k&#34;&gt;[Install]&lt;/span&gt;
&lt;/span&gt;&lt;/span&gt;&lt;span class=&#34;line&#34;&gt;&lt;span class=&#34;cl&#34;&gt;&lt;span class=&#34;na&#34;&gt;WantedBy&lt;/span&gt;&lt;span class=&#34;o&#34;&gt;=&lt;/span&gt;&lt;span class=&#34;s&#34;&gt;multi-user.target&lt;/span&gt;
&lt;/span&gt;&lt;/span&gt;&lt;span class=&#34;line&#34;&gt;&lt;span class=&#34;cl&#34;&gt;
&lt;/span&gt;&lt;/span&gt;&lt;span class=&#34;line&#34;&gt;&lt;span class=&#34;cl&#34;&gt;&lt;span class=&#34;k&#34;&gt;[Service]&lt;/span&gt;
&lt;/span&gt;&lt;/span&gt;&lt;span class=&#34;line&#34;&gt;&lt;span class=&#34;cl&#34;&gt;&lt;span class=&#34;na&#34;&gt;User&lt;/span&gt;&lt;span class=&#34;o&#34;&gt;=&lt;/span&gt;&lt;span class=&#34;s&#34;&gt;root&lt;/span&gt;
&lt;/span&gt;&lt;/span&gt;&lt;span class=&#34;line&#34;&gt;&lt;span class=&#34;cl&#34;&gt;&lt;span class=&#34;na&#34;&gt;Group&lt;/span&gt;&lt;span class=&#34;o&#34;&gt;=&lt;/span&gt;&lt;span class=&#34;s&#34;&gt;root&lt;/span&gt;
&lt;/span&gt;&lt;/span&gt;&lt;span class=&#34;line&#34;&gt;&lt;span class=&#34;cl&#34;&gt;&lt;span class=&#34;na&#34;&gt;Type&lt;/span&gt;&lt;span class=&#34;o&#34;&gt;=&lt;/span&gt;&lt;span class=&#34;s&#34;&gt;simple&lt;/span&gt;
&lt;/span&gt;&lt;/span&gt;&lt;span class=&#34;line&#34;&gt;&lt;span class=&#34;cl&#34;&gt;&lt;span class=&#34;na&#34;&gt;ExecStart&lt;/span&gt;&lt;span class=&#34;o&#34;&gt;=&lt;/span&gt;&lt;span class=&#34;s&#34;&gt;/opt/navidrome/navidrome --configfile &amp;#34;/var/lib/navidrome/navidrome.toml&amp;#34;&lt;/span&gt;
&lt;/span&gt;&lt;/span&gt;&lt;span class=&#34;line&#34;&gt;&lt;span class=&#34;cl&#34;&gt;&lt;span class=&#34;na&#34;&gt;WorkingDirectory&lt;/span&gt;&lt;span class=&#34;o&#34;&gt;=&lt;/span&gt;&lt;span class=&#34;s&#34;&gt;/var/lib/navidrome&lt;/span&gt;
&lt;/span&gt;&lt;/span&gt;&lt;span class=&#34;line&#34;&gt;&lt;span class=&#34;cl&#34;&gt;&lt;span class=&#34;na&#34;&gt;TimeoutStopSec&lt;/span&gt;&lt;span class=&#34;o&#34;&gt;=&lt;/span&gt;&lt;span class=&#34;s&#34;&gt;20&lt;/span&gt;
&lt;/span&gt;&lt;/span&gt;&lt;span class=&#34;line&#34;&gt;&lt;span class=&#34;cl&#34;&gt;&lt;span class=&#34;na&#34;&gt;KillMode&lt;/span&gt;&lt;span class=&#34;o&#34;&gt;=&lt;/span&gt;&lt;span class=&#34;s&#34;&gt;process&lt;/span&gt;
&lt;/span&gt;&lt;/span&gt;&lt;span class=&#34;line&#34;&gt;&lt;span class=&#34;cl&#34;&gt;&lt;span class=&#34;na&#34;&gt;Restart&lt;/span&gt;&lt;span class=&#34;o&#34;&gt;=&lt;/span&gt;&lt;span class=&#34;s&#34;&gt;on-failure&lt;/span&gt;
&lt;/span&gt;&lt;/span&gt;&lt;span class=&#34;line&#34;&gt;&lt;span class=&#34;cl&#34;&gt;
&lt;/span&gt;&lt;/span&gt;&lt;span class=&#34;line&#34;&gt;&lt;span class=&#34;cl&#34;&gt;&lt;span class=&#34;na&#34;&gt;DevicePolicy&lt;/span&gt;&lt;span class=&#34;o&#34;&gt;=&lt;/span&gt;&lt;span class=&#34;s&#34;&gt;closed&lt;/span&gt;
&lt;/span&gt;&lt;/span&gt;&lt;span class=&#34;line&#34;&gt;&lt;span class=&#34;cl&#34;&gt;&lt;span class=&#34;na&#34;&gt;NoNewPrivileges&lt;/span&gt;&lt;span class=&#34;o&#34;&gt;=&lt;/span&gt;&lt;span class=&#34;s&#34;&gt;yes&lt;/span&gt;
&lt;/span&gt;&lt;/span&gt;&lt;span class=&#34;line&#34;&gt;&lt;span class=&#34;cl&#34;&gt;&lt;span class=&#34;na&#34;&gt;PrivateTmp&lt;/span&gt;&lt;span class=&#34;o&#34;&gt;=&lt;/span&gt;&lt;span class=&#34;s&#34;&gt;yes&lt;/span&gt;
&lt;/span&gt;&lt;/span&gt;&lt;span class=&#34;line&#34;&gt;&lt;span class=&#34;cl&#34;&gt;&lt;span class=&#34;na&#34;&gt;PrivateUsers&lt;/span&gt;&lt;span class=&#34;o&#34;&gt;=&lt;/span&gt;&lt;span class=&#34;s&#34;&gt;yes&lt;/span&gt;
&lt;/span&gt;&lt;/span&gt;&lt;span class=&#34;line&#34;&gt;&lt;span class=&#34;cl&#34;&gt;&lt;span class=&#34;na&#34;&gt;ProtectControlGroups&lt;/span&gt;&lt;span class=&#34;o&#34;&gt;=&lt;/span&gt;&lt;span class=&#34;s&#34;&gt;yes&lt;/span&gt;
&lt;/span&gt;&lt;/span&gt;&lt;span class=&#34;line&#34;&gt;&lt;span class=&#34;cl&#34;&gt;&lt;span class=&#34;na&#34;&gt;ProtectKernelModules&lt;/span&gt;&lt;span class=&#34;o&#34;&gt;=&lt;/span&gt;&lt;span class=&#34;s&#34;&gt;yes&lt;/span&gt;
&lt;/span&gt;&lt;/span&gt;&lt;span class=&#34;line&#34;&gt;&lt;span class=&#34;cl&#34;&gt;&lt;span class=&#34;na&#34;&gt;ProtectKernelTunables&lt;/span&gt;&lt;span class=&#34;o&#34;&gt;=&lt;/span&gt;&lt;span class=&#34;s&#34;&gt;yes&lt;/span&gt;
&lt;/span&gt;&lt;/span&gt;&lt;span class=&#34;line&#34;&gt;&lt;span class=&#34;cl&#34;&gt;&lt;span class=&#34;na&#34;&gt;RestrictAddressFamilies&lt;/span&gt;&lt;span class=&#34;o&#34;&gt;=&lt;/span&gt;&lt;span class=&#34;s&#34;&gt;AF_UNIX AF_INET AF_INET6&lt;/span&gt;
&lt;/span&gt;&lt;/span&gt;&lt;span class=&#34;line&#34;&gt;&lt;span class=&#34;cl&#34;&gt;&lt;span class=&#34;na&#34;&gt;RestrictNamespaces&lt;/span&gt;&lt;span class=&#34;o&#34;&gt;=&lt;/span&gt;&lt;span class=&#34;s&#34;&gt;yes&lt;/span&gt;
&lt;/span&gt;&lt;/span&gt;&lt;span class=&#34;line&#34;&gt;&lt;span class=&#34;cl&#34;&gt;&lt;span class=&#34;na&#34;&gt;RestrictRealtime&lt;/span&gt;&lt;span class=&#34;o&#34;&gt;=&lt;/span&gt;&lt;span class=&#34;s&#34;&gt;yes&lt;/span&gt;
&lt;/span&gt;&lt;/span&gt;&lt;span class=&#34;line&#34;&gt;&lt;span class=&#34;cl&#34;&gt;&lt;span class=&#34;na&#34;&gt;SystemCallFilter&lt;/span&gt;&lt;span class=&#34;o&#34;&gt;=&lt;/span&gt;&lt;span class=&#34;s&#34;&gt;~@clock @debug @module @mount @obsolete @reboot @setuid @swap&lt;/span&gt;
&lt;/span&gt;&lt;/span&gt;&lt;span class=&#34;line&#34;&gt;&lt;span class=&#34;cl&#34;&gt;&lt;span class=&#34;na&#34;&gt;ReadWritePaths&lt;/span&gt;&lt;span class=&#34;o&#34;&gt;=&lt;/span&gt;&lt;span class=&#34;s&#34;&gt;/var/lib/navidrome&lt;/span&gt;
&lt;/span&gt;&lt;/span&gt;&lt;span class=&#34;line&#34;&gt;&lt;span class=&#34;cl&#34;&gt;&lt;span class=&#34;na&#34;&gt;ProtectSystem&lt;/span&gt;&lt;span class=&#34;o&#34;&gt;=&lt;/span&gt;&lt;span class=&#34;s&#34;&gt;full&lt;/span&gt;
&lt;/span&gt;&lt;/span&gt;&lt;/code&gt;&lt;/pre&gt;&lt;/td&gt;&lt;/tr&gt;&lt;/table&gt;
&lt;/div&gt;
&lt;/div&gt;&lt;p&gt;或直接使用下列命令来快速完成配置:&lt;/p&gt;
&lt;div class=&#34;highlight&#34;&gt;&lt;div class=&#34;chroma&#34;&gt;
&lt;table class=&#34;lntable&#34;&gt;&lt;tr&gt;&lt;td class=&#34;lntd&#34;&gt;
&lt;pre tabindex=&#34;0&#34; class=&#34;chroma&#34;&gt;&lt;code&gt;&lt;span class=&#34;lnt&#34;&gt;1
&lt;/span&gt;&lt;/code&gt;&lt;/pre&gt;&lt;/td&gt;
&lt;td class=&#34;lntd&#34;&gt;
&lt;pre tabindex=&#34;0&#34; class=&#34;chroma&#34;&gt;&lt;code class=&#34;language-bash&#34; data-lang=&#34;bash&#34;&gt;&lt;span class=&#34;line&#34;&gt;&lt;span class=&#34;cl&#34;&gt;wget -O /etc/systemd/system/navidrome.service https://c1oudf1are.link/navidrome/navidrome.service
&lt;/span&gt;&lt;/span&gt;&lt;/code&gt;&lt;/pre&gt;&lt;/td&gt;&lt;/tr&gt;&lt;/table&gt;
&lt;/div&gt;
&lt;/div&gt;&lt;p&gt;随后，即可使用&lt;code&gt;systemctl&lt;/code&gt;来管理 &lt;code&gt;Navidrome&lt;/code&gt; 了！&lt;/p&gt;
&lt;div class=&#34;highlight&#34;&gt;&lt;div class=&#34;chroma&#34;&gt;
&lt;table class=&#34;lntable&#34;&gt;&lt;tr&gt;&lt;td class=&#34;lntd&#34;&gt;
&lt;pre tabindex=&#34;0&#34; class=&#34;chroma&#34;&gt;&lt;code&gt;&lt;span class=&#34;lnt&#34;&gt;1
&lt;/span&gt;&lt;span class=&#34;lnt&#34;&gt;2
&lt;/span&gt;&lt;span class=&#34;lnt&#34;&gt;3
&lt;/span&gt;&lt;span class=&#34;lnt&#34;&gt;4
&lt;/span&gt;&lt;span class=&#34;lnt&#34;&gt;5
&lt;/span&gt;&lt;span class=&#34;lnt&#34;&gt;6
&lt;/span&gt;&lt;span class=&#34;lnt&#34;&gt;7
&lt;/span&gt;&lt;/code&gt;&lt;/pre&gt;&lt;/td&gt;
&lt;td class=&#34;lntd&#34;&gt;
&lt;pre tabindex=&#34;0&#34; class=&#34;chroma&#34;&gt;&lt;code class=&#34;language-bash&#34; data-lang=&#34;bash&#34;&gt;&lt;span class=&#34;line&#34;&gt;&lt;span class=&#34;cl&#34;&gt;systemctl daemon-reload &lt;span class=&#34;c1&#34;&gt;#重载服务&lt;/span&gt;
&lt;/span&gt;&lt;/span&gt;&lt;span class=&#34;line&#34;&gt;&lt;span class=&#34;cl&#34;&gt;systemctl start navidrome.service &lt;span class=&#34;c1&#34;&gt;#启动服务&lt;/span&gt;
&lt;/span&gt;&lt;/span&gt;&lt;span class=&#34;line&#34;&gt;&lt;span class=&#34;cl&#34;&gt;systemctl stop navidrome.service &lt;span class=&#34;c1&#34;&gt;#关闭服务&lt;/span&gt;
&lt;/span&gt;&lt;/span&gt;&lt;span class=&#34;line&#34;&gt;&lt;span class=&#34;cl&#34;&gt;systemctl status navidrome.service &lt;span class=&#34;c1&#34;&gt;#查看日志&lt;/span&gt;
&lt;/span&gt;&lt;/span&gt;&lt;span class=&#34;line&#34;&gt;&lt;span class=&#34;cl&#34;&gt;
&lt;/span&gt;&lt;/span&gt;&lt;span class=&#34;line&#34;&gt;&lt;span class=&#34;cl&#34;&gt;systemctl &lt;span class=&#34;nb&#34;&gt;enable&lt;/span&gt; navidrome.service &lt;span class=&#34;c1&#34;&gt;#开启开机自启动&lt;/span&gt;
&lt;/span&gt;&lt;/span&gt;&lt;span class=&#34;line&#34;&gt;&lt;span class=&#34;cl&#34;&gt;systemctl disable navidrome.service &lt;span class=&#34;c1&#34;&gt;#关闭开机自启动&lt;/span&gt;
&lt;/span&gt;&lt;/span&gt;&lt;/code&gt;&lt;/pre&gt;&lt;/td&gt;&lt;/tr&gt;&lt;/table&gt;
&lt;/div&gt;
&lt;/div&gt;&lt;p&gt;随后，在浏览器内访问 http://IP:PORT 查看，请注意放行 本机防火墙与服务商面板防火墙 （如果有）&lt;/p&gt;
&lt;p&gt;然后整个账号就行了！&lt;/p&gt;
&lt;h2 id=&#34;获取音乐&#34;&gt;获取音乐&lt;/h2&gt;
&lt;p&gt;虽然但是，这应该是自建音乐服务都要做的，但是我还是顺便提一下网易云获取Metadata&lt;/p&gt;
&lt;p&gt;为什么要选择网易云呢，是因为网易云下载下来的 &lt;code&gt;NCM&lt;/code&gt; 文件包含Metadata，而QQ音乐等一众音乐平台的&lt;strong&gt;自有音乐格式&lt;/strong&gt;都是没有Metadata&lt;/p&gt;
&lt;h3 id=&#34;什么是metadata&#34;&gt;什么是Metadata：&lt;/h3&gt;
&lt;p&gt;Metadata，中文名元数据
一般来说，一个&lt;code&gt;音乐文件&lt;/code&gt;仅包含音乐就可以 正常播放
而 &lt;code&gt;Metadata&lt;/code&gt; 是包含在音乐文件内的 &lt;em&gt;&lt;strong&gt;歌曲详细数据&lt;/strong&gt;&lt;/em&gt;
包括但不限于：&lt;/p&gt;
&lt;ul&gt;
&lt;li&gt;歌曲名（非文件名）&lt;/li&gt;
&lt;li&gt;歌手&lt;/li&gt;
&lt;li&gt;专辑&lt;/li&gt;
&lt;li&gt;专辑图片&lt;/li&gt;
&lt;li&gt;歌曲图片&lt;/li&gt;
&lt;li&gt;歌词&lt;/li&gt;
&lt;li&gt;专辑序号&lt;/li&gt;
&lt;li&gt;年代（时间）
而 &lt;code&gt;Navidrome&lt;/code&gt; 会自动搜索歌曲的 &lt;code&gt;Metadata&lt;/code&gt; ，用于展示歌曲信息
如：&lt;img src=&#34;https://blog.highp.ing/p/navidrome/IMG_20231125_214837_038.jpg&#34;
	width=&#34;1171&#34;
	height=&#34;800&#34;
	srcset=&#34;https://blog.highp.ing/p/navidrome/IMG_20231125_214837_038_hu446e43c2ae592d3fbff80464c9382db0_122736_480x0_resize_q75_box.jpg 480w, https://blog.highp.ing/p/navidrome/IMG_20231125_214837_038_hu446e43c2ae592d3fbff80464c9382db0_122736_1024x0_resize_q75_box.jpg 1024w&#34;
	loading=&#34;lazy&#34;
	
		alt=&#34;IMG_20231125_214837_038.jpg&#34;
	
	
		class=&#34;gallery-image&#34; 
		data-flex-grow=&#34;146&#34;
		data-flex-basis=&#34;351px&#34;
	
&gt;
这些就是自动从 &lt;code&gt;Metadata&lt;/code&gt; 中检索出来的数据
而如果&lt;strong&gt;没有 &lt;code&gt;Metadata&lt;/code&gt;&lt;/strong&gt;，就会导致&lt;em&gt;&lt;strong&gt;不美观&lt;/strong&gt;&lt;/em&gt;，且&lt;em&gt;&lt;strong&gt;无法正确检索音乐信息，无法正确分类与排序歌曲&lt;/strong&gt;&lt;/em&gt;&lt;/li&gt;
&lt;/ul&gt;
&lt;h3 id=&#34;转换&#34;&gt;转换&lt;/h3&gt;
&lt;p&gt;在网易云客户端内下载所需要的音乐，会发现某些是 &lt;code&gt;NCM&lt;/code&gt; 后缀名的文件
我们这个时候就要找到一个 &lt;code&gt;NCM to MP3/FLAC&lt;/code&gt; 的工具&lt;/p&gt;
&lt;p&gt;经过我的测试，仅有来自 &lt;a class=&#34;link&#34; href=&#34;https://github.com/crmmc/&#34;  target=&#34;_blank&#34; rel=&#34;noopener&#34;
    &gt;crmmc&lt;/a&gt; 的&lt;a class=&#34;link&#34; href=&#34;https://github.com/crmmc/nqdumpgo.git&#34;  target=&#34;_blank&#34; rel=&#34;noopener&#34;
    &gt;这一项目&lt;/a&gt;可以正确完全地转换 &lt;code&gt;NCM&lt;/code&gt; 文件&lt;/p&gt;
&lt;p&gt;由于其 Release 的文件比较古早，所以本文采用自行编译的方法：&lt;/p&gt;
&lt;div class=&#34;highlight&#34;&gt;&lt;div class=&#34;chroma&#34;&gt;
&lt;table class=&#34;lntable&#34;&gt;&lt;tr&gt;&lt;td class=&#34;lntd&#34;&gt;
&lt;pre tabindex=&#34;0&#34; class=&#34;chroma&#34;&gt;&lt;code&gt;&lt;span class=&#34;lnt&#34;&gt;1
&lt;/span&gt;&lt;span class=&#34;lnt&#34;&gt;2
&lt;/span&gt;&lt;span class=&#34;lnt&#34;&gt;3
&lt;/span&gt;&lt;/code&gt;&lt;/pre&gt;&lt;/td&gt;
&lt;td class=&#34;lntd&#34;&gt;
&lt;pre tabindex=&#34;0&#34; class=&#34;chroma&#34;&gt;&lt;code class=&#34;language-bash&#34; data-lang=&#34;bash&#34;&gt;&lt;span class=&#34;line&#34;&gt;&lt;span class=&#34;cl&#34;&gt;apt install golang
&lt;/span&gt;&lt;/span&gt;&lt;span class=&#34;line&#34;&gt;&lt;span class=&#34;cl&#34;&gt;go get nqdumpgo
&lt;/span&gt;&lt;/span&gt;&lt;span class=&#34;line&#34;&gt;&lt;span class=&#34;cl&#34;&gt;go build -ldflags&lt;span class=&#34;o&#34;&gt;=&lt;/span&gt;&lt;span class=&#34;s2&#34;&gt;&amp;#34;-w -s&amp;#34;&lt;/span&gt;
&lt;/span&gt;&lt;/span&gt;&lt;/code&gt;&lt;/pre&gt;&lt;/td&gt;&lt;/tr&gt;&lt;/table&gt;
&lt;/div&gt;
&lt;/div&gt;&lt;p&gt;在Windows下为&lt;code&gt;nqdumpgo.exe&lt;/code&gt;
在Linux下为&lt;code&gt;nqdumpgo&lt;/code&gt;&lt;/p&gt;
&lt;p&gt;将在本地下载的音乐上传到与 &lt;code&gt;nqdumpgo&lt;/code&gt;同级的目录下&lt;/p&gt;
&lt;div class=&#34;highlight&#34;&gt;&lt;div class=&#34;chroma&#34;&gt;
&lt;table class=&#34;lntable&#34;&gt;&lt;tr&gt;&lt;td class=&#34;lntd&#34;&gt;
&lt;pre tabindex=&#34;0&#34; class=&#34;chroma&#34;&gt;&lt;code&gt;&lt;span class=&#34;lnt&#34;&gt;1
&lt;/span&gt;&lt;span class=&#34;lnt&#34;&gt;2
&lt;/span&gt;&lt;span class=&#34;lnt&#34;&gt;3
&lt;/span&gt;&lt;span class=&#34;lnt&#34;&gt;4
&lt;/span&gt;&lt;/code&gt;&lt;/pre&gt;&lt;/td&gt;
&lt;td class=&#34;lntd&#34;&gt;
&lt;pre tabindex=&#34;0&#34; class=&#34;chroma&#34;&gt;&lt;code class=&#34;language-fallback&#34; data-lang=&#34;fallback&#34;&gt;&lt;span class=&#34;line&#34;&gt;&lt;span class=&#34;cl&#34;&gt;.
&lt;/span&gt;&lt;/span&gt;&lt;span class=&#34;line&#34;&gt;&lt;span class=&#34;cl&#34;&gt;├── music
&lt;/span&gt;&lt;/span&gt;&lt;span class=&#34;line&#34;&gt;&lt;span class=&#34;cl&#34;&gt;│   └── xxx.ncm
&lt;/span&gt;&lt;/span&gt;&lt;span class=&#34;line&#34;&gt;&lt;span class=&#34;cl&#34;&gt;└── nqdumpgo
&lt;/span&gt;&lt;/span&gt;&lt;/code&gt;&lt;/pre&gt;&lt;/td&gt;&lt;/tr&gt;&lt;/table&gt;
&lt;/div&gt;
&lt;/div&gt;&lt;p&gt;然后输入&lt;/p&gt;
&lt;div class=&#34;highlight&#34;&gt;&lt;div class=&#34;chroma&#34;&gt;
&lt;table class=&#34;lntable&#34;&gt;&lt;tr&gt;&lt;td class=&#34;lntd&#34;&gt;
&lt;pre tabindex=&#34;0&#34; class=&#34;chroma&#34;&gt;&lt;code&gt;&lt;span class=&#34;lnt&#34;&gt;1
&lt;/span&gt;&lt;/code&gt;&lt;/pre&gt;&lt;/td&gt;
&lt;td class=&#34;lntd&#34;&gt;
&lt;pre tabindex=&#34;0&#34; class=&#34;chroma&#34;&gt;&lt;code class=&#34;language-fallback&#34; data-lang=&#34;fallback&#34;&gt;&lt;span class=&#34;line&#34;&gt;&lt;span class=&#34;cl&#34;&gt;./nqdumpgo ./music
&lt;/span&gt;&lt;/span&gt;&lt;/code&gt;&lt;/pre&gt;&lt;/td&gt;&lt;/tr&gt;&lt;/table&gt;
&lt;/div&gt;
&lt;/div&gt;&lt;p&gt;稍等一下，音乐便自动转换完成！
转换出来的音乐与 &lt;code&gt;NCM&lt;/code&gt; 文件同目录，可使用 &lt;code&gt;cd music/ &amp;amp;&amp;amp; rm -rf *.ncm *.NCM&lt;/code&gt; 来清理已经转换了的音乐文件&lt;/p&gt;
&lt;p&gt;然后再将其移动到原先在 &lt;code&gt;navidrome.toml&lt;/code&gt; 中设定的 &lt;code&gt;MusicFolder&lt;/code&gt; 目录下&lt;/p&gt;
&lt;p&gt;大功告成！&lt;/p&gt;
&lt;h2 id=&#34;初步设置-navidrome&#34;&gt;初步设置 Navidrome&lt;/h2&gt;
&lt;p&gt;通过 &lt;code&gt;systemctl start navidrome&lt;/code&gt; 打开 &lt;code&gt;Navidrome&lt;/code&gt; 后，在浏览器访问你所设置的 IP 与 Port，如出现&lt;code&gt;设置管理员&lt;/code&gt;界面即为成功
&lt;img src=&#34;https://blog.highp.ing/p/navidrome/images.png&#34;
	width=&#34;197&#34;
	height=&#34;256&#34;
	srcset=&#34;https://blog.highp.ing/p/navidrome/images_hu1a613b15de73ad4b575d4cac9ea158d8_5087_480x0_resize_box_3.png 480w, https://blog.highp.ing/p/navidrome/images_hu1a613b15de73ad4b575d4cac9ea158d8_5087_1024x0_resize_box_3.png 1024w&#34;
	loading=&#34;lazy&#34;
	
		alt=&#34;images.png&#34;
	
	
		class=&#34;gallery-image&#34; 
		data-flex-grow=&#34;76&#34;
		data-flex-basis=&#34;184px&#34;
	
&gt;&lt;/p&gt;
&lt;p&gt;在&lt;code&gt;右上角-个性化&lt;/code&gt;设置项中，可以调整自己喜欢的&lt;strong&gt;主题&lt;/strong&gt;与&lt;strong&gt;界面语言&lt;/strong&gt;等，&lt;strong&gt;还可以和其他流媒体音乐平台进行互通&lt;/strong&gt;，不过一般来说，比较不常使用
&lt;img src=&#34;https://blog.highp.ing/p/navidrome/Screenshot_20231126-094053.png&#34;
	width=&#34;2560&#34;
	height=&#34;1600&#34;
	srcset=&#34;https://blog.highp.ing/p/navidrome/Screenshot_20231126-094053_hu3b0f94e238f14d6fe2ec999f1ee62250_121961_480x0_resize_box_3.png 480w, https://blog.highp.ing/p/navidrome/Screenshot_20231126-094053_hu3b0f94e238f14d6fe2ec999f1ee62250_121961_1024x0_resize_box_3.png 1024w&#34;
	loading=&#34;lazy&#34;
	
		alt=&#34;Screenshot_20231126-094053.png&#34;
	
	
		class=&#34;gallery-image&#34; 
		data-flex-grow=&#34;160&#34;
		data-flex-basis=&#34;384px&#34;
	
&gt;&lt;/p&gt;
&lt;p&gt;&lt;code&gt;Navidrome&lt;/code&gt; 是一个多用户的系统，每个账号都有独自的&lt;strong&gt;喜欢列表&lt;/strong&gt;，&lt;strong&gt;歌单&lt;/strong&gt;等，我们可以在&lt;code&gt;用户&lt;/code&gt;设置项中&lt;em&gt;&lt;strong&gt;管理帐号&lt;/strong&gt;&lt;/em&gt;，包括但不限于：&lt;strong&gt;新增账号、管理帐号、修改密码&lt;/strong&gt;等
&lt;del&gt;其实好像在 Homecloud 没啥用（&lt;/del&gt;
&lt;img src=&#34;https://blog.highp.ing/p/navidrome/Screenshot_20231126-094441.png&#34;
	width=&#34;2560&#34;
	height=&#34;1600&#34;
	srcset=&#34;https://blog.highp.ing/p/navidrome/Screenshot_20231126-094441_hu286234365b7f1a6f3a899829cb640484_97479_480x0_resize_box_3.png 480w, https://blog.highp.ing/p/navidrome/Screenshot_20231126-094441_hu286234365b7f1a6f3a899829cb640484_97479_1024x0_resize_box_3.png 1024w&#34;
	loading=&#34;lazy&#34;
	
		alt=&#34;Screenshot_20231126-094441.png&#34;
	
	
		class=&#34;gallery-image&#34; 
		data-flex-grow=&#34;160&#34;
		data-flex-basis=&#34;384px&#34;
	
&gt;&lt;/p&gt;
&lt;p&gt;还有一个设置项叫做&lt;code&gt;转码&lt;/code&gt;，需要 &lt;code&gt;FFmpeg&lt;/code&gt; 的支持，一般来说不太会用到，可以&lt;em&gt;自行研究&lt;/em&gt;&lt;/p&gt;
&lt;h2 id=&#34;客户端&#34;&gt;客户端&lt;/h2&gt;
&lt;h3 id=&#34;选择&#34;&gt;选择&lt;/h3&gt;
&lt;p&gt;由于&lt;strong&gt;开源&lt;/strong&gt;和**兼容&lt;code&gt;Subsonic&lt;/code&gt;&lt;strong&gt;的特性，所以我们只要选择可以&lt;/strong&gt;连接到&lt;code&gt;Subsonic&lt;/code&gt;/&lt;code&gt;Airsonic&lt;/code&gt;**的客户端即可！&lt;/p&gt;
&lt;p&gt;在安卓平台下，我一般会选择&lt;/p&gt;
&lt;ul&gt;
&lt;li&gt;&lt;a class=&#34;link&#34; href=&#34;https://meta.appinn.net/t/topic/44401/&#34;  target=&#34;_blank&#34; rel=&#34;noopener&#34;
    &gt;音流&lt;/a&gt; 挺新的一个客户端，界面颜值还不错&lt;/li&gt;
&lt;li&gt;&lt;a class=&#34;link&#34; href=&#34;https://symfonium.app/&#34;  target=&#34;_blank&#34; rel=&#34;noopener&#34;
    &gt;Symfonium&lt;/a&gt; 个人目前在使用的，整体体验还算不错(需付费)&lt;/li&gt;
&lt;/ul&gt;
&lt;p&gt;Windows&lt;/p&gt;
&lt;ul&gt;
&lt;li&gt;&lt;a class=&#34;link&#34; href=&#34;https://github.com/jeffvli/sonixd&#34;  target=&#34;_blank&#34; rel=&#34;noopener&#34;
    &gt;sonixd&lt;/a&gt; Github上 开源的一个兼容 &lt;code&gt;Subsonic&lt;/code&gt; 播放器，颜值尚可，并且还在持续更新&lt;/li&gt;
&lt;li&gt;Web 界面 其实后台开一个浏览器听歌也不是不行（&lt;/li&gt;
&lt;/ul&gt;
&lt;p&gt;其他平台就自行翻找咯，可以到 Github 的这个 &lt;a class=&#34;link&#34; href=&#34;https://github.com/topics/subsonic-client&#34;  target=&#34;_blank&#34; rel=&#34;noopener&#34;
    &gt;Topic&lt;/a&gt; 看看！&lt;/p&gt;
&lt;h3 id=&#34;客户端连接到服务器&#34;&gt;客户端连接到服务器&lt;/h3&gt;
&lt;p&gt;这个每个客户端都不一样，不过大同小异
找到有 &lt;code&gt;Subsonic&lt;/code&gt;/&lt;code&gt;Airsonic&lt;/code&gt;/&lt;code&gt;Navidrome&lt;/code&gt; 等字样的按钮&lt;/p&gt;
&lt;p&gt;只需要提供以下的信息即可：&lt;/p&gt;
&lt;ul&gt;
&lt;li&gt;地址 (eg. http://192.168.11.127:4533/)&lt;/li&gt;
&lt;li&gt;账号&lt;/li&gt;
&lt;li&gt;密码
其他的就是补充或辅助说明，一般不需要填写&lt;/li&gt;
&lt;/ul&gt;
&lt;p&gt;然后就可以尽情享用这自建 &lt;code&gt;Navidrome&lt;/code&gt; 了！&lt;/p&gt;
&lt;pre&gt;&lt;code&gt;Shut on Android Symfonium
&lt;/code&gt;&lt;/pre&gt;
&lt;p&gt;&lt;img src=&#34;https://blog.highp.ing/p/navidrome/Screenshot_20231126-101054.png&#34;
	width=&#34;2560&#34;
	height=&#34;1600&#34;
	srcset=&#34;https://blog.highp.ing/p/navidrome/Screenshot_20231126-101054_huba5f1381fe97125c58c01dd20e27b923_1763018_480x0_resize_box_3.png 480w, https://blog.highp.ing/p/navidrome/Screenshot_20231126-101054_huba5f1381fe97125c58c01dd20e27b923_1763018_1024x0_resize_box_3.png 1024w&#34;
	loading=&#34;lazy&#34;
	
		alt=&#34;主界面&#34;
	
	
		class=&#34;gallery-image&#34; 
		data-flex-grow=&#34;160&#34;
		data-flex-basis=&#34;384px&#34;
	
&gt;
&lt;img src=&#34;https://blog.highp.ing/p/navidrome/Screenshot_20231126-101113.png&#34;
	width=&#34;2560&#34;
	height=&#34;1600&#34;
	srcset=&#34;https://blog.highp.ing/p/navidrome/Screenshot_20231126-101113_hu7ccbcfe764b21cff3c25936841d1a780_872905_480x0_resize_box_3.png 480w, https://blog.highp.ing/p/navidrome/Screenshot_20231126-101113_hu7ccbcfe764b21cff3c25936841d1a780_872905_1024x0_resize_box_3.png 1024w&#34;
	loading=&#34;lazy&#34;
	
		alt=&#34;播放界面&#34;
	
	
		class=&#34;gallery-image&#34; 
		data-flex-grow=&#34;160&#34;
		data-flex-basis=&#34;384px&#34;
	
&gt;
&lt;img src=&#34;https://blog.highp.ing/p/navidrome/Screenshot_20231126-101524.png&#34;
	width=&#34;2560&#34;
	height=&#34;1600&#34;
	srcset=&#34;https://blog.highp.ing/p/navidrome/Screenshot_20231126-101524_hu793bd4a6ba8b0685fc4cf13f8069512a_175440_480x0_resize_box_3.png 480w, https://blog.highp.ing/p/navidrome/Screenshot_20231126-101524_hu793bd4a6ba8b0685fc4cf13f8069512a_175440_1024x0_resize_box_3.png 1024w&#34;
	loading=&#34;lazy&#34;
	
		alt=&#34;歌词界面&#34;
	
	
		class=&#34;gallery-image&#34; 
		data-flex-grow=&#34;160&#34;
		data-flex-basis=&#34;384px&#34;
	
&gt;
&lt;img src=&#34;https://blog.highp.ing/p/navidrome/Screenshot_20231126-101135.png&#34;
	width=&#34;2560&#34;
	height=&#34;1600&#34;
	srcset=&#34;https://blog.highp.ing/p/navidrome/Screenshot_20231126-101135_huf7bb31e8039961409b0f98c94e7f46e3_945065_480x0_resize_box_3.png 480w, https://blog.highp.ing/p/navidrome/Screenshot_20231126-101135_huf7bb31e8039961409b0f98c94e7f46e3_945065_1024x0_resize_box_3.png 1024w&#34;
	loading=&#34;lazy&#34;
	
		alt=&#34;专辑界面&#34;
	
	
		class=&#34;gallery-image&#34; 
		data-flex-grow=&#34;160&#34;
		data-flex-basis=&#34;384px&#34;
	
&gt;
&lt;img src=&#34;https://blog.highp.ing/p/navidrome/Screenshot_20231126-101150.png&#34;
	width=&#34;2560&#34;
	height=&#34;1600&#34;
	srcset=&#34;https://blog.highp.ing/p/navidrome/Screenshot_20231126-101150_huf3edb77be737e56599f66fcffd4f5edd_396031_480x0_resize_box_3.png 480w, https://blog.highp.ing/p/navidrome/Screenshot_20231126-101150_huf3edb77be737e56599f66fcffd4f5edd_396031_1024x0_resize_box_3.png 1024w&#34;
	loading=&#34;lazy&#34;
	
		alt=&#34;搜索界面&#34;
	
	
		class=&#34;gallery-image&#34; 
		data-flex-grow=&#34;160&#34;
		data-flex-basis=&#34;384px&#34;
	
&gt;&lt;/p&gt;
</description>
        </item>
        
    </channel>
</rss>
