<?xml version="1.0" encoding="utf-8" standalone="yes"?>
<rss version="2.0" xmlns:atom="http://www.w3.org/2005/Atom">
    <channel>
        <title>Android on HighPing们の小小藏身地</title>
        <link>https://blog.highp.ing/categories/android/</link>
        <description>Recent content in Android on HighPing们の小小藏身地</description>
        <generator>Hugo -- gohugo.io</generator>
        <language>zh-cn</language>
        <lastBuildDate>Sun, 03 Sep 2023 00:00:00 +0000</lastBuildDate><atom:link href="https://blog.highp.ing/categories/android/index.xml" rel="self" type="application/rss+xml" /><item>
        <title>安卓设备安装Google框架方法汇总(持续更新)</title>
        <link>https://blog.highp.ing/p/androidinstallgoogle/</link>
        <pubDate>Sun, 03 Sep 2023 00:00:00 +0000</pubDate>
        
        <guid>https://blog.highp.ing/p/androidinstallgoogle/</guid>
        <description>&lt;img src="https://blog.highp.ing/p/androidinstallgoogle/google.jpg" alt="Featured image of post 安卓设备安装Google框架方法汇总(持续更新)" /&gt;&lt;h1 id=&#34;安卓设备安装google框架方法汇总持续更新&#34;&gt;安卓设备安装Google框架方法汇总(持续更新)&lt;/h1&gt;
&lt;p&gt;本文由 &lt;code&gt;High Ping Network&lt;/code&gt; 的小伙伴 GenshinMinecraft 进行编撰，首发于 &lt;a class=&#34;link&#34; href=&#34;https://blog.highp.ing&#34;  target=&#34;_blank&#34; rel=&#34;noopener&#34;
    &gt;本博客&lt;/a&gt;&lt;/p&gt;
&lt;h2 id=&#34;前言&#34;&gt;前言&lt;/h2&gt;
&lt;p&gt;目前，国内手机不内置&lt;code&gt;GMS&lt;/code&gt;已经是常态，转而使用自家的生态以及服务。&lt;/p&gt;
&lt;p&gt;但是总有人需要&lt;code&gt;Google框架&lt;/code&gt;进行使用，所以就有了以下的安装方法。&lt;/p&gt;
&lt;p&gt;请注意，本文教的是&lt;code&gt;货真价实的Google框架&lt;/code&gt;，不是&lt;code&gt;MicroG&lt;/code&gt;这种&lt;em&gt;非官方服务&lt;/em&gt;！&lt;/p&gt;
&lt;p&gt;还有，&lt;strong&gt;不root或从Recovery刷入&lt;/strong&gt;安装的&lt;code&gt;Google框架&lt;/code&gt;基本是&lt;strong&gt;废的&lt;/strong&gt;，大多数情况为&lt;code&gt;xxxx 已停止运行&lt;/code&gt;，无法使用！&lt;/p&gt;
&lt;p&gt;一般来说，一个&lt;em&gt;完整可以运行&lt;/em&gt;的&lt;code&gt;Google框架&lt;/code&gt;至少需要包含以下三件东西：&lt;/p&gt;
&lt;ul&gt;
&lt;li&gt;Google Services Framework&lt;/li&gt;
&lt;li&gt;Google Play services&lt;/li&gt;
&lt;li&gt;Google Play Store&lt;/li&gt;
&lt;/ul&gt;
&lt;p&gt;这三件东西&lt;strong&gt;缺一不可&lt;/strong&gt;，且在新版本&lt;strong&gt;无法使用默认的&lt;code&gt;软件包管理器&lt;/code&gt;进行安装至&lt;code&gt;/data&lt;/code&gt;目录下&lt;/strong&gt;！&lt;/p&gt;
&lt;p&gt;所以，请在&lt;strong&gt;Root&lt;/strong&gt;/&lt;strong&gt;刷入第三方Recovery&lt;/strong&gt;的情况下再查阅以下的文章！&lt;/p&gt;
&lt;h2 id=&#34;第一种方法gapps-recovery&#34;&gt;第一种方法：Gapps (Recovery)&lt;/h2&gt;
&lt;p&gt;按道理来讲，使用&lt;strong&gt;第三方Recovery&lt;/strong&gt;刷入&lt;code&gt;Gapps&lt;/code&gt;是最稳定也是最快捷的方法，但是这一方法需要系统的&lt;code&gt;/system&lt;/code&gt;分区拥有足够的空间，但手机普遍可以刷入一个最小的&lt;code&gt;pico&lt;/code&gt;&lt;/p&gt;
&lt;h3 id=&#34;1-寻找适合你的gapps版本&#34;&gt;1. 寻找适合你的&lt;code&gt;Gapps&lt;/code&gt;版本&lt;/h3&gt;
&lt;p&gt;可以按照下面的表格寻找适合你的&lt;code&gt;Gapps&lt;/code&gt;版本：(本表来源于&lt;a class=&#34;link&#34; href=&#34;https://github.com/opengapps/opengapps/wiki/Package-Comparison&#34;  target=&#34;_blank&#34; rel=&#34;noopener&#34;
    &gt;Gapps&lt;/a&gt;)&lt;/p&gt;
&lt;p&gt;&amp;mdash;&amp;mdash;&amp;ndash;分界线&amp;mdash;&amp;mdash;&amp;ndash;&lt;/p&gt;
&lt;table&gt;
&lt;thead&gt;
&lt;tr&gt;
&lt;th style=&#34;text-align:center&#34;&gt;Legend&lt;/th&gt;
&lt;th&gt;Description&lt;/th&gt;
&lt;/tr&gt;
&lt;/thead&gt;
&lt;tbody&gt;
&lt;tr&gt;
&lt;td style=&#34;text-align:center&#34;&gt;X&lt;/td&gt;
&lt;td&gt;Installs application by default&lt;/td&gt;
&lt;/tr&gt;
&lt;tr&gt;
&lt;td style=&#34;text-align:center&#34;&gt;O&lt;/td&gt;
&lt;td&gt;Replaces the Stock/AOSP version of the application by default&lt;/td&gt;
&lt;/tr&gt;
&lt;tr&gt;
&lt;td style=&#34;text-align:center&#34;&gt;+&lt;/td&gt;
&lt;td&gt;Only installed if Google Calendar is NOT installed&lt;/td&gt;
&lt;/tr&gt;
&lt;tr&gt;
&lt;td style=&#34;text-align:center&#34;&gt;4.4&lt;/td&gt;
&lt;td&gt;Application is installed on Android 4.4 only&lt;/td&gt;
&lt;/tr&gt;
&lt;tr&gt;
&lt;td style=&#34;text-align:center&#34;&gt;7.1&lt;/td&gt;
&lt;td&gt;Application is installed on Android 7.1 only&lt;/td&gt;
&lt;/tr&gt;
&lt;/tbody&gt;
&lt;/table&gt;
&lt;table&gt;
&lt;thead&gt;
&lt;tr&gt;
&lt;th style=&#34;text-align:center&#34;&gt;Application Name&lt;/th&gt;
&lt;th style=&#34;text-align:center&#34;&gt;gapps-config keyword&lt;/th&gt;
&lt;th style=&#34;text-align:center&#34;&gt;p&lt;br&gt;i&lt;br&gt;c&lt;br&gt;o&lt;/th&gt;
&lt;th style=&#34;text-align:center&#34;&gt;n&lt;br&gt;a&lt;br&gt;n&lt;br&gt;o&lt;/th&gt;
&lt;th style=&#34;text-align:center&#34;&gt;m&lt;br&gt;i&lt;br&gt;c&lt;br&gt;r&lt;br&gt;o&lt;/th&gt;
&lt;th style=&#34;text-align:center&#34;&gt;m&lt;br&gt;i&lt;br&gt;n&lt;br&gt;i&lt;/th&gt;
&lt;th style=&#34;text-align:center&#34;&gt;f&lt;br&gt;u&lt;br&gt;l&lt;br&gt;l&lt;/th&gt;
&lt;th style=&#34;text-align:center&#34;&gt;s&lt;br&gt;t&lt;br&gt;o&lt;br&gt;c&lt;br&gt;k&lt;/th&gt;
&lt;th style=&#34;text-align:center&#34;&gt;s&lt;br&gt;u&lt;br&gt;p&lt;br&gt;e&lt;br&gt;r&lt;/th&gt;
&lt;/tr&gt;
&lt;/thead&gt;
&lt;tbody&gt;
&lt;tr&gt;
&lt;td style=&#34;text-align:center&#34;&gt;Google Play Services&lt;/td&gt;
&lt;td style=&#34;text-align:center&#34;&gt;&lt;/td&gt;
&lt;td style=&#34;text-align:center&#34;&gt;X&lt;/td&gt;
&lt;td style=&#34;text-align:center&#34;&gt;X&lt;/td&gt;
&lt;td style=&#34;text-align:center&#34;&gt;X&lt;/td&gt;
&lt;td style=&#34;text-align:center&#34;&gt;X&lt;/td&gt;
&lt;td style=&#34;text-align:center&#34;&gt;X&lt;/td&gt;
&lt;td style=&#34;text-align:center&#34;&gt;X&lt;/td&gt;
&lt;td style=&#34;text-align:center&#34;&gt;X&lt;/td&gt;
&lt;/tr&gt;
&lt;tr&gt;
&lt;td style=&#34;text-align:center&#34;&gt;Google Play Store&lt;/td&gt;
&lt;td style=&#34;text-align:center&#34;&gt;&lt;/td&gt;
&lt;td style=&#34;text-align:center&#34;&gt;X&lt;/td&gt;
&lt;td style=&#34;text-align:center&#34;&gt;X&lt;/td&gt;
&lt;td style=&#34;text-align:center&#34;&gt;X&lt;/td&gt;
&lt;td style=&#34;text-align:center&#34;&gt;X&lt;/td&gt;
&lt;td style=&#34;text-align:center&#34;&gt;X&lt;/td&gt;
&lt;td style=&#34;text-align:center&#34;&gt;X&lt;/td&gt;
&lt;td style=&#34;text-align:center&#34;&gt;X&lt;/td&gt;
&lt;/tr&gt;
&lt;tr&gt;
&lt;td style=&#34;text-align:center&#34;&gt;Google System Base&lt;/td&gt;
&lt;td style=&#34;text-align:center&#34;&gt;&lt;/td&gt;
&lt;td style=&#34;text-align:center&#34;&gt;X&lt;/td&gt;
&lt;td style=&#34;text-align:center&#34;&gt;X&lt;/td&gt;
&lt;td style=&#34;text-align:center&#34;&gt;X&lt;/td&gt;
&lt;td style=&#34;text-align:center&#34;&gt;X&lt;/td&gt;
&lt;td style=&#34;text-align:center&#34;&gt;X&lt;/td&gt;
&lt;td style=&#34;text-align:center&#34;&gt;X&lt;/td&gt;
&lt;td style=&#34;text-align:center&#34;&gt;X&lt;/td&gt;
&lt;/tr&gt;
&lt;tr&gt;
&lt;td style=&#34;text-align:center&#34;&gt;Android Auto stub⁵&lt;/td&gt;
&lt;td style=&#34;text-align:center&#34;&gt;&lt;code&gt;GearheadStub&lt;/code&gt;&lt;/td&gt;
&lt;td style=&#34;text-align:center&#34;&gt;X&lt;/td&gt;
&lt;td style=&#34;text-align:center&#34;&gt;X&lt;/td&gt;
&lt;td style=&#34;text-align:center&#34;&gt;X&lt;/td&gt;
&lt;td style=&#34;text-align:center&#34;&gt;X&lt;/td&gt;
&lt;td style=&#34;text-align:center&#34;&gt;X&lt;/td&gt;
&lt;td style=&#34;text-align:center&#34;&gt;X&lt;/td&gt;
&lt;td style=&#34;text-align:center&#34;&gt;X&lt;/td&gt;
&lt;/tr&gt;
&lt;tr&gt;
&lt;td style=&#34;text-align:center&#34;&gt;Google Calendar Sync&lt;/td&gt;
&lt;td style=&#34;text-align:center&#34;&gt;&lt;code&gt;CalSync&lt;/code&gt;&lt;/td&gt;
&lt;td style=&#34;text-align:center&#34;&gt;X&lt;/td&gt;
&lt;td style=&#34;text-align:center&#34;&gt;X&lt;/td&gt;
&lt;td style=&#34;text-align:center&#34;&gt;+&lt;/td&gt;
&lt;td style=&#34;text-align:center&#34;&gt;+&lt;/td&gt;
&lt;td style=&#34;text-align:center&#34;&gt;+&lt;/td&gt;
&lt;td style=&#34;text-align:center&#34;&gt;+&lt;/td&gt;
&lt;td style=&#34;text-align:center&#34;&gt;+&lt;/td&gt;
&lt;/tr&gt;
&lt;tr&gt;
&lt;td style=&#34;text-align:center&#34;&gt;Dialer Framework&lt;/td&gt;
&lt;td style=&#34;text-align:center&#34;&gt;&lt;code&gt;DialerFramework&lt;/code&gt;&lt;/td&gt;
&lt;td style=&#34;text-align:center&#34;&gt;X&lt;/td&gt;
&lt;td style=&#34;text-align:center&#34;&gt;X&lt;/td&gt;
&lt;td style=&#34;text-align:center&#34;&gt;X&lt;/td&gt;
&lt;td style=&#34;text-align:center&#34;&gt;X&lt;/td&gt;
&lt;td style=&#34;text-align:center&#34;&gt;X&lt;/td&gt;
&lt;td style=&#34;text-align:center&#34;&gt;X&lt;/td&gt;
&lt;td style=&#34;text-align:center&#34;&gt;X&lt;/td&gt;
&lt;/tr&gt;
&lt;tr&gt;
&lt;td style=&#34;text-align:center&#34;&gt;Google Text-to-Speech&lt;/td&gt;
&lt;td style=&#34;text-align:center&#34;&gt;&lt;code&gt;GoogleTTS&lt;/code&gt;&lt;/td&gt;
&lt;td style=&#34;text-align:center&#34;&gt;X&lt;/td&gt;
&lt;td style=&#34;text-align:center&#34;&gt;X&lt;/td&gt;
&lt;td style=&#34;text-align:center&#34;&gt;X&lt;/td&gt;
&lt;td style=&#34;text-align:center&#34;&gt;X&lt;/td&gt;
&lt;td style=&#34;text-align:center&#34;&gt;X&lt;/td&gt;
&lt;td style=&#34;text-align:center&#34;&gt;O&lt;/td&gt;
&lt;td style=&#34;text-align:center&#34;&gt;O&lt;/td&gt;
&lt;/tr&gt;
&lt;tr&gt;
&lt;td style=&#34;text-align:center&#34;&gt;Google Package Installer&lt;/td&gt;
&lt;td style=&#34;text-align:center&#34;&gt;&lt;code&gt;PackageInstallerGoogle&lt;/code&gt;&lt;/td&gt;
&lt;td style=&#34;text-align:center&#34;&gt;O&lt;/td&gt;
&lt;td style=&#34;text-align:center&#34;&gt;O&lt;/td&gt;
&lt;td style=&#34;text-align:center&#34;&gt;O&lt;/td&gt;
&lt;td style=&#34;text-align:center&#34;&gt;O&lt;/td&gt;
&lt;td style=&#34;text-align:center&#34;&gt;O&lt;/td&gt;
&lt;td style=&#34;text-align:center&#34;&gt;O&lt;/td&gt;
&lt;td style=&#34;text-align:center&#34;&gt;O&lt;/td&gt;
&lt;/tr&gt;
&lt;tr&gt;
&lt;td style=&#34;text-align:center&#34;&gt;Sounds&lt;/td&gt;
&lt;td style=&#34;text-align:center&#34;&gt;&lt;code&gt;SoundPicker&lt;/code&gt;&lt;/td&gt;
&lt;td style=&#34;text-align:center&#34;&gt;&lt;/td&gt;
&lt;td style=&#34;text-align:center&#34;&gt;X&lt;/td&gt;
&lt;td style=&#34;text-align:center&#34;&gt;X&lt;/td&gt;
&lt;td style=&#34;text-align:center&#34;&gt;X&lt;/td&gt;
&lt;td style=&#34;text-align:center&#34;&gt;X&lt;/td&gt;
&lt;td style=&#34;text-align:center&#34;&gt;X&lt;/td&gt;
&lt;td style=&#34;text-align:center&#34;&gt;X&lt;/td&gt;
&lt;/tr&gt;
&lt;tr&gt;
&lt;td style=&#34;text-align:center&#34;&gt;Device Health Services&lt;/td&gt;
&lt;td style=&#34;text-align:center&#34;&gt;&lt;code&gt;BatteryUsage&lt;/code&gt;&lt;/td&gt;
&lt;td style=&#34;text-align:center&#34;&gt;&lt;/td&gt;
&lt;td style=&#34;text-align:center&#34;&gt;X&lt;/td&gt;
&lt;td style=&#34;text-align:center&#34;&gt;X&lt;/td&gt;
&lt;td style=&#34;text-align:center&#34;&gt;X&lt;/td&gt;
&lt;td style=&#34;text-align:center&#34;&gt;X&lt;/td&gt;
&lt;td style=&#34;text-align:center&#34;&gt;X&lt;/td&gt;
&lt;td style=&#34;text-align:center&#34;&gt;X&lt;/td&gt;
&lt;/tr&gt;
&lt;tr&gt;
&lt;td style=&#34;text-align:center&#34;&gt;Google Markup&lt;/td&gt;
&lt;td style=&#34;text-align:center&#34;&gt;&lt;code&gt;Markup&lt;/code&gt;&lt;/td&gt;
&lt;td style=&#34;text-align:center&#34;&gt;&lt;/td&gt;
&lt;td style=&#34;text-align:center&#34;&gt;X&lt;/td&gt;
&lt;td style=&#34;text-align:center&#34;&gt;X&lt;/td&gt;
&lt;td style=&#34;text-align:center&#34;&gt;X&lt;/td&gt;
&lt;td style=&#34;text-align:center&#34;&gt;X&lt;/td&gt;
&lt;td style=&#34;text-align:center&#34;&gt;X&lt;/td&gt;
&lt;td style=&#34;text-align:center&#34;&gt;X&lt;/td&gt;
&lt;/tr&gt;
&lt;tr&gt;
&lt;td style=&#34;text-align:center&#34;&gt;Google App (Search)&lt;/td&gt;
&lt;td style=&#34;text-align:center&#34;&gt;&lt;code&gt;Search&lt;/code&gt;&lt;/td&gt;
&lt;td style=&#34;text-align:center&#34;&gt;&lt;/td&gt;
&lt;td style=&#34;text-align:center&#34;&gt;X&lt;/td&gt;
&lt;td style=&#34;text-align:center&#34;&gt;X&lt;/td&gt;
&lt;td style=&#34;text-align:center&#34;&gt;X&lt;/td&gt;
&lt;td style=&#34;text-align:center&#34;&gt;X&lt;/td&gt;
&lt;td style=&#34;text-align:center&#34;&gt;X&lt;/td&gt;
&lt;td style=&#34;text-align:center&#34;&gt;X&lt;/td&gt;
&lt;/tr&gt;
&lt;tr&gt;
&lt;td style=&#34;text-align:center&#34;&gt;Offline Speech Files&lt;/td&gt;
&lt;td style=&#34;text-align:center&#34;&gt;&lt;code&gt;Speech&lt;/code&gt;&lt;/td&gt;
&lt;td style=&#34;text-align:center&#34;&gt;&lt;/td&gt;
&lt;td style=&#34;text-align:center&#34;&gt;X&lt;/td&gt;
&lt;td style=&#34;text-align:center&#34;&gt;X&lt;/td&gt;
&lt;td style=&#34;text-align:center&#34;&gt;X&lt;/td&gt;
&lt;td style=&#34;text-align:center&#34;&gt;X&lt;/td&gt;
&lt;td style=&#34;text-align:center&#34;&gt;X&lt;/td&gt;
&lt;td style=&#34;text-align:center&#34;&gt;X&lt;/td&gt;
&lt;/tr&gt;
&lt;tr&gt;
&lt;td style=&#34;text-align:center&#34;&gt;Google Digital Wellbeing&lt;/td&gt;
&lt;td style=&#34;text-align:center&#34;&gt;&lt;code&gt;Wellbeing&lt;/code&gt;&lt;/td&gt;
&lt;td style=&#34;text-align:center&#34;&gt;&lt;/td&gt;
&lt;td style=&#34;text-align:center&#34;&gt;X&lt;/td&gt;
&lt;td style=&#34;text-align:center&#34;&gt;X&lt;/td&gt;
&lt;td style=&#34;text-align:center&#34;&gt;X&lt;/td&gt;
&lt;td style=&#34;text-align:center&#34;&gt;X&lt;/td&gt;
&lt;td style=&#34;text-align:center&#34;&gt;X&lt;/td&gt;
&lt;td style=&#34;text-align:center&#34;&gt;X&lt;/td&gt;
&lt;/tr&gt;
&lt;tr&gt;
&lt;td style=&#34;text-align:center&#34;&gt;Actions Services²&lt;/td&gt;
&lt;td style=&#34;text-align:center&#34;&gt;&lt;code&gt;ActionsServices&lt;/code&gt;&lt;/td&gt;
&lt;td style=&#34;text-align:center&#34;&gt;&lt;/td&gt;
&lt;td style=&#34;text-align:center&#34;&gt;&lt;/td&gt;
&lt;td style=&#34;text-align:center&#34;&gt;X&lt;/td&gt;
&lt;td style=&#34;text-align:center&#34;&gt;X&lt;/td&gt;
&lt;td style=&#34;text-align:center&#34;&gt;X&lt;/td&gt;
&lt;td style=&#34;text-align:center&#34;&gt;X&lt;/td&gt;
&lt;td style=&#34;text-align:center&#34;&gt;X&lt;/td&gt;
&lt;/tr&gt;
&lt;tr&gt;
&lt;td style=&#34;text-align:center&#34;&gt;Google Calendar¹&lt;/td&gt;
&lt;td style=&#34;text-align:center&#34;&gt;&lt;code&gt;CalendarGoogle&lt;/code&gt;&lt;/td&gt;
&lt;td style=&#34;text-align:center&#34;&gt;&lt;/td&gt;
&lt;td style=&#34;text-align:center&#34;&gt;&lt;/td&gt;
&lt;td style=&#34;text-align:center&#34;&gt;O&lt;/td&gt;
&lt;td style=&#34;text-align:center&#34;&gt;O&lt;/td&gt;
&lt;td style=&#34;text-align:center&#34;&gt;O&lt;/td&gt;
&lt;td style=&#34;text-align:center&#34;&gt;O&lt;/td&gt;
&lt;td style=&#34;text-align:center&#34;&gt;O&lt;/td&gt;
&lt;/tr&gt;
&lt;tr&gt;
&lt;td style=&#34;text-align:center&#34;&gt;Google Exchange Services¹&lt;/td&gt;
&lt;td style=&#34;text-align:center&#34;&gt;&lt;code&gt;ExchangeGoogle&lt;/code&gt;&lt;/td&gt;
&lt;td style=&#34;text-align:center&#34;&gt;&lt;/td&gt;
&lt;td style=&#34;text-align:center&#34;&gt;&lt;/td&gt;
&lt;td style=&#34;text-align:center&#34;&gt;O&lt;/td&gt;
&lt;td style=&#34;text-align:center&#34;&gt;O&lt;/td&gt;
&lt;td style=&#34;text-align:center&#34;&gt;O&lt;/td&gt;
&lt;td style=&#34;text-align:center&#34;&gt;O&lt;/td&gt;
&lt;td style=&#34;text-align:center&#34;&gt;O&lt;/td&gt;
&lt;/tr&gt;
&lt;tr&gt;
&lt;td style=&#34;text-align:center&#34;&gt;Gmail&lt;/td&gt;
&lt;td style=&#34;text-align:center&#34;&gt;&lt;code&gt;Gmail&lt;/code&gt;&lt;/td&gt;
&lt;td style=&#34;text-align:center&#34;&gt;&lt;/td&gt;
&lt;td style=&#34;text-align:center&#34;&gt;&lt;/td&gt;
&lt;td style=&#34;text-align:center&#34;&gt;X&lt;/td&gt;
&lt;td style=&#34;text-align:center&#34;&gt;X&lt;/td&gt;
&lt;td style=&#34;text-align:center&#34;&gt;X&lt;/td&gt;
&lt;td style=&#34;text-align:center&#34;&gt;O&lt;/td&gt;
&lt;td style=&#34;text-align:center&#34;&gt;O&lt;/td&gt;
&lt;/tr&gt;
&lt;tr&gt;
&lt;td style=&#34;text-align:center&#34;&gt;Google Now Launcher²&lt;/td&gt;
&lt;td style=&#34;text-align:center&#34;&gt;&lt;code&gt;GoogleNow&lt;/code&gt;&lt;/td&gt;
&lt;td style=&#34;text-align:center&#34;&gt;&lt;/td&gt;
&lt;td style=&#34;text-align:center&#34;&gt;&lt;/td&gt;
&lt;td style=&#34;text-align:center&#34;&gt;4.4&lt;/td&gt;
&lt;td style=&#34;text-align:center&#34;&gt;4.4&lt;/td&gt;
&lt;td style=&#34;text-align:center&#34;&gt;4.4&lt;/td&gt;
&lt;td style=&#34;text-align:center&#34;&gt;4.4&lt;/td&gt;
&lt;td style=&#34;text-align:center&#34;&gt;4.4&lt;/td&gt;
&lt;/tr&gt;
&lt;tr&gt;
&lt;td style=&#34;text-align:center&#34;&gt;Pixel Icons&lt;/td&gt;
&lt;td style=&#34;text-align:center&#34;&gt;&lt;code&gt;PixelIcons&lt;/code&gt;&lt;/td&gt;
&lt;td style=&#34;text-align:center&#34;&gt;&lt;/td&gt;
&lt;td style=&#34;text-align:center&#34;&gt;&lt;/td&gt;
&lt;td style=&#34;text-align:center&#34;&gt;7.1&lt;/td&gt;
&lt;td style=&#34;text-align:center&#34;&gt;7.1&lt;/td&gt;
&lt;td style=&#34;text-align:center&#34;&gt;7.1&lt;/td&gt;
&lt;td style=&#34;text-align:center&#34;&gt;7.1&lt;/td&gt;
&lt;td style=&#34;text-align:center&#34;&gt;7.1&lt;/td&gt;
&lt;/tr&gt;
&lt;tr&gt;
&lt;td style=&#34;text-align:center&#34;&gt;Pixel Launcher²&lt;/td&gt;
&lt;td style=&#34;text-align:center&#34;&gt;&lt;code&gt;PixelLauncher&lt;/code&gt;&lt;/td&gt;
&lt;td style=&#34;text-align:center&#34;&gt;&lt;/td&gt;
&lt;td style=&#34;text-align:center&#34;&gt;&lt;/td&gt;
&lt;td style=&#34;text-align:center&#34;&gt;O&lt;/td&gt;
&lt;td style=&#34;text-align:center&#34;&gt;O&lt;/td&gt;
&lt;td style=&#34;text-align:center&#34;&gt;O&lt;/td&gt;
&lt;td style=&#34;text-align:center&#34;&gt;O&lt;/td&gt;
&lt;td style=&#34;text-align:center&#34;&gt;O&lt;/td&gt;
&lt;/tr&gt;
&lt;tr&gt;
&lt;td style=&#34;text-align:center&#34;&gt;Google Wallpapers&lt;/td&gt;
&lt;td style=&#34;text-align:center&#34;&gt;&lt;code&gt;Wallpapers&lt;/code&gt;&lt;/td&gt;
&lt;td style=&#34;text-align:center&#34;&gt;&lt;/td&gt;
&lt;td style=&#34;text-align:center&#34;&gt;&lt;/td&gt;
&lt;td style=&#34;text-align:center&#34;&gt;O&lt;/td&gt;
&lt;td style=&#34;text-align:center&#34;&gt;O&lt;/td&gt;
&lt;td style=&#34;text-align:center&#34;&gt;O&lt;/td&gt;
&lt;td style=&#34;text-align:center&#34;&gt;O&lt;/td&gt;
&lt;td style=&#34;text-align:center&#34;&gt;O&lt;/td&gt;
&lt;/tr&gt;
&lt;tr&gt;
&lt;td style=&#34;text-align:center&#34;&gt;Google Calculator¹&lt;/td&gt;
&lt;td style=&#34;text-align:center&#34;&gt;&lt;code&gt;CalculatorGoogle&lt;/code&gt;&lt;/td&gt;
&lt;td style=&#34;text-align:center&#34;&gt;&lt;/td&gt;
&lt;td style=&#34;text-align:center&#34;&gt;&lt;/td&gt;
&lt;td style=&#34;text-align:center&#34;&gt;&lt;/td&gt;
&lt;td style=&#34;text-align:center&#34;&gt;O&lt;/td&gt;
&lt;td style=&#34;text-align:center&#34;&gt;O&lt;/td&gt;
&lt;td style=&#34;text-align:center&#34;&gt;O&lt;/td&gt;
&lt;td style=&#34;text-align:center&#34;&gt;O&lt;/td&gt;
&lt;/tr&gt;
&lt;tr&gt;
&lt;td style=&#34;text-align:center&#34;&gt;Carrier Services&lt;/td&gt;
&lt;td style=&#34;text-align:center&#34;&gt;&lt;code&gt;CarrierServices&lt;/code&gt;&lt;/td&gt;
&lt;td style=&#34;text-align:center&#34;&gt;&lt;/td&gt;
&lt;td style=&#34;text-align:center&#34;&gt;&lt;/td&gt;
&lt;td style=&#34;text-align:center&#34;&gt;&lt;/td&gt;
&lt;td style=&#34;text-align:center&#34;&gt;X&lt;/td&gt;
&lt;td style=&#34;text-align:center&#34;&gt;X&lt;/td&gt;
&lt;td style=&#34;text-align:center&#34;&gt;X&lt;/td&gt;
&lt;td style=&#34;text-align:center&#34;&gt;X&lt;/td&gt;
&lt;/tr&gt;
&lt;tr&gt;
&lt;td style=&#34;text-align:center&#34;&gt;Google Clock¹&lt;/td&gt;
&lt;td style=&#34;text-align:center&#34;&gt;&lt;code&gt;ClockGoogle&lt;/code&gt;&lt;/td&gt;
&lt;td style=&#34;text-align:center&#34;&gt;&lt;/td&gt;
&lt;td style=&#34;text-align:center&#34;&gt;&lt;/td&gt;
&lt;td style=&#34;text-align:center&#34;&gt;&lt;/td&gt;
&lt;td style=&#34;text-align:center&#34;&gt;O&lt;/td&gt;
&lt;td style=&#34;text-align:center&#34;&gt;O&lt;/td&gt;
&lt;td style=&#34;text-align:center&#34;&gt;O&lt;/td&gt;
&lt;td style=&#34;text-align:center&#34;&gt;O&lt;/td&gt;
&lt;/tr&gt;
&lt;tr&gt;
&lt;td style=&#34;text-align:center&#34;&gt;Google Maps&lt;/td&gt;
&lt;td style=&#34;text-align:center&#34;&gt;&lt;code&gt;Maps&lt;/code&gt;&lt;/td&gt;
&lt;td style=&#34;text-align:center&#34;&gt;&lt;/td&gt;
&lt;td style=&#34;text-align:center&#34;&gt;&lt;/td&gt;
&lt;td style=&#34;text-align:center&#34;&gt;&lt;/td&gt;
&lt;td style=&#34;text-align:center&#34;&gt;X&lt;/td&gt;
&lt;td style=&#34;text-align:center&#34;&gt;X&lt;/td&gt;
&lt;td style=&#34;text-align:center&#34;&gt;X&lt;/td&gt;
&lt;td style=&#34;text-align:center&#34;&gt;X&lt;/td&gt;
&lt;/tr&gt;
&lt;tr&gt;
&lt;td style=&#34;text-align:center&#34;&gt;Google Messages¹&lt;/td&gt;
&lt;td style=&#34;text-align:center&#34;&gt;&lt;code&gt;Messenger&lt;/code&gt;&lt;/td&gt;
&lt;td style=&#34;text-align:center&#34;&gt;&lt;/td&gt;
&lt;td style=&#34;text-align:center&#34;&gt;&lt;/td&gt;
&lt;td style=&#34;text-align:center&#34;&gt;&lt;/td&gt;
&lt;td style=&#34;text-align:center&#34;&gt;O&lt;/td&gt;
&lt;td style=&#34;text-align:center&#34;&gt;O&lt;/td&gt;
&lt;td style=&#34;text-align:center&#34;&gt;O&lt;/td&gt;
&lt;td style=&#34;text-align:center&#34;&gt;O&lt;/td&gt;
&lt;/tr&gt;
&lt;tr&gt;
&lt;td style=&#34;text-align:center&#34;&gt;Google Photos&lt;/td&gt;
&lt;td style=&#34;text-align:center&#34;&gt;&lt;code&gt;Photos&lt;/code&gt;&lt;/td&gt;
&lt;td style=&#34;text-align:center&#34;&gt;&lt;/td&gt;
&lt;td style=&#34;text-align:center&#34;&gt;&lt;/td&gt;
&lt;td style=&#34;text-align:center&#34;&gt;&lt;/td&gt;
&lt;td style=&#34;text-align:center&#34;&gt;X&lt;/td&gt;
&lt;td style=&#34;text-align:center&#34;&gt;X&lt;/td&gt;
&lt;td style=&#34;text-align:center&#34;&gt;O&lt;/td&gt;
&lt;td style=&#34;text-align:center&#34;&gt;O&lt;/td&gt;
&lt;/tr&gt;
&lt;tr&gt;
&lt;td style=&#34;text-align:center&#34;&gt;Google Tags¹&lt;/td&gt;
&lt;td style=&#34;text-align:center&#34;&gt;&lt;code&gt;TagGoogle&lt;/code&gt;&lt;/td&gt;
&lt;td style=&#34;text-align:center&#34;&gt;&lt;/td&gt;
&lt;td style=&#34;text-align:center&#34;&gt;&lt;/td&gt;
&lt;td style=&#34;text-align:center&#34;&gt;&lt;/td&gt;
&lt;td style=&#34;text-align:center&#34;&gt;O&lt;/td&gt;
&lt;td style=&#34;text-align:center&#34;&gt;O&lt;/td&gt;
&lt;td style=&#34;text-align:center&#34;&gt;O&lt;/td&gt;
&lt;td style=&#34;text-align:center&#34;&gt;O&lt;/td&gt;
&lt;/tr&gt;
&lt;tr&gt;
&lt;td style=&#34;text-align:center&#34;&gt;YouTube&lt;/td&gt;
&lt;td style=&#34;text-align:center&#34;&gt;&lt;code&gt;YouTube&lt;/code&gt;&lt;/td&gt;
&lt;td style=&#34;text-align:center&#34;&gt;&lt;/td&gt;
&lt;td style=&#34;text-align:center&#34;&gt;&lt;/td&gt;
&lt;td style=&#34;text-align:center&#34;&gt;&lt;/td&gt;
&lt;td style=&#34;text-align:center&#34;&gt;X&lt;/td&gt;
&lt;td style=&#34;text-align:center&#34;&gt;X&lt;/td&gt;
&lt;td style=&#34;text-align:center&#34;&gt;X&lt;/td&gt;
&lt;td style=&#34;text-align:center&#34;&gt;X&lt;/td&gt;
&lt;/tr&gt;
&lt;tr&gt;
&lt;td style=&#34;text-align:center&#34;&gt;Google Play Books&lt;/td&gt;
&lt;td style=&#34;text-align:center&#34;&gt;&lt;code&gt;Books&lt;/code&gt;&lt;/td&gt;
&lt;td style=&#34;text-align:center&#34;&gt;&lt;/td&gt;
&lt;td style=&#34;text-align:center&#34;&gt;&lt;/td&gt;
&lt;td style=&#34;text-align:center&#34;&gt;&lt;/td&gt;
&lt;td style=&#34;text-align:center&#34;&gt;&lt;/td&gt;
&lt;td style=&#34;text-align:center&#34;&gt;X&lt;/td&gt;
&lt;td style=&#34;text-align:center&#34;&gt;X&lt;/td&gt;
&lt;td style=&#34;text-align:center&#34;&gt;X&lt;/td&gt;
&lt;/tr&gt;
&lt;tr&gt;
&lt;td style=&#34;text-align:center&#34;&gt;Google Chrome⁴&lt;/td&gt;
&lt;td style=&#34;text-align:center&#34;&gt;&lt;code&gt;Chrome&lt;/code&gt;&lt;/td&gt;
&lt;td style=&#34;text-align:center&#34;&gt;&lt;/td&gt;
&lt;td style=&#34;text-align:center&#34;&gt;&lt;/td&gt;
&lt;td style=&#34;text-align:center&#34;&gt;&lt;/td&gt;
&lt;td style=&#34;text-align:center&#34;&gt;&lt;/td&gt;
&lt;td style=&#34;text-align:center&#34;&gt;X&lt;/td&gt;
&lt;td style=&#34;text-align:center&#34;&gt;O&lt;/td&gt;
&lt;td style=&#34;text-align:center&#34;&gt;O&lt;/td&gt;
&lt;/tr&gt;
&lt;tr&gt;
&lt;td style=&#34;text-align:center&#34;&gt;Cloud Print&lt;/td&gt;
&lt;td style=&#34;text-align:center&#34;&gt;&lt;code&gt;CloudPrint&lt;/code&gt;&lt;/td&gt;
&lt;td style=&#34;text-align:center&#34;&gt;&lt;/td&gt;
&lt;td style=&#34;text-align:center&#34;&gt;&lt;/td&gt;
&lt;td style=&#34;text-align:center&#34;&gt;&lt;/td&gt;
&lt;td style=&#34;text-align:center&#34;&gt;&lt;/td&gt;
&lt;td style=&#34;text-align:center&#34;&gt;X&lt;/td&gt;
&lt;td style=&#34;text-align:center&#34;&gt;X&lt;/td&gt;
&lt;td style=&#34;text-align:center&#34;&gt;X&lt;/td&gt;
&lt;/tr&gt;
&lt;tr&gt;
&lt;td style=&#34;text-align:center&#34;&gt;Google Drive&lt;/td&gt;
&lt;td style=&#34;text-align:center&#34;&gt;&lt;code&gt;Drive&lt;/code&gt;&lt;/td&gt;
&lt;td style=&#34;text-align:center&#34;&gt;&lt;/td&gt;
&lt;td style=&#34;text-align:center&#34;&gt;&lt;/td&gt;
&lt;td style=&#34;text-align:center&#34;&gt;&lt;/td&gt;
&lt;td style=&#34;text-align:center&#34;&gt;&lt;/td&gt;
&lt;td style=&#34;text-align:center&#34;&gt;X&lt;/td&gt;
&lt;td style=&#34;text-align:center&#34;&gt;X&lt;/td&gt;
&lt;td style=&#34;text-align:center&#34;&gt;X&lt;/td&gt;
&lt;/tr&gt;
&lt;tr&gt;
&lt;td style=&#34;text-align:center&#34;&gt;Google Keep Notes&lt;/td&gt;
&lt;td style=&#34;text-align:center&#34;&gt;&lt;code&gt;Keep&lt;/code&gt;&lt;/td&gt;
&lt;td style=&#34;text-align:center&#34;&gt;&lt;/td&gt;
&lt;td style=&#34;text-align:center&#34;&gt;&lt;/td&gt;
&lt;td style=&#34;text-align:center&#34;&gt;&lt;/td&gt;
&lt;td style=&#34;text-align:center&#34;&gt;&lt;/td&gt;
&lt;td style=&#34;text-align:center&#34;&gt;X&lt;/td&gt;
&lt;td style=&#34;text-align:center&#34;&gt;X&lt;/td&gt;
&lt;td style=&#34;text-align:center&#34;&gt;X&lt;/td&gt;
&lt;/tr&gt;
&lt;tr&gt;
&lt;td style=&#34;text-align:center&#34;&gt;Google Play Movies &amp;amp; TV&lt;/td&gt;
&lt;td style=&#34;text-align:center&#34;&gt;&lt;code&gt;Movies&lt;/code&gt;&lt;/td&gt;
&lt;td style=&#34;text-align:center&#34;&gt;&lt;/td&gt;
&lt;td style=&#34;text-align:center&#34;&gt;&lt;/td&gt;
&lt;td style=&#34;text-align:center&#34;&gt;&lt;/td&gt;
&lt;td style=&#34;text-align:center&#34;&gt;&lt;/td&gt;
&lt;td style=&#34;text-align:center&#34;&gt;X&lt;/td&gt;
&lt;td style=&#34;text-align:center&#34;&gt;X&lt;/td&gt;
&lt;td style=&#34;text-align:center&#34;&gt;X&lt;/td&gt;
&lt;/tr&gt;
&lt;tr&gt;
&lt;td style=&#34;text-align:center&#34;&gt;Google Play Music&lt;/td&gt;
&lt;td style=&#34;text-align:center&#34;&gt;&lt;code&gt;Music&lt;/code&gt;&lt;/td&gt;
&lt;td style=&#34;text-align:center&#34;&gt;&lt;/td&gt;
&lt;td style=&#34;text-align:center&#34;&gt;&lt;/td&gt;
&lt;td style=&#34;text-align:center&#34;&gt;&lt;/td&gt;
&lt;td style=&#34;text-align:center&#34;&gt;&lt;/td&gt;
&lt;td style=&#34;text-align:center&#34;&gt;X&lt;/td&gt;
&lt;td style=&#34;text-align:center&#34;&gt;X&lt;/td&gt;
&lt;td style=&#34;text-align:center&#34;&gt;X&lt;/td&gt;
&lt;/tr&gt;
&lt;tr&gt;
&lt;td style=&#34;text-align:center&#34;&gt;Google News&lt;/td&gt;
&lt;td style=&#34;text-align:center&#34;&gt;&lt;code&gt;Newsstand&lt;/code&gt;&lt;/td&gt;
&lt;td style=&#34;text-align:center&#34;&gt;&lt;/td&gt;
&lt;td style=&#34;text-align:center&#34;&gt;&lt;/td&gt;
&lt;td style=&#34;text-align:center&#34;&gt;&lt;/td&gt;
&lt;td style=&#34;text-align:center&#34;&gt;&lt;/td&gt;
&lt;td style=&#34;text-align:center&#34;&gt;X&lt;/td&gt;
&lt;td style=&#34;text-align:center&#34;&gt;X&lt;/td&gt;
&lt;td style=&#34;text-align:center&#34;&gt;X&lt;/td&gt;
&lt;/tr&gt;
&lt;tr&gt;
&lt;td style=&#34;text-align:center&#34;&gt;Google Play Games&lt;/td&gt;
&lt;td style=&#34;text-align:center&#34;&gt;&lt;code&gt;PlayGames&lt;/code&gt;&lt;/td&gt;
&lt;td style=&#34;text-align:center&#34;&gt;&lt;/td&gt;
&lt;td style=&#34;text-align:center&#34;&gt;&lt;/td&gt;
&lt;td style=&#34;text-align:center&#34;&gt;&lt;/td&gt;
&lt;td style=&#34;text-align:center&#34;&gt;&lt;/td&gt;
&lt;td style=&#34;text-align:center&#34;&gt;X&lt;/td&gt;
&lt;td style=&#34;text-align:center&#34;&gt;X&lt;/td&gt;
&lt;td style=&#34;text-align:center&#34;&gt;X&lt;/td&gt;
&lt;/tr&gt;
&lt;tr&gt;
&lt;td style=&#34;text-align:center&#34;&gt;Google Accessibility Suite&lt;/td&gt;
&lt;td style=&#34;text-align:center&#34;&gt;&lt;code&gt;TalkBack&lt;/code&gt;&lt;/td&gt;
&lt;td style=&#34;text-align:center&#34;&gt;&lt;/td&gt;
&lt;td style=&#34;text-align:center&#34;&gt;&lt;/td&gt;
&lt;td style=&#34;text-align:center&#34;&gt;&lt;/td&gt;
&lt;td style=&#34;text-align:center&#34;&gt;&lt;/td&gt;
&lt;td style=&#34;text-align:center&#34;&gt;X&lt;/td&gt;
&lt;td style=&#34;text-align:center&#34;&gt;X&lt;/td&gt;
&lt;td style=&#34;text-align:center&#34;&gt;X&lt;/td&gt;
&lt;/tr&gt;
&lt;tr&gt;
&lt;td style=&#34;text-align:center&#34;&gt;Google Recorder&lt;/td&gt;
&lt;td style=&#34;text-align:center&#34;&gt;&lt;code&gt;Recorder&lt;/code&gt;&lt;/td&gt;
&lt;td style=&#34;text-align:center&#34;&gt;&lt;/td&gt;
&lt;td style=&#34;text-align:center&#34;&gt;&lt;/td&gt;
&lt;td style=&#34;text-align:center&#34;&gt;&lt;/td&gt;
&lt;td style=&#34;text-align:center&#34;&gt;&lt;/td&gt;
&lt;td style=&#34;text-align:center&#34;&gt;X&lt;/td&gt;
&lt;td style=&#34;text-align:center&#34;&gt;X&lt;/td&gt;
&lt;td style=&#34;text-align:center&#34;&gt;X&lt;/td&gt;
&lt;/tr&gt;
&lt;tr&gt;
&lt;td style=&#34;text-align:center&#34;&gt;Android Auto&lt;/td&gt;
&lt;td style=&#34;text-align:center&#34;&gt;&lt;code&gt;AndroidAuto&lt;/code&gt;&lt;/td&gt;
&lt;td style=&#34;text-align:center&#34;&gt;&lt;/td&gt;
&lt;td style=&#34;text-align:center&#34;&gt;&lt;/td&gt;
&lt;td style=&#34;text-align:center&#34;&gt;&lt;/td&gt;
&lt;td style=&#34;text-align:center&#34;&gt;&lt;/td&gt;
&lt;td style=&#34;text-align:center&#34;&gt;&lt;/td&gt;
&lt;td style=&#34;text-align:center&#34;&gt;X&lt;/td&gt;
&lt;td style=&#34;text-align:center&#34;&gt;X&lt;/td&gt;
&lt;/tr&gt;
&lt;tr&gt;
&lt;td style=&#34;text-align:center&#34;&gt;Google Camera¹&lt;/td&gt;
&lt;td style=&#34;text-align:center&#34;&gt;&lt;code&gt;CameraGoogle&lt;/code&gt;&lt;/td&gt;
&lt;td style=&#34;text-align:center&#34;&gt;&lt;/td&gt;
&lt;td style=&#34;text-align:center&#34;&gt;&lt;/td&gt;
&lt;td style=&#34;text-align:center&#34;&gt;&lt;/td&gt;
&lt;td style=&#34;text-align:center&#34;&gt;&lt;/td&gt;
&lt;td style=&#34;text-align:center&#34;&gt;&lt;/td&gt;
&lt;td style=&#34;text-align:center&#34;&gt;O&lt;/td&gt;
&lt;td style=&#34;text-align:center&#34;&gt;O&lt;/td&gt;
&lt;/tr&gt;
&lt;tr&gt;
&lt;td style=&#34;text-align:center&#34;&gt;Google Contacts¹&lt;/td&gt;
&lt;td style=&#34;text-align:center&#34;&gt;&lt;code&gt;ContactsGoogle&lt;/code&gt;&lt;/td&gt;
&lt;td style=&#34;text-align:center&#34;&gt;&lt;/td&gt;
&lt;td style=&#34;text-align:center&#34;&gt;&lt;/td&gt;
&lt;td style=&#34;text-align:center&#34;&gt;&lt;/td&gt;
&lt;td style=&#34;text-align:center&#34;&gt;&lt;/td&gt;
&lt;td style=&#34;text-align:center&#34;&gt;&lt;/td&gt;
&lt;td style=&#34;text-align:center&#34;&gt;O&lt;/td&gt;
&lt;td style=&#34;text-align:center&#34;&gt;O&lt;/td&gt;
&lt;/tr&gt;
&lt;tr&gt;
&lt;td style=&#34;text-align:center&#34;&gt;Google Phone²&lt;/td&gt;
&lt;td style=&#34;text-align:center&#34;&gt;&lt;code&gt;DialerGoogle&lt;/code&gt;&lt;/td&gt;
&lt;td style=&#34;text-align:center&#34;&gt;&lt;/td&gt;
&lt;td style=&#34;text-align:center&#34;&gt;&lt;/td&gt;
&lt;td style=&#34;text-align:center&#34;&gt;&lt;/td&gt;
&lt;td style=&#34;text-align:center&#34;&gt;&lt;/td&gt;
&lt;td style=&#34;text-align:center&#34;&gt;&lt;/td&gt;
&lt;td style=&#34;text-align:center&#34;&gt;X&lt;/td&gt;
&lt;td style=&#34;text-align:center&#34;&gt;X&lt;/td&gt;
&lt;/tr&gt;
&lt;tr&gt;
&lt;td style=&#34;text-align:center&#34;&gt;Google Duo&lt;/td&gt;
&lt;td style=&#34;text-align:center&#34;&gt;&lt;code&gt;Duo&lt;/code&gt;&lt;/td&gt;
&lt;td style=&#34;text-align:center&#34;&gt;&lt;/td&gt;
&lt;td style=&#34;text-align:center&#34;&gt;&lt;/td&gt;
&lt;td style=&#34;text-align:center&#34;&gt;&lt;/td&gt;
&lt;td style=&#34;text-align:center&#34;&gt;&lt;/td&gt;
&lt;td style=&#34;text-align:center&#34;&gt;&lt;/td&gt;
&lt;td style=&#34;text-align:center&#34;&gt;X&lt;/td&gt;
&lt;td style=&#34;text-align:center&#34;&gt;X&lt;/td&gt;
&lt;/tr&gt;
&lt;tr&gt;
&lt;td style=&#34;text-align:center&#34;&gt;Google Pay&lt;/td&gt;
&lt;td style=&#34;text-align:center&#34;&gt;&lt;code&gt;GooglePay&lt;/code&gt;&lt;/td&gt;
&lt;td style=&#34;text-align:center&#34;&gt;&lt;/td&gt;
&lt;td style=&#34;text-align:center&#34;&gt;&lt;/td&gt;
&lt;td style=&#34;text-align:center&#34;&gt;&lt;/td&gt;
&lt;td style=&#34;text-align:center&#34;&gt;&lt;/td&gt;
&lt;td style=&#34;text-align:center&#34;&gt;&lt;/td&gt;
&lt;td style=&#34;text-align:center&#34;&gt;X&lt;/td&gt;
&lt;td style=&#34;text-align:center&#34;&gt;X&lt;/td&gt;
&lt;/tr&gt;
&lt;tr&gt;
&lt;td style=&#34;text-align:center&#34;&gt;Google Keyboard¹&lt;/td&gt;
&lt;td style=&#34;text-align:center&#34;&gt;&lt;code&gt;KeyboardGoogle&lt;/code&gt;&lt;/td&gt;
&lt;td style=&#34;text-align:center&#34;&gt;&lt;/td&gt;
&lt;td style=&#34;text-align:center&#34;&gt;&lt;/td&gt;
&lt;td style=&#34;text-align:center&#34;&gt;&lt;/td&gt;
&lt;td style=&#34;text-align:center&#34;&gt;&lt;/td&gt;
&lt;td style=&#34;text-align:center&#34;&gt;&lt;/td&gt;
&lt;td style=&#34;text-align:center&#34;&gt;O&lt;/td&gt;
&lt;td style=&#34;text-align:center&#34;&gt;O&lt;/td&gt;
&lt;/tr&gt;
&lt;tr&gt;
&lt;td style=&#34;text-align:center&#34;&gt;Google Print Recommendation Service&lt;/td&gt;
&lt;td style=&#34;text-align:center&#34;&gt;&lt;code&gt;PrintServiceGoogle&lt;/code&gt;&lt;/td&gt;
&lt;td style=&#34;text-align:center&#34;&gt;&lt;/td&gt;
&lt;td style=&#34;text-align:center&#34;&gt;&lt;/td&gt;
&lt;td style=&#34;text-align:center&#34;&gt;&lt;/td&gt;
&lt;td style=&#34;text-align:center&#34;&gt;&lt;/td&gt;
&lt;td style=&#34;text-align:center&#34;&gt;&lt;/td&gt;
&lt;td style=&#34;text-align:center&#34;&gt;O&lt;/td&gt;
&lt;td style=&#34;text-align:center&#34;&gt;O&lt;/td&gt;
&lt;/tr&gt;
&lt;tr&gt;
&lt;td style=&#34;text-align:center&#34;&gt;Google Smart Storage&lt;/td&gt;
&lt;td style=&#34;text-align:center&#34;&gt;&lt;code&gt;StorageManagerGoogle&lt;/code&gt;&lt;/td&gt;
&lt;td style=&#34;text-align:center&#34;&gt;&lt;/td&gt;
&lt;td style=&#34;text-align:center&#34;&gt;&lt;/td&gt;
&lt;td style=&#34;text-align:center&#34;&gt;&lt;/td&gt;
&lt;td style=&#34;text-align:center&#34;&gt;&lt;/td&gt;
&lt;td style=&#34;text-align:center&#34;&gt;&lt;/td&gt;
&lt;td style=&#34;text-align:center&#34;&gt;O&lt;/td&gt;
&lt;td style=&#34;text-align:center&#34;&gt;O&lt;/td&gt;
&lt;/tr&gt;
&lt;tr&gt;
&lt;td style=&#34;text-align:center&#34;&gt;Google Translate&lt;/td&gt;
&lt;td style=&#34;text-align:center&#34;&gt;&lt;code&gt;Translate&lt;/code&gt;&lt;/td&gt;
&lt;td style=&#34;text-align:center&#34;&gt;&lt;/td&gt;
&lt;td style=&#34;text-align:center&#34;&gt;&lt;/td&gt;
&lt;td style=&#34;text-align:center&#34;&gt;&lt;/td&gt;
&lt;td style=&#34;text-align:center&#34;&gt;&lt;/td&gt;
&lt;td style=&#34;text-align:center&#34;&gt;&lt;/td&gt;
&lt;td style=&#34;text-align:center&#34;&gt;X&lt;/td&gt;
&lt;td style=&#34;text-align:center&#34;&gt;X&lt;/td&gt;
&lt;/tr&gt;
&lt;tr&gt;
&lt;td style=&#34;text-align:center&#34;&gt;Google VR Services&lt;/td&gt;
&lt;td style=&#34;text-align:center&#34;&gt;&lt;code&gt;VRService&lt;/code&gt;&lt;/td&gt;
&lt;td style=&#34;text-align:center&#34;&gt;&lt;/td&gt;
&lt;td style=&#34;text-align:center&#34;&gt;&lt;/td&gt;
&lt;td style=&#34;text-align:center&#34;&gt;&lt;/td&gt;
&lt;td style=&#34;text-align:center&#34;&gt;&lt;/td&gt;
&lt;td style=&#34;text-align:center&#34;&gt;&lt;/td&gt;
&lt;td style=&#34;text-align:center&#34;&gt;X&lt;/td&gt;
&lt;td style=&#34;text-align:center&#34;&gt;X&lt;/td&gt;
&lt;/tr&gt;
&lt;tr&gt;
&lt;td style=&#34;text-align:center&#34;&gt;Android System Webview¹⁴&lt;/td&gt;
&lt;td style=&#34;text-align:center&#34;&gt;&lt;code&gt;WebViewGoogle&lt;/code&gt; &lt;code&gt;WebViewStub&lt;/code&gt;³&lt;/td&gt;
&lt;td style=&#34;text-align:center&#34;&gt;&lt;/td&gt;
&lt;td style=&#34;text-align:center&#34;&gt;&lt;/td&gt;
&lt;td style=&#34;text-align:center&#34;&gt;&lt;/td&gt;
&lt;td style=&#34;text-align:center&#34;&gt;&lt;/td&gt;
&lt;td style=&#34;text-align:center&#34;&gt;&lt;/td&gt;
&lt;td style=&#34;text-align:center&#34;&gt;O&lt;/td&gt;
&lt;td style=&#34;text-align:center&#34;&gt;O&lt;/td&gt;
&lt;/tr&gt;
&lt;tr&gt;
&lt;td style=&#34;text-align:center&#34;&gt;Better Together&lt;/td&gt;
&lt;td style=&#34;text-align:center&#34;&gt;&lt;code&gt;BetterTogether&lt;/code&gt;&lt;/td&gt;
&lt;td style=&#34;text-align:center&#34;&gt;&lt;/td&gt;
&lt;td style=&#34;text-align:center&#34;&gt;&lt;/td&gt;
&lt;td style=&#34;text-align:center&#34;&gt;&lt;/td&gt;
&lt;td style=&#34;text-align:center&#34;&gt;&lt;/td&gt;
&lt;td style=&#34;text-align:center&#34;&gt;&lt;/td&gt;
&lt;td style=&#34;text-align:center&#34;&gt;&lt;/td&gt;
&lt;td style=&#34;text-align:center&#34;&gt;X&lt;/td&gt;
&lt;/tr&gt;
&lt;tr&gt;
&lt;td style=&#34;text-align:center&#34;&gt;Google Apps Device Policy&lt;/td&gt;
&lt;td style=&#34;text-align:center&#34;&gt;&lt;code&gt;DMAgent&lt;/code&gt;&lt;/td&gt;
&lt;td style=&#34;text-align:center&#34;&gt;&lt;/td&gt;
&lt;td style=&#34;text-align:center&#34;&gt;&lt;/td&gt;
&lt;td style=&#34;text-align:center&#34;&gt;&lt;/td&gt;
&lt;td style=&#34;text-align:center&#34;&gt;&lt;/td&gt;
&lt;td style=&#34;text-align:center&#34;&gt;&lt;/td&gt;
&lt;td style=&#34;text-align:center&#34;&gt;&lt;/td&gt;
&lt;td style=&#34;text-align:center&#34;&gt;X&lt;/td&gt;
&lt;/tr&gt;
&lt;tr&gt;
&lt;td style=&#34;text-align:center&#34;&gt;Google Docs&lt;/td&gt;
&lt;td style=&#34;text-align:center&#34;&gt;&lt;code&gt;Docs&lt;/code&gt;&lt;/td&gt;
&lt;td style=&#34;text-align:center&#34;&gt;&lt;/td&gt;
&lt;td style=&#34;text-align:center&#34;&gt;&lt;/td&gt;
&lt;td style=&#34;text-align:center&#34;&gt;&lt;/td&gt;
&lt;td style=&#34;text-align:center&#34;&gt;&lt;/td&gt;
&lt;td style=&#34;text-align:center&#34;&gt;&lt;/td&gt;
&lt;td style=&#34;text-align:center&#34;&gt;&lt;/td&gt;
&lt;td style=&#34;text-align:center&#34;&gt;X&lt;/td&gt;
&lt;/tr&gt;
&lt;tr&gt;
&lt;td style=&#34;text-align:center&#34;&gt;Google Earth&lt;/td&gt;
&lt;td style=&#34;text-align:center&#34;&gt;&lt;code&gt;Earth&lt;/code&gt;&lt;/td&gt;
&lt;td style=&#34;text-align:center&#34;&gt;&lt;/td&gt;
&lt;td style=&#34;text-align:center&#34;&gt;&lt;/td&gt;
&lt;td style=&#34;text-align:center&#34;&gt;&lt;/td&gt;
&lt;td style=&#34;text-align:center&#34;&gt;&lt;/td&gt;
&lt;td style=&#34;text-align:center&#34;&gt;&lt;/td&gt;
&lt;td style=&#34;text-align:center&#34;&gt;&lt;/td&gt;
&lt;td style=&#34;text-align:center&#34;&gt;X&lt;/td&gt;
&lt;/tr&gt;
&lt;tr&gt;
&lt;td style=&#34;text-align:center&#34;&gt;Google Fit&lt;/td&gt;
&lt;td style=&#34;text-align:center&#34;&gt;&lt;code&gt;Fitness&lt;/code&gt;&lt;/td&gt;
&lt;td style=&#34;text-align:center&#34;&gt;&lt;/td&gt;
&lt;td style=&#34;text-align:center&#34;&gt;&lt;/td&gt;
&lt;td style=&#34;text-align:center&#34;&gt;&lt;/td&gt;
&lt;td style=&#34;text-align:center&#34;&gt;&lt;/td&gt;
&lt;td style=&#34;text-align:center&#34;&gt;&lt;/td&gt;
&lt;td style=&#34;text-align:center&#34;&gt;&lt;/td&gt;
&lt;td style=&#34;text-align:center&#34;&gt;X&lt;/td&gt;
&lt;/tr&gt;
&lt;tr&gt;
&lt;td style=&#34;text-align:center&#34;&gt;Google Connectivity Services&lt;/td&gt;
&lt;td style=&#34;text-align:center&#34;&gt;&lt;code&gt;GCS&lt;/code&gt;&lt;/td&gt;
&lt;td style=&#34;text-align:center&#34;&gt;&lt;/td&gt;
&lt;td style=&#34;text-align:center&#34;&gt;&lt;/td&gt;
&lt;td style=&#34;text-align:center&#34;&gt;&lt;/td&gt;
&lt;td style=&#34;text-align:center&#34;&gt;&lt;/td&gt;
&lt;td style=&#34;text-align:center&#34;&gt;&lt;/td&gt;
&lt;td style=&#34;text-align:center&#34;&gt;&lt;/td&gt;
&lt;td style=&#34;text-align:center&#34;&gt;X&lt;/td&gt;
&lt;/tr&gt;
&lt;tr&gt;
&lt;td style=&#34;text-align:center&#34;&gt;Google Hangouts&lt;/td&gt;
&lt;td style=&#34;text-align:center&#34;&gt;&lt;code&gt;Hangouts&lt;/code&gt;&lt;/td&gt;
&lt;td style=&#34;text-align:center&#34;&gt;&lt;/td&gt;
&lt;td style=&#34;text-align:center&#34;&gt;&lt;/td&gt;
&lt;td style=&#34;text-align:center&#34;&gt;&lt;/td&gt;
&lt;td style=&#34;text-align:center&#34;&gt;&lt;/td&gt;
&lt;td style=&#34;text-align:center&#34;&gt;&lt;/td&gt;
&lt;td style=&#34;text-align:center&#34;&gt;&lt;/td&gt;
&lt;td style=&#34;text-align:center&#34;&gt;X&lt;/td&gt;
&lt;/tr&gt;
&lt;tr&gt;
&lt;td style=&#34;text-align:center&#34;&gt;Google Indic Keyboard&lt;/td&gt;
&lt;td style=&#34;text-align:center&#34;&gt;&lt;code&gt;Indic&lt;/code&gt;&lt;/td&gt;
&lt;td style=&#34;text-align:center&#34;&gt;&lt;/td&gt;
&lt;td style=&#34;text-align:center&#34;&gt;&lt;/td&gt;
&lt;td style=&#34;text-align:center&#34;&gt;&lt;/td&gt;
&lt;td style=&#34;text-align:center&#34;&gt;&lt;/td&gt;
&lt;td style=&#34;text-align:center&#34;&gt;&lt;/td&gt;
&lt;td style=&#34;text-align:center&#34;&gt;&lt;/td&gt;
&lt;td style=&#34;text-align:center&#34;&gt;X&lt;/td&gt;
&lt;/tr&gt;
&lt;tr&gt;
&lt;td style=&#34;text-align:center&#34;&gt;Google Japanese Input&lt;/td&gt;
&lt;td style=&#34;text-align:center&#34;&gt;&lt;code&gt;Japanese&lt;/code&gt;&lt;/td&gt;
&lt;td style=&#34;text-align:center&#34;&gt;&lt;/td&gt;
&lt;td style=&#34;text-align:center&#34;&gt;&lt;/td&gt;
&lt;td style=&#34;text-align:center&#34;&gt;&lt;/td&gt;
&lt;td style=&#34;text-align:center&#34;&gt;&lt;/td&gt;
&lt;td style=&#34;text-align:center&#34;&gt;&lt;/td&gt;
&lt;td style=&#34;text-align:center&#34;&gt;&lt;/td&gt;
&lt;td style=&#34;text-align:center&#34;&gt;X&lt;/td&gt;
&lt;/tr&gt;
&lt;tr&gt;
&lt;td style=&#34;text-align:center&#34;&gt;Google Korean Input&lt;/td&gt;
&lt;td style=&#34;text-align:center&#34;&gt;&lt;code&gt;Korean&lt;/code&gt;&lt;/td&gt;
&lt;td style=&#34;text-align:center&#34;&gt;&lt;/td&gt;
&lt;td style=&#34;text-align:center&#34;&gt;&lt;/td&gt;
&lt;td style=&#34;text-align:center&#34;&gt;&lt;/td&gt;
&lt;td style=&#34;text-align:center&#34;&gt;&lt;/td&gt;
&lt;td style=&#34;text-align:center&#34;&gt;&lt;/td&gt;
&lt;td style=&#34;text-align:center&#34;&gt;&lt;/td&gt;
&lt;td style=&#34;text-align:center&#34;&gt;X&lt;/td&gt;
&lt;/tr&gt;
&lt;tr&gt;
&lt;td style=&#34;text-align:center&#34;&gt;Google Pinyin Input&lt;/td&gt;
&lt;td style=&#34;text-align:center&#34;&gt;&lt;code&gt;Pinyin&lt;/code&gt;&lt;/td&gt;
&lt;td style=&#34;text-align:center&#34;&gt;&lt;/td&gt;
&lt;td style=&#34;text-align:center&#34;&gt;&lt;/td&gt;
&lt;td style=&#34;text-align:center&#34;&gt;&lt;/td&gt;
&lt;td style=&#34;text-align:center&#34;&gt;&lt;/td&gt;
&lt;td style=&#34;text-align:center&#34;&gt;&lt;/td&gt;
&lt;td style=&#34;text-align:center&#34;&gt;&lt;/td&gt;
&lt;td style=&#34;text-align:center&#34;&gt;X&lt;/td&gt;
&lt;/tr&gt;
&lt;tr&gt;
&lt;td style=&#34;text-align:center&#34;&gt;Project Fi²&lt;/td&gt;
&lt;td style=&#34;text-align:center&#34;&gt;&lt;code&gt;ProjectFi&lt;/code&gt;&lt;/td&gt;
&lt;td style=&#34;text-align:center&#34;&gt;&lt;/td&gt;
&lt;td style=&#34;text-align:center&#34;&gt;&lt;/td&gt;
&lt;td style=&#34;text-align:center&#34;&gt;&lt;/td&gt;
&lt;td style=&#34;text-align:center&#34;&gt;&lt;/td&gt;
&lt;td style=&#34;text-align:center&#34;&gt;&lt;/td&gt;
&lt;td style=&#34;text-align:center&#34;&gt;&lt;/td&gt;
&lt;td style=&#34;text-align:center&#34;&gt;X&lt;/td&gt;
&lt;/tr&gt;
&lt;tr&gt;
&lt;td style=&#34;text-align:center&#34;&gt;Google Sheets&lt;/td&gt;
&lt;td style=&#34;text-align:center&#34;&gt;&lt;code&gt;Sheets&lt;/code&gt;&lt;/td&gt;
&lt;td style=&#34;text-align:center&#34;&gt;&lt;/td&gt;
&lt;td style=&#34;text-align:center&#34;&gt;&lt;/td&gt;
&lt;td style=&#34;text-align:center&#34;&gt;&lt;/td&gt;
&lt;td style=&#34;text-align:center&#34;&gt;&lt;/td&gt;
&lt;td style=&#34;text-align:center&#34;&gt;&lt;/td&gt;
&lt;td style=&#34;text-align:center&#34;&gt;&lt;/td&gt;
&lt;td style=&#34;text-align:center&#34;&gt;X&lt;/td&gt;
&lt;/tr&gt;
&lt;tr&gt;
&lt;td style=&#34;text-align:center&#34;&gt;Google Slides&lt;/td&gt;
&lt;td style=&#34;text-align:center&#34;&gt;&lt;code&gt;Slides&lt;/code&gt;&lt;/td&gt;
&lt;td style=&#34;text-align:center&#34;&gt;&lt;/td&gt;
&lt;td style=&#34;text-align:center&#34;&gt;&lt;/td&gt;
&lt;td style=&#34;text-align:center&#34;&gt;&lt;/td&gt;
&lt;td style=&#34;text-align:center&#34;&gt;&lt;/td&gt;
&lt;td style=&#34;text-align:center&#34;&gt;&lt;/td&gt;
&lt;td style=&#34;text-align:center&#34;&gt;&lt;/td&gt;
&lt;td style=&#34;text-align:center&#34;&gt;X&lt;/td&gt;
&lt;/tr&gt;
&lt;tr&gt;
&lt;td style=&#34;text-align:center&#34;&gt;Google Street View&lt;/td&gt;
&lt;td style=&#34;text-align:center&#34;&gt;&lt;code&gt;Street&lt;/code&gt;&lt;/td&gt;
&lt;td style=&#34;text-align:center&#34;&gt;&lt;/td&gt;
&lt;td style=&#34;text-align:center&#34;&gt;&lt;/td&gt;
&lt;td style=&#34;text-align:center&#34;&gt;&lt;/td&gt;
&lt;td style=&#34;text-align:center&#34;&gt;&lt;/td&gt;
&lt;td style=&#34;text-align:center&#34;&gt;&lt;/td&gt;
&lt;td style=&#34;text-align:center&#34;&gt;&lt;/td&gt;
&lt;td style=&#34;text-align:center&#34;&gt;X&lt;/td&gt;
&lt;/tr&gt;
&lt;tr&gt;
&lt;td style=&#34;text-align:center&#34;&gt;Google Zhuyin Input&lt;/td&gt;
&lt;td style=&#34;text-align:center&#34;&gt;&lt;code&gt;Zhuyin&lt;/code&gt;&lt;/td&gt;
&lt;td style=&#34;text-align:center&#34;&gt;&lt;/td&gt;
&lt;td style=&#34;text-align:center&#34;&gt;&lt;/td&gt;
&lt;td style=&#34;text-align:center&#34;&gt;&lt;/td&gt;
&lt;td style=&#34;text-align:center&#34;&gt;&lt;/td&gt;
&lt;td style=&#34;text-align:center&#34;&gt;&lt;/td&gt;
&lt;td style=&#34;text-align:center&#34;&gt;&lt;/td&gt;
&lt;td style=&#34;text-align:center&#34;&gt;X&lt;/td&gt;
&lt;/tr&gt;
&lt;/tbody&gt;
&lt;/table&gt;
&lt;p&gt;&amp;mdash;&amp;mdash;&amp;ndash;分界线&amp;mdash;&amp;mdash;&amp;ndash;&lt;/p&gt;
&lt;p&gt;一般来说，选择&lt;code&gt;pico/nano/micro&lt;/code&gt;版本已经足够，更大的版本不仅是&lt;code&gt;/system&lt;/code&gt;装不下，而且也很多冗余的物品！&lt;/p&gt;
&lt;h3 id=&#34;2下载你所需版本的刷机包&#34;&gt;2.下载你所需版本的刷机包&lt;/h3&gt;
&lt;p&gt;前往着一个网址：&lt;a class=&#34;link&#34; href=&#34;https://opengapps.org/&#34;  target=&#34;_blank&#34; rel=&#34;noopener&#34;
    &gt;https://opengapps.org/&lt;/a&gt;&lt;/p&gt;
&lt;p&gt;&lt;img src=&#34;https://blog.highp.ing/p/androidinstallgoogle/umxgov.webp&#34;
	width=&#34;453&#34;
	height=&#34;800&#34;
	srcset=&#34;https://blog.highp.ing/p/androidinstallgoogle/umxgov_hu60f29ff57dd6a0512c32094a27fd27f6_15008_480x0_resize_q75_h2_box_2.webp 480w, https://blog.highp.ing/p/androidinstallgoogle/umxgov_hu60f29ff57dd6a0512c32094a27fd27f6_15008_1024x0_resize_q75_h2_box_2.webp 1024w&#34;
	loading=&#34;lazy&#34;
	
		alt=&#34;Alt&#34;
	
	
		class=&#34;gallery-image&#34; 
		data-flex-grow=&#34;56&#34;
		data-flex-basis=&#34;135px&#34;
	
&gt;&lt;/p&gt;
&lt;p&gt;在图中选择你设备的&lt;code&gt;架构(一般为ARM64)&lt;/code&gt;、&lt;code&gt;安卓版本&lt;/code&gt;、&lt;code&gt;你所需要的Gapps的版本&lt;/code&gt;&lt;/p&gt;
&lt;p&gt;然后点击&lt;code&gt;下方的下载图标&lt;/code&gt;，就可以跳转到&amp;lt;sourceforge.net&amp;gt;进行下载了！&lt;/p&gt;
&lt;h3 id=&#34;3从第三方recovery刷入例twrp&#34;&gt;3.从第三方Recovery刷入(例TWRP)&lt;/h3&gt;
&lt;p&gt;由于Rec模式不好截图，这里就用文本描述！&lt;/p&gt;
&lt;p&gt;重启至&lt;code&gt;Recovery&lt;/code&gt;，按照普通方式在&lt;code&gt;安装/Install&lt;/code&gt;模式下选择保存在手机内的&lt;code&gt;Gappsxxx.zip&lt;/code&gt;即可！&lt;/p&gt;
&lt;h3 id=&#34;4重启-享受谷歌服务&#34;&gt;4.重启 享受谷歌服务&lt;/h3&gt;
&lt;p&gt;刷入完成后重启即可，一开机就会发现有&lt;strong&gt;标准的谷歌服务以及套件&lt;/strong&gt;了！&lt;/p&gt;
&lt;h2 id=&#34;第二种方法litegapps-magisk模块&#34;&gt;第二种方法：LiteGapps (Magisk模块)&lt;/h2&gt;
&lt;p&gt;&lt;code&gt;LiteGapps&lt;/code&gt;是一个&lt;code&gt;Gapps&lt;/code&gt;的分支，其拥有比原版&lt;code&gt;Gapps&lt;/code&gt;更小的体积，但是功能也一点没有减少&lt;/p&gt;
&lt;p&gt;其官网为：&lt;a class=&#34;link&#34; href=&#34;https://litegapps.site/&#34;  target=&#34;_blank&#34; rel=&#34;noopener&#34;
    &gt;https://litegapps.site/&lt;/a&gt;&lt;/p&gt;
&lt;p&gt;&lt;code&gt;LiteGapps&lt;/code&gt;模块在&lt;a class=&#34;link&#34; href=&#34;https://magisk.suchenqaq.club/&#34;  target=&#34;_blank&#34; rel=&#34;noopener&#34;
    &gt;Magisk资源分享&lt;/a&gt;网站上有分享，可以通过下面的链接下载模块并安装：&lt;/p&gt;
&lt;p&gt;&lt;a class=&#34;link&#34; href=&#34;https://downloads1.suchenqaq.club/magisk_module/tool/[MAGISK]LiteGapps%20%20_v2.3_official.zip&#34;  target=&#34;_blank&#34; rel=&#34;noopener&#34;
    &gt;LiteGapps模块(来自于Magisk资源分享)&lt;/a&gt;&lt;/p&gt;
&lt;p&gt;详细的模块安装方法就&lt;em&gt;不介绍&lt;/em&gt;了，安装完重启即可享受&lt;strong&gt;标准的谷歌服务以及套件&lt;/strong&gt;！&lt;/p&gt;
&lt;h2 id=&#34;附解决google-play-设备未获得play保护机制认证&#34;&gt;附：解决&lt;code&gt;Google Play 设备未获得Play保护机制认证&lt;/code&gt;&lt;/h2&gt;
&lt;p&gt;在一些&lt;em&gt;冷门或是国产设备&lt;/em&gt;上使用上述方法安装&lt;code&gt;Google 框架&lt;/code&gt;时，会出现&lt;code&gt;Google Play 设备未获得Play保护机制认证&lt;/code&gt;这一提示：&lt;/p&gt;
&lt;p&gt;&lt;img src=&#34;https://blog.highp.ing/p/androidinstallgoogle/image-1.png&#34;
	width=&#34;745&#34;
	height=&#34;570&#34;
	srcset=&#34;https://blog.highp.ing/p/androidinstallgoogle/image-1_hu796b94baed978ecc2ec9f3558577d49d_171803_480x0_resize_box_3.png 480w, https://blog.highp.ing/p/androidinstallgoogle/image-1_hu796b94baed978ecc2ec9f3558577d49d_171803_1024x0_resize_box_3.png 1024w&#34;
	loading=&#34;lazy&#34;
	
		alt=&#34;Alt text&#34;
	
	
		class=&#34;gallery-image&#34; 
		data-flex-grow=&#34;130&#34;
		data-flex-basis=&#34;313px&#34;
	
&gt;&lt;/p&gt;
&lt;h3 id=&#34;1安装deviceid&#34;&gt;1.安装DeviceID&lt;/h3&gt;
&lt;p&gt;在 &lt;a class=&#34;link&#34; href=&#34;https://play.google.com/store/apps/details?id=com.evozi.deviceid&amp;amp;hl=zh&#34;  target=&#34;_blank&#34; rel=&#34;noopener&#34;
    &gt;Google Play&lt;/a&gt; / &lt;a class=&#34;link&#34; href=&#34;https://apkpure.com/store/apps/details?id=com.evozi.deviceid&amp;amp;hl=zh&#34;  target=&#34;_blank&#34; rel=&#34;noopener&#34;
    &gt;Apkpure&lt;/a&gt; / &lt;a class=&#34;link&#34; href=&#34;https://c1oudf1are.link/com.evozi.deviceid_1.3.2-8_minAPI14%28nodpi%29.apk&#34;  target=&#34;_blank&#34; rel=&#34;noopener&#34;
    &gt;本站&lt;/a&gt; 任选一个&lt;strong&gt;你可以访问&lt;/strong&gt;的地址下载&lt;/p&gt;
&lt;p&gt;随后&lt;strong&gt;安装并打开&lt;/strong&gt;即可&lt;/p&gt;
&lt;h3 id=&#34;2获取gsfid&#34;&gt;2.获取GSFID&lt;/h3&gt;
&lt;p&gt;&lt;img src=&#34;https://blog.highp.ing/p/androidinstallgoogle/image-2.png&#34;
	width=&#34;323&#34;
	height=&#34;573&#34;
	srcset=&#34;https://blog.highp.ing/p/androidinstallgoogle/image-2_hu0dfe3fa4ca1e7b05b1ef0de2929ddab6_50933_480x0_resize_box_3.png 480w, https://blog.highp.ing/p/androidinstallgoogle/image-2_hu0dfe3fa4ca1e7b05b1ef0de2929ddab6_50933_1024x0_resize_box_3.png 1024w&#34;
	loading=&#34;lazy&#34;
	
	
		class=&#34;gallery-image&#34; 
		data-flex-grow=&#34;56&#34;
		data-flex-basis=&#34;135px&#34;
	
&gt;&lt;/p&gt;
&lt;p&gt;如图，在第二行的&lt;code&gt;Google Service Framework (GSF)&lt;/code&gt;中获取你自己设备的&lt;strong&gt;独一无二的&lt;/strong&gt;ID！&lt;/p&gt;
&lt;p&gt;复制保存下来，下一步&lt;strong&gt;需要用到&lt;/strong&gt;！&lt;/p&gt;
&lt;h3 id=&#34;3注册id&#34;&gt;3.注册ID&lt;/h3&gt;
&lt;p&gt;前往 &lt;a class=&#34;link&#34; href=&#34;https://www.google.com/android/uncertified/&#34;  target=&#34;_blank&#34; rel=&#34;noopener&#34;
    &gt;https://www.google.com/android/uncertified/&lt;/a&gt;&lt;/p&gt;
&lt;p&gt;登入你的&lt;code&gt;Google账户&lt;/code&gt;，并输入你上面获取的&lt;code&gt;GSFID&lt;/code&gt;:(图来自知乎)&lt;/p&gt;
&lt;p&gt;&lt;img src=&#34;https://blog.highp.ing/p/androidinstallgoogle/image-3.png&#34;
	width=&#34;1132&#34;
	height=&#34;584&#34;
	srcset=&#34;https://blog.highp.ing/p/androidinstallgoogle/image-3_hu0ce0c69be0dff336a4a259b6e6d73b09_332702_480x0_resize_box_3.png 480w, https://blog.highp.ing/p/androidinstallgoogle/image-3_hu0ce0c69be0dff336a4a259b6e6d73b09_332702_1024x0_resize_box_3.png 1024w&#34;
	loading=&#34;lazy&#34;
	
		alt=&#34;Alt text&#34;
	
	
		class=&#34;gallery-image&#34; 
		data-flex-grow=&#34;193&#34;
		data-flex-basis=&#34;465px&#34;
	
&gt;&lt;/p&gt;
&lt;p&gt;点击&lt;code&gt;注册&lt;/code&gt;，等待一会即可！&lt;/p&gt;
&lt;h3 id=&#34;重置google-play数据&#34;&gt;重置Google Play数据&lt;/h3&gt;
&lt;p&gt;进入 &lt;strong&gt;系统设置-软件-Google Play-储存空间-清除数据&lt;/strong&gt; ，确认后&lt;em&gt;重启设备&lt;/em&gt;，就可以正常使用&lt;code&gt;Google Play&lt;/code&gt;了！&lt;/p&gt;
&lt;h2 id=&#34;小结&#34;&gt;小结&lt;/h2&gt;
&lt;p&gt;安装过程挺简单的，希望大家都能用上Google 框架！&lt;/p&gt;
&lt;p&gt;如有问题，可以来 Telegram:&lt;a class=&#34;link&#34; href=&#34;https://t.me/C1oudF1are&#34;  target=&#34;_blank&#34; rel=&#34;noopener&#34;
    &gt;@C1oudF1are&lt;/a&gt; 找我，免费咨询任何我所知道的问题！&lt;/p&gt;
</description>
        </item>
        <item>
        <title>松鼠AI学习机V11|SQAIPAD-V11 破解/Root (适用于所有MTK设备)</title>
        <link>https://blog.highp.ing/p/sqaipad/</link>
        <pubDate>Wed, 23 Aug 2023 00:00:00 +0000</pubDate>
        
        <guid>https://blog.highp.ing/p/sqaipad/</guid>
        <description>&lt;img src="https://blog.highp.ing/p/sqaipad/image.png" alt="Featured image of post 松鼠AI学习机V11|SQAIPAD-V11 破解/Root (适用于所有MTK设备)" /&gt;&lt;h1 id=&#34;松鼠ai学习机v11sqaipad-v11-破解root-适用于所有mtk设备&#34;&gt;松鼠AI学习机V11|SQAIPAD-V11 破解/Root (适用于所有MTK设备)&lt;/h1&gt;
&lt;p&gt;本文由 &lt;code&gt;High Ping Network&lt;/code&gt; 的小伙伴 GenshinMinecraft 进行编撰，首发于 &lt;a class=&#34;link&#34; href=&#34;https://blog.highp.ing&#34;  target=&#34;_blank&#34; rel=&#34;noopener&#34;
    &gt;本博客&lt;/a&gt;&lt;/p&gt;
&lt;p&gt;Root原文方法链接：&lt;a class=&#34;link&#34; href=&#34;https://blog.csdn.net/shenjingwa012/article/details/131018766&#34;  target=&#34;_blank&#34; rel=&#34;noopener&#34;
    &gt;https://blog.csdn.net/shenjingwa012/article/details/131018766&lt;/a&gt;&lt;/p&gt;
&lt;p&gt;&lt;em&gt;&lt;strong&gt;由于原文方法有些过时，且不是描述得很完整，所以撰写这一篇文章&lt;/strong&gt;&lt;/em&gt;&lt;/p&gt;
&lt;p&gt;&lt;em&gt;&lt;strong&gt;&lt;code&gt;SQAIPAD-V11&lt;/code&gt;的所有分区镜像(不包含userdata)已存放在&lt;a class=&#34;link&#34; href=&#34;https://github.com/GenshinMinecraft/SQAIPAD-V11_Official_Images&#34;  target=&#34;_blank&#34; rel=&#34;noopener&#34;
    &gt;我的GitHub仓库中&lt;/a&gt;，设备的目录树文件也存放于&lt;a class=&#34;link&#34; href=&#34;https://github.com/GMBuilding/alps_SQAIPAD_V11_Twrp_Devices&#34;  target=&#34;_blank&#34; rel=&#34;noopener&#34;
    &gt;这一GitHub 仓库&lt;/a&gt;中&lt;/strong&gt;&lt;/em&gt;&lt;/p&gt;
&lt;h2 id=&#34;前言&#34;&gt;前言&lt;/h2&gt;
&lt;p&gt;&lt;code&gt;SQAIPAD-V11&lt;/code&gt;是一款《智能ai学习机》，专门骗各位家长购买&lt;/p&gt;
&lt;p&gt;而由于各种政策导致线下店家&lt;em&gt;大批量跑路&lt;/em&gt;，留下一块&lt;em&gt;没什么b用&lt;/em&gt;的板子&lt;/p&gt;
&lt;p&gt;这篇文章普遍适用于&lt;strong&gt;松鼠ai的其他学习机&lt;/strong&gt;，也适用于&lt;strong&gt;所有MTK设备&lt;/strong&gt;!&lt;/p&gt;
&lt;p&gt;本文以我手上的&lt;code&gt;SQAIPAD-V11&lt;/code&gt;作为演示，破解/Root&lt;/p&gt;
&lt;p&gt;&lt;code&gt;SQAIPAD-V11&lt;/code&gt;大致配置如下：&lt;/p&gt;
&lt;ul&gt;
&lt;li&gt;&lt;a class=&#34;link&#34; href=&#34;https://i.mediatek.com/p60/tw&#34;  target=&#34;_blank&#34; rel=&#34;noopener&#34;
    &gt;MT6771&lt;/a&gt;(Helio p60)&lt;/li&gt;
&lt;li&gt;256G+8G&lt;/li&gt;
&lt;li&gt;Android 10&lt;/li&gt;
&lt;/ul&gt;
&lt;p&gt;可以看到性能还是不算差的，而且是MTK平台，&lt;em&gt;可玩性很高&lt;/em&gt;&lt;/p&gt;
&lt;p&gt;我们需要准备以下的东西：&lt;/p&gt;
&lt;p&gt;破解：&lt;/p&gt;
&lt;ul&gt;
&lt;li&gt;脑子和手&lt;/li&gt;
&lt;li&gt;Win10+电脑一台&lt;/li&gt;
&lt;li&gt;adb驱动&lt;/li&gt;
&lt;li&gt;&lt;a class=&#34;link&#34; href=&#34;https://dl.google.com/android/repository/platform-tools-latest-windows.zip?hl=zh-cn&#34;  target=&#34;_blank&#34; rel=&#34;noopener&#34;
    &gt;platform-tools&lt;/a&gt;&lt;/li&gt;
&lt;/ul&gt;
&lt;p&gt;Root：&lt;/p&gt;
&lt;ul&gt;
&lt;li&gt;上面的破解所需东西&lt;/li&gt;
&lt;li&gt;fastboot驱动&lt;/li&gt;
&lt;li&gt;&lt;a class=&#34;link&#34; href=&#34;https://www.aliyundrive.com/s/JnsAqCJrUyu&#34;  target=&#34;_blank&#34; rel=&#34;noopener&#34;
    &gt;MediaTek USB VCOM&lt;/a&gt;&lt;/li&gt;
&lt;li&gt;&lt;a class=&#34;link&#34; href=&#34;https://github.com/daynix/UsbDk/releases/&#34;  target=&#34;_blank&#34; rel=&#34;noopener&#34;
    &gt;UsbDk&lt;/a&gt;&lt;/li&gt;
&lt;li&gt;&lt;a class=&#34;link&#34; href=&#34;https://www.python.org/downloads/&#34;  target=&#34;_blank&#34; rel=&#34;noopener&#34;
    &gt;Python3.8+&lt;/a&gt;&lt;/li&gt;
&lt;li&gt;&lt;a class=&#34;link&#34; href=&#34;https://github.com/bkerler/mtkclient&#34;  target=&#34;_blank&#34; rel=&#34;noopener&#34;
    &gt;MtkClient&lt;/a&gt;&lt;/li&gt;
&lt;/ul&gt;
&lt;h2 id=&#34;破解可绕过软件包管理器进行安装防止应用被卸载&#34;&gt;破解(可绕过&lt;code&gt;软件包管理器&lt;/code&gt;进行安装，防止应用被卸载)&lt;/h2&gt;
&lt;h3 id=&#34;打开开发者模式&#34;&gt;打开开发者模式&lt;/h3&gt;
&lt;p&gt;这一步&lt;strong&gt;别看很简单&lt;/strong&gt;，但是，按照寻常的方法是打不开&lt;code&gt;开发者模式&lt;/code&gt;的！&lt;/p&gt;
&lt;p&gt;因为系统通过某次OTA升级将开发者模式锁死了，但还是有漏洞绕过的&lt;/p&gt;
&lt;p&gt;首先来到&lt;code&gt;设置&lt;/code&gt;中，去设置一个设备锁屏密码，图案/pin均可&lt;/p&gt;
&lt;p&gt;其次直接按照普通方法打开&lt;code&gt;开发者模式&lt;/code&gt;即可，就是连续点击&lt;code&gt;版本号&lt;/code&gt;多次&lt;/p&gt;
&lt;p&gt;相信这里对玩基佬来说还是轻车熟路的，最后打开&lt;code&gt;ADB调试&lt;/code&gt;即可！&lt;/p&gt;
&lt;h3 id=&#34;禁用主界面程序combolltutorialclasslauncher&#34;&gt;禁用主界面程序(com.boll.tutorialclasslauncher)&lt;/h3&gt;
&lt;p&gt;Win10+电脑在装好驱动并下载好&lt;code&gt;platform-tools&lt;/code&gt;后，用数据线将设备连接至电脑&lt;/p&gt;
&lt;p&gt;随后去&lt;code&gt;platform-tools&lt;/code&gt;中打开CMD，输入&lt;/p&gt;
&lt;div class=&#34;highlight&#34;&gt;&lt;div class=&#34;chroma&#34;&gt;
&lt;table class=&#34;lntable&#34;&gt;&lt;tr&gt;&lt;td class=&#34;lntd&#34;&gt;
&lt;pre tabindex=&#34;0&#34; class=&#34;chroma&#34;&gt;&lt;code&gt;&lt;span class=&#34;lnt&#34;&gt;1
&lt;/span&gt;&lt;/code&gt;&lt;/pre&gt;&lt;/td&gt;
&lt;td class=&#34;lntd&#34;&gt;
&lt;pre tabindex=&#34;0&#34; class=&#34;chroma&#34;&gt;&lt;code class=&#34;language-cmd&#34; data-lang=&#34;cmd&#34;&gt;&lt;span class=&#34;line&#34;&gt;&lt;span class=&#34;cl&#34;&gt;adb devices
&lt;/span&gt;&lt;/span&gt;&lt;/code&gt;&lt;/pre&gt;&lt;/td&gt;&lt;/tr&gt;&lt;/table&gt;
&lt;/div&gt;
&lt;/div&gt;&lt;p&gt;有设备输出即为连接上电脑！&lt;/p&gt;
&lt;p&gt;其次在CMD内输入：&lt;/p&gt;
&lt;div class=&#34;highlight&#34;&gt;&lt;div class=&#34;chroma&#34;&gt;
&lt;table class=&#34;lntable&#34;&gt;&lt;tr&gt;&lt;td class=&#34;lntd&#34;&gt;
&lt;pre tabindex=&#34;0&#34; class=&#34;chroma&#34;&gt;&lt;code&gt;&lt;span class=&#34;lnt&#34;&gt;1
&lt;/span&gt;&lt;/code&gt;&lt;/pre&gt;&lt;/td&gt;
&lt;td class=&#34;lntd&#34;&gt;
&lt;pre tabindex=&#34;0&#34; class=&#34;chroma&#34;&gt;&lt;code class=&#34;language-cmd&#34; data-lang=&#34;cmd&#34;&gt;&lt;span class=&#34;line&#34;&gt;&lt;span class=&#34;cl&#34;&gt;adb shell pm disable-user com.boll.tutorialclasslauncher
&lt;/span&gt;&lt;/span&gt;&lt;/code&gt;&lt;/pre&gt;&lt;/td&gt;&lt;/tr&gt;&lt;/table&gt;
&lt;/div&gt;
&lt;/div&gt;&lt;p&gt;&lt;em&gt;&lt;strong&gt;注：第一次连接时需要在设备屏幕上验证&lt;/strong&gt;&lt;/em&gt;&lt;/p&gt;
&lt;p&gt;禁用完毕后，点击设备上的&lt;code&gt;Home&lt;/code&gt;键*（也就是小圆点）*&lt;/p&gt;
&lt;p&gt;选择&lt;code&gt;Launcher3&lt;/code&gt;，就可以到&lt;strong&gt;默认的AOSP桌面了&lt;/strong&gt;！&lt;/p&gt;
&lt;h3 id=&#34;安装安装狮并授权&#34;&gt;安装安装狮并授权&lt;/h3&gt;
&lt;p&gt;在这里下载&lt;code&gt;安装狮&lt;/code&gt;APK：&lt;a class=&#34;link&#34; href=&#34;https://blog.highp.ing/p/sqaipad/com.modosa.apkinstaller-3.7.5-42-231938.apk&#34;  target=&#34;_blank&#34; rel=&#34;noopener&#34;
    &gt;https://blog.highp.ing/p/sqaipad/com.modosa.apkinstaller-3.7.5-42-231938.apk&lt;/a&gt;&lt;/p&gt;
&lt;p&gt;通过&lt;code&gt;ADB&lt;/code&gt;安装至设备上：&lt;/p&gt;
&lt;div class=&#34;highlight&#34;&gt;&lt;div class=&#34;chroma&#34;&gt;
&lt;table class=&#34;lntable&#34;&gt;&lt;tr&gt;&lt;td class=&#34;lntd&#34;&gt;
&lt;pre tabindex=&#34;0&#34; class=&#34;chroma&#34;&gt;&lt;code&gt;&lt;span class=&#34;lnt&#34;&gt;1
&lt;/span&gt;&lt;/code&gt;&lt;/pre&gt;&lt;/td&gt;
&lt;td class=&#34;lntd&#34;&gt;
&lt;pre tabindex=&#34;0&#34; class=&#34;chroma&#34;&gt;&lt;code class=&#34;language-cmd&#34; data-lang=&#34;cmd&#34;&gt;&lt;span class=&#34;line&#34;&gt;&lt;span class=&#34;cl&#34;&gt;adb install [将下载好的安装狮拖入进来]
&lt;/span&gt;&lt;/span&gt;&lt;/code&gt;&lt;/pre&gt;&lt;/td&gt;&lt;/tr&gt;&lt;/table&gt;
&lt;/div&gt;
&lt;/div&gt;&lt;p&gt;稍等几秒钟，就安装好了！&lt;/p&gt;
&lt;p&gt;在设备上打开&lt;code&gt;安装狮&lt;/code&gt;，同意各种协议后，回到CMD：&lt;/p&gt;
&lt;div class=&#34;highlight&#34;&gt;&lt;div class=&#34;chroma&#34;&gt;
&lt;table class=&#34;lntable&#34;&gt;&lt;tr&gt;&lt;td class=&#34;lntd&#34;&gt;
&lt;pre tabindex=&#34;0&#34; class=&#34;chroma&#34;&gt;&lt;code&gt;&lt;span class=&#34;lnt&#34;&gt;1
&lt;/span&gt;&lt;/code&gt;&lt;/pre&gt;&lt;/td&gt;
&lt;td class=&#34;lntd&#34;&gt;
&lt;pre tabindex=&#34;0&#34; class=&#34;chroma&#34;&gt;&lt;code class=&#34;language-fallback&#34; data-lang=&#34;fallback&#34;&gt;&lt;span class=&#34;line&#34;&gt;&lt;span class=&#34;cl&#34;&gt;adb shell dpm set-device-owner com.modosa.apkinstaller/.receiver.AdminReceiver
&lt;/span&gt;&lt;/span&gt;&lt;/code&gt;&lt;/pre&gt;&lt;/td&gt;&lt;/tr&gt;&lt;/table&gt;
&lt;/div&gt;
&lt;/div&gt;&lt;p&gt;然后在&lt;code&gt;安装狮&lt;/code&gt;软件内打开&lt;code&gt;安装狮-DPM&lt;/code&gt;的开关&lt;/p&gt;
&lt;p&gt;以后就可以使用&lt;code&gt;安装狮&lt;/code&gt;进行安装APK了，绕过了原来的&lt;code&gt;软件包管理器&lt;/code&gt;限制！&lt;/p&gt;
&lt;h3 id=&#34;完成&#34;&gt;完成&lt;/h3&gt;
&lt;p&gt;最后，再下载一个浏览器的apk，通过&lt;code&gt;ADB&lt;/code&gt;安装至设备中，就可以完美使用了！&lt;/p&gt;
&lt;p&gt;正常使用与一般安卓设备&lt;strong&gt;无差别&lt;/strong&gt;，如果&lt;em&gt;不想折腾&lt;/em&gt;就可以不用看下去了！&lt;/p&gt;
&lt;h2 id=&#34;root&#34;&gt;ROOT&lt;/h2&gt;
&lt;p&gt;重头戏来了！简单的&lt;strong&gt;破解安卓&lt;/strong&gt;肯定不是各位玩基佬的最终目标&lt;/p&gt;
&lt;p&gt;所以我们要&lt;strong&gt;Root&lt;/strong&gt;这块&lt;strong&gt;松鼠ai学习机&lt;/strong&gt;&lt;/p&gt;
&lt;p&gt;由于其标准mtk设备的原因，所以十分好折腾！&lt;/p&gt;
&lt;p&gt;&lt;em&gt;&lt;strong&gt;注：玩机有风险，Root需谨慎！&lt;/strong&gt;&lt;/em&gt;
&lt;em&gt;&lt;strong&gt;请先做好备份再折腾！&lt;/strong&gt;&lt;/em&gt;&lt;/p&gt;
&lt;p&gt;&lt;em&gt;&lt;strong&gt;请先按照以上的破解方法在&lt;code&gt;开发者模式&lt;/code&gt;中打开&lt;code&gt;OEM解锁&lt;/code&gt;!&lt;/strong&gt;&lt;/em&gt;&lt;/p&gt;
&lt;h3 id=&#34;安装驱动python&#34;&gt;安装驱动&amp;amp;Python&lt;/h3&gt;
&lt;p&gt;请先根据前言中的链接安装好&lt;code&gt;MediaTek USB VCOM&lt;/code&gt;、&lt;code&gt;UsbDk&lt;/code&gt;、&lt;code&gt;Python3.8+&lt;/code&gt;&lt;/p&gt;
&lt;p&gt;安装方法基本都是&lt;em&gt;一路下一步&lt;/em&gt;&lt;/p&gt;
&lt;p&gt;需要注意的是安装&lt;code&gt;Python&lt;/code&gt;时，记得要勾选&lt;strong&gt;Add Python to PATH&lt;/strong&gt;，这样才方便使用！&lt;/p&gt;
&lt;p&gt;安装完上述东西后，&lt;em&gt;重启电脑&lt;/em&gt;！&lt;/p&gt;
&lt;h3 id=&#34;安装mtkclient以及依赖&#34;&gt;安装MtkClient以及依赖&lt;/h3&gt;
&lt;p&gt;从Github Clone/下载zip:&lt;a class=&#34;link&#34; href=&#34;https://github.com/bkerler/mtkclient&#34;  target=&#34;_blank&#34; rel=&#34;noopener&#34;
    &gt;https://github.com/bkerler/mtkclient&lt;/a&gt;&lt;/p&gt;
&lt;p&gt;如果因为网络问题无法下载，可以选择&lt;a class=&#34;link&#34; href=&#34;https://ghproxy.com/https://github.com/bkerler/mtkclient/archive/refs/heads/main.zip&#34;  target=&#34;_blank&#34; rel=&#34;noopener&#34;
    &gt;这一链接&lt;/a&gt;&lt;/p&gt;
&lt;p&gt;将其解压到&lt;strong&gt;磁盘根目录&lt;/strong&gt;或&lt;strong&gt;非中文路径&lt;/strong&gt;的地方，在文件夹内打开CMD&lt;em&gt;安装依赖&lt;/em&gt;：&lt;/p&gt;
&lt;div class=&#34;highlight&#34;&gt;&lt;div class=&#34;chroma&#34;&gt;
&lt;table class=&#34;lntable&#34;&gt;&lt;tr&gt;&lt;td class=&#34;lntd&#34;&gt;
&lt;pre tabindex=&#34;0&#34; class=&#34;chroma&#34;&gt;&lt;code&gt;&lt;span class=&#34;lnt&#34;&gt;1
&lt;/span&gt;&lt;span class=&#34;lnt&#34;&gt;2
&lt;/span&gt;&lt;/code&gt;&lt;/pre&gt;&lt;/td&gt;
&lt;td class=&#34;lntd&#34;&gt;
&lt;pre tabindex=&#34;0&#34; class=&#34;chroma&#34;&gt;&lt;code class=&#34;language-cmd&#34; data-lang=&#34;cmd&#34;&gt;&lt;span class=&#34;line&#34;&gt;&lt;span class=&#34;cl&#34;&gt;pip3 install -r requirements.txt -i https://pypi.tuna.tsinghua.edu.cn/simple
&lt;/span&gt;&lt;/span&gt;&lt;span class=&#34;line&#34;&gt;&lt;span class=&#34;cl&#34;&gt;python setup.py install
&lt;/span&gt;&lt;/span&gt;&lt;/code&gt;&lt;/pre&gt;&lt;/td&gt;&lt;/tr&gt;&lt;/table&gt;
&lt;/div&gt;
&lt;/div&gt;&lt;p&gt;安装完依赖后重启电脑！&lt;/p&gt;
&lt;h3 id=&#34;使用mtkclient解锁bootloader&#34;&gt;使用MtkClient解锁BootLoader&lt;/h3&gt;
&lt;p&gt;在MtkClient目录下打开CMD：&lt;/p&gt;
&lt;div class=&#34;highlight&#34;&gt;&lt;div class=&#34;chroma&#34;&gt;
&lt;table class=&#34;lntable&#34;&gt;&lt;tr&gt;&lt;td class=&#34;lntd&#34;&gt;
&lt;pre tabindex=&#34;0&#34; class=&#34;chroma&#34;&gt;&lt;code&gt;&lt;span class=&#34;lnt&#34;&gt;1
&lt;/span&gt;&lt;/code&gt;&lt;/pre&gt;&lt;/td&gt;
&lt;td class=&#34;lntd&#34;&gt;
&lt;pre tabindex=&#34;0&#34; class=&#34;chroma&#34;&gt;&lt;code class=&#34;language-fallback&#34; data-lang=&#34;fallback&#34;&gt;&lt;span class=&#34;line&#34;&gt;&lt;span class=&#34;cl&#34;&gt;python mtk da seccfg unlock
&lt;/span&gt;&lt;/span&gt;&lt;/code&gt;&lt;/pre&gt;&lt;/td&gt;&lt;/tr&gt;&lt;/table&gt;
&lt;/div&gt;
&lt;/div&gt;&lt;p&gt;出现以下的文本即为&lt;strong&gt;已设置好上述依赖/驱动&lt;/strong&gt;&lt;/p&gt;
&lt;div class=&#34;highlight&#34;&gt;&lt;div class=&#34;chroma&#34;&gt;
&lt;table class=&#34;lntable&#34;&gt;&lt;tr&gt;&lt;td class=&#34;lntd&#34;&gt;
&lt;pre tabindex=&#34;0&#34; class=&#34;chroma&#34;&gt;&lt;code&gt;&lt;span class=&#34;lnt&#34;&gt;1
&lt;/span&gt;&lt;span class=&#34;lnt&#34;&gt;2
&lt;/span&gt;&lt;span class=&#34;lnt&#34;&gt;3
&lt;/span&gt;&lt;span class=&#34;lnt&#34;&gt;4
&lt;/span&gt;&lt;span class=&#34;lnt&#34;&gt;5
&lt;/span&gt;&lt;span class=&#34;lnt&#34;&gt;6
&lt;/span&gt;&lt;span class=&#34;lnt&#34;&gt;7
&lt;/span&gt;&lt;span class=&#34;lnt&#34;&gt;8
&lt;/span&gt;&lt;/code&gt;&lt;/pre&gt;&lt;/td&gt;
&lt;td class=&#34;lntd&#34;&gt;
&lt;pre tabindex=&#34;0&#34; class=&#34;chroma&#34;&gt;&lt;code class=&#34;language-gdscript3&#34; data-lang=&#34;gdscript3&#34;&gt;&lt;span class=&#34;line&#34;&gt;&lt;span class=&#34;cl&#34;&gt;&lt;span class=&#34;n&#34;&gt;Preloader&lt;/span&gt; &lt;span class=&#34;o&#34;&gt;-&lt;/span&gt; &lt;span class=&#34;n&#34;&gt;Status&lt;/span&gt;&lt;span class=&#34;p&#34;&gt;:&lt;/span&gt; &lt;span class=&#34;n&#34;&gt;Waiting&lt;/span&gt; &lt;span class=&#34;k&#34;&gt;for&lt;/span&gt; &lt;span class=&#34;n&#34;&gt;PreLoader&lt;/span&gt; &lt;span class=&#34;n&#34;&gt;VCOM&lt;/span&gt;&lt;span class=&#34;p&#34;&gt;,&lt;/span&gt; &lt;span class=&#34;n&#34;&gt;please&lt;/span&gt; &lt;span class=&#34;n&#34;&gt;connect&lt;/span&gt; &lt;span class=&#34;n&#34;&gt;mobile&lt;/span&gt;
&lt;/span&gt;&lt;/span&gt;&lt;span class=&#34;line&#34;&gt;&lt;span class=&#34;cl&#34;&gt;
&lt;/span&gt;&lt;/span&gt;&lt;span class=&#34;line&#34;&gt;&lt;span class=&#34;cl&#34;&gt;&lt;span class=&#34;n&#34;&gt;Port&lt;/span&gt; &lt;span class=&#34;o&#34;&gt;-&lt;/span&gt; &lt;span class=&#34;n&#34;&gt;Hint&lt;/span&gt;&lt;span class=&#34;p&#34;&gt;:&lt;/span&gt;
&lt;/span&gt;&lt;/span&gt;&lt;span class=&#34;line&#34;&gt;&lt;span class=&#34;cl&#34;&gt;
&lt;/span&gt;&lt;/span&gt;&lt;span class=&#34;line&#34;&gt;&lt;span class=&#34;cl&#34;&gt;&lt;span class=&#34;n&#34;&gt;Power&lt;/span&gt; &lt;span class=&#34;n&#34;&gt;off&lt;/span&gt; &lt;span class=&#34;n&#34;&gt;the&lt;/span&gt; &lt;span class=&#34;n&#34;&gt;phone&lt;/span&gt; &lt;span class=&#34;n&#34;&gt;before&lt;/span&gt; &lt;span class=&#34;n&#34;&gt;connecting&lt;/span&gt;&lt;span class=&#34;o&#34;&gt;.&lt;/span&gt;
&lt;/span&gt;&lt;/span&gt;&lt;span class=&#34;line&#34;&gt;&lt;span class=&#34;cl&#34;&gt;&lt;span class=&#34;n&#34;&gt;For&lt;/span&gt; &lt;span class=&#34;n&#34;&gt;brom&lt;/span&gt; &lt;span class=&#34;n&#34;&gt;mode&lt;/span&gt;&lt;span class=&#34;p&#34;&gt;,&lt;/span&gt; &lt;span class=&#34;n&#34;&gt;press&lt;/span&gt; &lt;span class=&#34;ow&#34;&gt;and&lt;/span&gt; &lt;span class=&#34;n&#34;&gt;hold&lt;/span&gt; &lt;span class=&#34;n&#34;&gt;vol&lt;/span&gt; &lt;span class=&#34;n&#34;&gt;up&lt;/span&gt;&lt;span class=&#34;p&#34;&gt;,&lt;/span&gt; &lt;span class=&#34;n&#34;&gt;vol&lt;/span&gt; &lt;span class=&#34;n&#34;&gt;dwn&lt;/span&gt;&lt;span class=&#34;p&#34;&gt;,&lt;/span&gt; &lt;span class=&#34;ow&#34;&gt;or&lt;/span&gt; &lt;span class=&#34;n&#34;&gt;all&lt;/span&gt; &lt;span class=&#34;n&#34;&gt;hw&lt;/span&gt; &lt;span class=&#34;n&#34;&gt;buttons&lt;/span&gt; &lt;span class=&#34;ow&#34;&gt;and&lt;/span&gt; &lt;span class=&#34;n&#34;&gt;connect&lt;/span&gt; &lt;span class=&#34;n&#34;&gt;usb&lt;/span&gt;&lt;span class=&#34;o&#34;&gt;.&lt;/span&gt;
&lt;/span&gt;&lt;/span&gt;&lt;span class=&#34;line&#34;&gt;&lt;span class=&#34;cl&#34;&gt;&lt;span class=&#34;n&#34;&gt;For&lt;/span&gt; &lt;span class=&#34;n&#34;&gt;preloader&lt;/span&gt; &lt;span class=&#34;n&#34;&gt;mode&lt;/span&gt;&lt;span class=&#34;p&#34;&gt;,&lt;/span&gt; &lt;span class=&#34;n&#34;&gt;don&lt;/span&gt;&lt;span class=&#34;s1&#34;&gt;&amp;#39;t press any hw button and connect usb.&lt;/span&gt;
&lt;/span&gt;&lt;/span&gt;&lt;span class=&#34;line&#34;&gt;&lt;span class=&#34;cl&#34;&gt;&lt;span class=&#34;n&#34;&gt;If&lt;/span&gt; &lt;span class=&#34;n&#34;&gt;it&lt;/span&gt; &lt;span class=&#34;n&#34;&gt;is&lt;/span&gt; &lt;span class=&#34;n&#34;&gt;already&lt;/span&gt; &lt;span class=&#34;n&#34;&gt;connected&lt;/span&gt; &lt;span class=&#34;ow&#34;&gt;and&lt;/span&gt; &lt;span class=&#34;n&#34;&gt;on&lt;/span&gt;&lt;span class=&#34;p&#34;&gt;,&lt;/span&gt; &lt;span class=&#34;n&#34;&gt;hold&lt;/span&gt; &lt;span class=&#34;n&#34;&gt;power&lt;/span&gt; &lt;span class=&#34;k&#34;&gt;for&lt;/span&gt; &lt;span class=&#34;mi&#34;&gt;10&lt;/span&gt; &lt;span class=&#34;n&#34;&gt;seconds&lt;/span&gt; &lt;span class=&#34;n&#34;&gt;to&lt;/span&gt; &lt;span class=&#34;n&#34;&gt;reset&lt;/span&gt;&lt;span class=&#34;o&#34;&gt;.&lt;/span&gt;
&lt;/span&gt;&lt;/span&gt;&lt;/code&gt;&lt;/pre&gt;&lt;/td&gt;&lt;/tr&gt;&lt;/table&gt;
&lt;/div&gt;
&lt;/div&gt;&lt;p&gt;这个时候，我们需要事先&lt;strong&gt;将设备关机&lt;/strong&gt;&lt;/p&gt;
&lt;p&gt;之后&lt;strong&gt;一边按着设备的三个按键，一边将数据线连接电脑&lt;/strong&gt;，这一步十分重要！&lt;/p&gt;
&lt;p&gt;之后也要频繁地使用这一方法连接！下文不再赘述！看到此信息时请&lt;strong&gt;自觉执行上述步骤！&lt;/strong&gt;&lt;/p&gt;
&lt;p&gt;此时设备上&lt;strong&gt;不会有任何显示&lt;/strong&gt;，如果出现了&lt;em&gt;开机界面&lt;/em&gt;&lt;strong&gt;请重试&lt;/strong&gt;！&lt;/p&gt;
&lt;p&gt;如果按照上述做了之后，CMD窗口内&lt;em&gt;没有其他的反应&lt;/em&gt;，持续输出&lt;em&gt;上述文本&lt;/em&gt;，说明&lt;strong&gt;未成功&lt;/strong&gt;！&lt;/p&gt;
&lt;p&gt;需要拔掉数据线后再次尝试，如果还无法解决，请按照以下列表排查问题：&lt;/p&gt;
&lt;ul&gt;
&lt;li&gt;是否安装好了驱动&lt;/li&gt;
&lt;li&gt;更换数据线&lt;/li&gt;
&lt;li&gt;更换接口&lt;/li&gt;
&lt;/ul&gt;
&lt;p&gt;随后开始&lt;em&gt;传输DA&lt;/em&gt;，绕过限制&lt;em&gt;解锁BootLoader&lt;/em&gt;&lt;/p&gt;
&lt;p&gt;当出现&lt;code&gt;flashext - Successfully wrote seccfg.&lt;/code&gt;即为解锁成功！&lt;/p&gt;
&lt;p&gt;断开连接，长按电源键开机，开机界面会有一个&lt;code&gt;Orange State&lt;/code&gt;，这样就可以验证为解锁成功了！&lt;/p&gt;
&lt;p&gt;也可以去&lt;code&gt;Fastboot&lt;/code&gt;环境下，在&lt;code&gt;platform-tools&lt;/code&gt;目录下执行：&lt;/p&gt;
&lt;div class=&#34;highlight&#34;&gt;&lt;div class=&#34;chroma&#34;&gt;
&lt;table class=&#34;lntable&#34;&gt;&lt;tr&gt;&lt;td class=&#34;lntd&#34;&gt;
&lt;pre tabindex=&#34;0&#34; class=&#34;chroma&#34;&gt;&lt;code&gt;&lt;span class=&#34;lnt&#34;&gt;1
&lt;/span&gt;&lt;/code&gt;&lt;/pre&gt;&lt;/td&gt;
&lt;td class=&#34;lntd&#34;&gt;
&lt;pre tabindex=&#34;0&#34; class=&#34;chroma&#34;&gt;&lt;code class=&#34;language-fallback&#34; data-lang=&#34;fallback&#34;&gt;&lt;span class=&#34;line&#34;&gt;&lt;span class=&#34;cl&#34;&gt;fastboot oem lks
&lt;/span&gt;&lt;/span&gt;&lt;/code&gt;&lt;/pre&gt;&lt;/td&gt;&lt;/tr&gt;&lt;/table&gt;
&lt;/div&gt;
&lt;/div&gt;&lt;p&gt;返回为0则为成功解锁！&lt;/p&gt;
&lt;h3 id=&#34;备份分区可选&#34;&gt;备份分区（可选）&lt;/h3&gt;
&lt;p&gt;玩机过程中总有那么几个时候手贱，所以事先备份就&lt;strong&gt;很重要了！&lt;/strong&gt;&lt;/p&gt;
&lt;h4 id=&#34;备份全机&#34;&gt;备份全机&lt;/h4&gt;
&lt;p&gt;备份全机可以使用&lt;/p&gt;
&lt;div class=&#34;highlight&#34;&gt;&lt;div class=&#34;chroma&#34;&gt;
&lt;table class=&#34;lntable&#34;&gt;&lt;tr&gt;&lt;td class=&#34;lntd&#34;&gt;
&lt;pre tabindex=&#34;0&#34; class=&#34;chroma&#34;&gt;&lt;code&gt;&lt;span class=&#34;lnt&#34;&gt;1
&lt;/span&gt;&lt;/code&gt;&lt;/pre&gt;&lt;/td&gt;
&lt;td class=&#34;lntd&#34;&gt;
&lt;pre tabindex=&#34;0&#34; class=&#34;chroma&#34;&gt;&lt;code class=&#34;language-fallback&#34; data-lang=&#34;fallback&#34;&gt;&lt;span class=&#34;line&#34;&gt;&lt;span class=&#34;cl&#34;&gt;python mtk rl mt6771
&lt;/span&gt;&lt;/span&gt;&lt;/code&gt;&lt;/pre&gt;&lt;/td&gt;&lt;/tr&gt;&lt;/table&gt;
&lt;/div&gt;
&lt;/div&gt;&lt;p&gt;这样就可以将全机备份在当前目录的&lt;code&gt;mt6771&lt;/code&gt;文件夹下了！&lt;/p&gt;
&lt;p&gt;如果一不小心变砖了，可以通过以下命令恢复：&lt;/p&gt;
&lt;div class=&#34;highlight&#34;&gt;&lt;div class=&#34;chroma&#34;&gt;
&lt;table class=&#34;lntable&#34;&gt;&lt;tr&gt;&lt;td class=&#34;lntd&#34;&gt;
&lt;pre tabindex=&#34;0&#34; class=&#34;chroma&#34;&gt;&lt;code&gt;&lt;span class=&#34;lnt&#34;&gt;1
&lt;/span&gt;&lt;/code&gt;&lt;/pre&gt;&lt;/td&gt;
&lt;td class=&#34;lntd&#34;&gt;
&lt;pre tabindex=&#34;0&#34; class=&#34;chroma&#34;&gt;&lt;code class=&#34;language-fallback&#34; data-lang=&#34;fallback&#34;&gt;&lt;span class=&#34;line&#34;&gt;&lt;span class=&#34;cl&#34;&gt;python mtk wl mt6771
&lt;/span&gt;&lt;/span&gt;&lt;/code&gt;&lt;/pre&gt;&lt;/td&gt;&lt;/tr&gt;&lt;/table&gt;
&lt;/div&gt;
&lt;/div&gt;&lt;p&gt;其中&lt;code&gt;mt6771&lt;/code&gt;是上面备份文件夹名称，可自定义。&lt;/p&gt;
&lt;p&gt;&lt;em&gt;&lt;strong&gt;这里的备份会比较久，请勿在备份时断开设备与电脑连接，并确保电脑储存空间足够！&lt;/strong&gt;&lt;/em&gt;&lt;/p&gt;
&lt;h4 id=&#34;备份单个分区&#34;&gt;备份单个分区&lt;/h4&gt;
&lt;p&gt;备份单个分区可以使用&lt;/p&gt;
&lt;div class=&#34;highlight&#34;&gt;&lt;div class=&#34;chroma&#34;&gt;
&lt;table class=&#34;lntable&#34;&gt;&lt;tr&gt;&lt;td class=&#34;lntd&#34;&gt;
&lt;pre tabindex=&#34;0&#34; class=&#34;chroma&#34;&gt;&lt;code&gt;&lt;span class=&#34;lnt&#34;&gt;1
&lt;/span&gt;&lt;span class=&#34;lnt&#34;&gt;2
&lt;/span&gt;&lt;span class=&#34;lnt&#34;&gt;3
&lt;/span&gt;&lt;/code&gt;&lt;/pre&gt;&lt;/td&gt;
&lt;td class=&#34;lntd&#34;&gt;
&lt;pre tabindex=&#34;0&#34; class=&#34;chroma&#34;&gt;&lt;code class=&#34;language-fallback&#34; data-lang=&#34;fallback&#34;&gt;&lt;span class=&#34;line&#34;&gt;&lt;span class=&#34;cl&#34;&gt;python mtk r [分区名] [备份后的文件名]
&lt;/span&gt;&lt;/span&gt;&lt;span class=&#34;line&#34;&gt;&lt;span class=&#34;cl&#34;&gt;python mtk r boot boot.img
&lt;/span&gt;&lt;/span&gt;&lt;span class=&#34;line&#34;&gt;&lt;span class=&#34;cl&#34;&gt;python mtk r boot,vbmeta boot.img,vbmeta.img
&lt;/span&gt;&lt;/span&gt;&lt;/code&gt;&lt;/pre&gt;&lt;/td&gt;&lt;/tr&gt;&lt;/table&gt;
&lt;/div&gt;
&lt;/div&gt;&lt;p&gt;稍等备份完毕后就可以在路径下&lt;strong&gt;找到文件名&lt;/strong&gt;了！&lt;/p&gt;
&lt;h3 id=&#34;提取bootvbmeta并修补&#34;&gt;提取boot&amp;amp;vbmeta并修补&lt;/h3&gt;
&lt;p&gt;使用上面的命令，一键&lt;strong&gt;提取Boot与vbmeta&lt;/strong&gt;&lt;/p&gt;
&lt;div class=&#34;highlight&#34;&gt;&lt;div class=&#34;chroma&#34;&gt;
&lt;table class=&#34;lntable&#34;&gt;&lt;tr&gt;&lt;td class=&#34;lntd&#34;&gt;
&lt;pre tabindex=&#34;0&#34; class=&#34;chroma&#34;&gt;&lt;code&gt;&lt;span class=&#34;lnt&#34;&gt;1
&lt;/span&gt;&lt;/code&gt;&lt;/pre&gt;&lt;/td&gt;
&lt;td class=&#34;lntd&#34;&gt;
&lt;pre tabindex=&#34;0&#34; class=&#34;chroma&#34;&gt;&lt;code class=&#34;language-fallback&#34; data-lang=&#34;fallback&#34;&gt;&lt;span class=&#34;line&#34;&gt;&lt;span class=&#34;cl&#34;&gt;python mtk r boot,vbmeta boot.img,vbmeta.img
&lt;/span&gt;&lt;/span&gt;&lt;/code&gt;&lt;/pre&gt;&lt;/td&gt;&lt;/tr&gt;&lt;/table&gt;
&lt;/div&gt;
&lt;/div&gt;&lt;p&gt;使用&lt;em&gt;&lt;strong&gt;上面破解的方法&lt;/strong&gt;&lt;/em&gt;安装最新版Magisk&lt;/p&gt;
&lt;p&gt;在&lt;code&gt;platform-tools&lt;/code&gt;目录下执行&lt;/p&gt;
&lt;div class=&#34;highlight&#34;&gt;&lt;div class=&#34;chroma&#34;&gt;
&lt;table class=&#34;lntable&#34;&gt;&lt;tr&gt;&lt;td class=&#34;lntd&#34;&gt;
&lt;pre tabindex=&#34;0&#34; class=&#34;chroma&#34;&gt;&lt;code&gt;&lt;span class=&#34;lnt&#34;&gt;1
&lt;/span&gt;&lt;/code&gt;&lt;/pre&gt;&lt;/td&gt;
&lt;td class=&#34;lntd&#34;&gt;
&lt;pre tabindex=&#34;0&#34; class=&#34;chroma&#34;&gt;&lt;code class=&#34;language-fallback&#34; data-lang=&#34;fallback&#34;&gt;&lt;span class=&#34;line&#34;&gt;&lt;span class=&#34;cl&#34;&gt;adb push [上面备份的boot.img路径，可直接拖入进来] /sdcard/
&lt;/span&gt;&lt;/span&gt;&lt;/code&gt;&lt;/pre&gt;&lt;/td&gt;&lt;/tr&gt;&lt;/table&gt;
&lt;/div&gt;
&lt;/div&gt;&lt;p&gt;设备打开Magisk，修补&lt;code&gt;内部储存空间&lt;/code&gt;中的boot.img&lt;/p&gt;
&lt;p&gt;修补完成后，电脑CMD执行&lt;/p&gt;
&lt;div class=&#34;highlight&#34;&gt;&lt;div class=&#34;chroma&#34;&gt;
&lt;table class=&#34;lntable&#34;&gt;&lt;tr&gt;&lt;td class=&#34;lntd&#34;&gt;
&lt;pre tabindex=&#34;0&#34; class=&#34;chroma&#34;&gt;&lt;code&gt;&lt;span class=&#34;lnt&#34;&gt;1
&lt;/span&gt;&lt;/code&gt;&lt;/pre&gt;&lt;/td&gt;
&lt;td class=&#34;lntd&#34;&gt;
&lt;pre tabindex=&#34;0&#34; class=&#34;chroma&#34;&gt;&lt;code class=&#34;language-gdscript3&#34; data-lang=&#34;gdscript3&#34;&gt;&lt;span class=&#34;line&#34;&gt;&lt;span class=&#34;cl&#34;&gt;&lt;span class=&#34;n&#34;&gt;adb&lt;/span&gt; &lt;span class=&#34;n&#34;&gt;pull&lt;/span&gt; &lt;span class=&#34;o&#34;&gt;/&lt;/span&gt;&lt;span class=&#34;n&#34;&gt;sdcard&lt;/span&gt;&lt;span class=&#34;o&#34;&gt;/&lt;/span&gt;&lt;span class=&#34;n&#34;&gt;Download&lt;/span&gt;&lt;span class=&#34;o&#34;&gt;/&lt;/span&gt;&lt;span class=&#34;p&#34;&gt;[&lt;/span&gt;&lt;span class=&#34;n&#34;&gt;Magisk修补完成后的路径&lt;/span&gt;&lt;span class=&#34;p&#34;&gt;]&lt;/span&gt; &lt;span class=&#34;p&#34;&gt;[&lt;/span&gt;&lt;span class=&#34;err&#34;&gt;本机路径&lt;/span&gt;&lt;span class=&#34;p&#34;&gt;]&lt;/span&gt;
&lt;/span&gt;&lt;/span&gt;&lt;/code&gt;&lt;/pre&gt;&lt;/td&gt;&lt;/tr&gt;&lt;/table&gt;
&lt;/div&gt;
&lt;/div&gt;&lt;p&gt;将&lt;code&gt;MtkClient&lt;/code&gt;下的&lt;strong&gt;已修补boot.img&lt;/strong&gt;改名为&lt;code&gt;boot-magisk.img&lt;/code&gt;&lt;/p&gt;
&lt;h3 id=&#34;刷入已修补boot&#34;&gt;刷入已修补Boot&lt;/h3&gt;
&lt;p&gt;注：这里可以选择使用&lt;code&gt;Fastboot&lt;/code&gt;或&lt;code&gt;MtkClient&lt;/code&gt;刷入，本文以&lt;code&gt;Fastboot&lt;/code&gt;为例&lt;/p&gt;
&lt;p&gt;将设备重启至&lt;code&gt;BootLoader&lt;/code&gt;模式&lt;/p&gt;
&lt;p&gt;在&lt;code&gt;platform-tools&lt;/code&gt;目录下执行&lt;/p&gt;
&lt;div class=&#34;highlight&#34;&gt;&lt;div class=&#34;chroma&#34;&gt;
&lt;table class=&#34;lntable&#34;&gt;&lt;tr&gt;&lt;td class=&#34;lntd&#34;&gt;
&lt;pre tabindex=&#34;0&#34; class=&#34;chroma&#34;&gt;&lt;code&gt;&lt;span class=&#34;lnt&#34;&gt;1
&lt;/span&gt;&lt;/code&gt;&lt;/pre&gt;&lt;/td&gt;
&lt;td class=&#34;lntd&#34;&gt;
&lt;pre tabindex=&#34;0&#34; class=&#34;chroma&#34;&gt;&lt;code class=&#34;language-gdscript3&#34; data-lang=&#34;gdscript3&#34;&gt;&lt;span class=&#34;line&#34;&gt;&lt;span class=&#34;cl&#34;&gt;&lt;span class=&#34;n&#34;&gt;adb&lt;/span&gt; &lt;span class=&#34;n&#34;&gt;reboot&lt;/span&gt; &lt;span class=&#34;n&#34;&gt;bootloader&lt;/span&gt;
&lt;/span&gt;&lt;/span&gt;&lt;/code&gt;&lt;/pre&gt;&lt;/td&gt;&lt;/tr&gt;&lt;/table&gt;
&lt;/div&gt;
&lt;/div&gt;&lt;p&gt;当设备底部显示&lt;code&gt;FASTBOOT MODE&lt;/code&gt;时即为成功进入&lt;code&gt;BootLoader&lt;/code&gt;&lt;/p&gt;
&lt;p&gt;在&lt;code&gt;platform-tools&lt;/code&gt;目录下执行&lt;/p&gt;
&lt;div class=&#34;highlight&#34;&gt;&lt;div class=&#34;chroma&#34;&gt;
&lt;table class=&#34;lntable&#34;&gt;&lt;tr&gt;&lt;td class=&#34;lntd&#34;&gt;
&lt;pre tabindex=&#34;0&#34; class=&#34;chroma&#34;&gt;&lt;code&gt;&lt;span class=&#34;lnt&#34;&gt;1
&lt;/span&gt;&lt;span class=&#34;lnt&#34;&gt;2
&lt;/span&gt;&lt;span class=&#34;lnt&#34;&gt;3
&lt;/span&gt;&lt;span class=&#34;lnt&#34;&gt;4
&lt;/span&gt;&lt;span class=&#34;lnt&#34;&gt;5
&lt;/span&gt;&lt;/code&gt;&lt;/pre&gt;&lt;/td&gt;
&lt;td class=&#34;lntd&#34;&gt;
&lt;pre tabindex=&#34;0&#34; class=&#34;chroma&#34;&gt;&lt;code class=&#34;language-fallback&#34; data-lang=&#34;fallback&#34;&gt;&lt;span class=&#34;line&#34;&gt;&lt;span class=&#34;cl&#34;&gt;fastboot flashing unlock
&lt;/span&gt;&lt;/span&gt;&lt;span class=&#34;line&#34;&gt;&lt;span class=&#34;cl&#34;&gt;fastboot flash boot [上面已修补的boot-magisk.img，可直接拖入进来]
&lt;/span&gt;&lt;/span&gt;&lt;span class=&#34;line&#34;&gt;&lt;span class=&#34;cl&#34;&gt;fastboot --disable-verity --disable-verification flash vbmeta [MtkClient目录下的vbmeta.img.empty，可直接拖入进来]
&lt;/span&gt;&lt;/span&gt;&lt;span class=&#34;line&#34;&gt;&lt;span class=&#34;cl&#34;&gt;fastboot flashing lock
&lt;/span&gt;&lt;/span&gt;&lt;span class=&#34;line&#34;&gt;&lt;span class=&#34;cl&#34;&gt;fastboot reboot
&lt;/span&gt;&lt;/span&gt;&lt;/code&gt;&lt;/pre&gt;&lt;/td&gt;&lt;/tr&gt;&lt;/table&gt;
&lt;/div&gt;
&lt;/div&gt;&lt;p&gt;设备将重启，重新按照&lt;em&gt;&lt;strong&gt;上面破解的方法&lt;/strong&gt;&lt;/em&gt;安装Magisk，启动即可获取到&lt;strong&gt;Root&lt;/strong&gt;权限！&lt;/p&gt;
&lt;h2 id=&#34;总结&#34;&gt;总结&lt;/h2&gt;
&lt;p&gt;这一方法可以通杀Mtk设备，当然可以用在松鼠AI学习机上，&lt;a class=&#34;link&#34; href=&#34;https://blog.csdn.net/shenjingwa012/article/details/131018766&#34;  target=&#34;_blank&#34; rel=&#34;noopener&#34;
    &gt;CSDN&lt;/a&gt;的作者使用的是&lt;code&gt;SQAIPAD-Y1&lt;/code&gt;，我使用的则是&lt;code&gt;SQAIPAD-V11&lt;/code&gt;，经测试都可以使用此方法！&lt;/p&gt;
&lt;p&gt;最后再强调三遍：&lt;/p&gt;
&lt;p&gt;&lt;em&gt;&lt;strong&gt;松鼠Ai&amp;amp;栗浩洋 你妈死了 永世不得超生&lt;/strong&gt;&lt;/em&gt;&lt;/p&gt;
&lt;p&gt;&lt;em&gt;&lt;strong&gt;松鼠Ai&amp;amp;栗浩洋 你妈死了 永世不得超生&lt;/strong&gt;&lt;/em&gt;&lt;/p&gt;
&lt;p&gt;&lt;em&gt;&lt;strong&gt;松鼠Ai&amp;amp;栗浩洋 你妈死了 永世不得超生&lt;/strong&gt;&lt;/em&gt;&lt;/p&gt;
&lt;p&gt;&lt;em&gt;&lt;strong&gt;祝所有打着《AI教育》幌子的垃圾企业们 早日倒闭&lt;/strong&gt;&lt;/em&gt;&lt;/p&gt;
&lt;p&gt;&lt;em&gt;&lt;strong&gt;祝所有打着《AI教育》幌子的垃圾企业们 早日倒闭&lt;/strong&gt;&lt;/em&gt;&lt;/p&gt;
&lt;p&gt;&lt;em&gt;&lt;strong&gt;祝所有打着《AI教育》幌子的垃圾企业们 早日倒闭&lt;/strong&gt;&lt;/em&gt;&lt;/p&gt;
</description>
        </item>
        <item>
        <title>从Magisk转入Magisk Delta</title>
        <link>https://blog.highp.ing/p/magisk/</link>
        <pubDate>Sun, 30 Jul 2023 00:00:00 +0000</pubDate>
        
        <guid>https://blog.highp.ing/p/magisk/</guid>
        <description>&lt;img src="https://blog.highp.ing/p/magisk/222942594-63336f63-6a26-492e-a1d1-a356b5f777b3.png" alt="Featured image of post 从Magisk转入Magisk Delta" /&gt;&lt;h1 id=&#34;从magisk转入magisk-delta&#34;&gt;从Magisk转入Magisk Delta&lt;/h1&gt;
&lt;p&gt;本文由 &lt;code&gt;High Ping Network&lt;/code&gt; 的小伙伴 GenshinMinecraft 进行编撰，首发于 &lt;a class=&#34;link&#34; href=&#34;https://blog.highp.ing&#34;  target=&#34;_blank&#34; rel=&#34;noopener&#34;
    &gt;本博客&lt;/a&gt;&lt;/p&gt;
&lt;h2 id=&#34;前言&#34;&gt;前言&lt;/h2&gt;
&lt;p&gt;手机端比较完善的root方法就只有&lt;strong&gt;Magisk&lt;/strong&gt;了（Kernelsu暂不讨论）&lt;/p&gt;
&lt;p&gt;但是由于众所周知的原因，Magisk官方版本的&lt;strong&gt;Magisk Hide&lt;/strong&gt;被砍掉了&lt;/p&gt;
&lt;p&gt;所以就有了&lt;strong&gt;Magisk Delta&lt;/strong&gt;的出现&lt;/p&gt;
&lt;p&gt;&lt;strong&gt;Magisk Delta&lt;/strong&gt;总结来说有以下的优点：&lt;/p&gt;
&lt;ol&gt;
&lt;li&gt;拥有&lt;strong&gt;Magisk Hide&lt;/strong&gt;;&lt;/li&gt;
&lt;li&gt;Ui改版（个人觉得还不错）;&lt;/li&gt;
&lt;li&gt;&amp;hellip;（忘了）&lt;/li&gt;
&lt;/ol&gt;
&lt;h2 id=&#34;安装magisk-delta&#34;&gt;安装Magisk Delta&lt;/h2&gt;
&lt;p&gt;首先去到&lt;a class=&#34;link&#34; href=&#34;https://github.com/HuskyDG/magisk-files/releases&#34;  target=&#34;_blank&#34; rel=&#34;noopener&#34;
    &gt;Github官网&lt;/a&gt;，下载&lt;em&gt;app-release.apk&lt;/em&gt;&lt;/p&gt;
&lt;p&gt;安装在安卓设备上&lt;/p&gt;
&lt;p&gt;打开就可以授权&lt;em&gt;Root&lt;/em&gt;权限并安装&lt;strong&gt;Boot&lt;/strong&gt;了
&lt;img src=&#34;https://blog.highp.ing/p/magisk/image.png&#34;
	width=&#34;1057&#34;
	height=&#34;480&#34;
	srcset=&#34;https://blog.highp.ing/p/magisk/image_hu5efaf2ac5653ed7dde77940e68e99506_76442_480x0_resize_box_3.png 480w, https://blog.highp.ing/p/magisk/image_hu5efaf2ac5653ed7dde77940e68e99506_76442_1024x0_resize_box_3.png 1024w&#34;
	loading=&#34;lazy&#34;
	
		alt=&#34;Alt text&#34;
	
	
		class=&#34;gallery-image&#34; 
		data-flex-grow=&#34;220&#34;
		data-flex-basis=&#34;528px&#34;
	
&gt;&lt;/p&gt;
&lt;p&gt;&lt;em&gt;注：初次进入Magisk Delta也许没有&lt;code&gt;直接安装&lt;/code&gt;选项，可以杀死后台再进入Magisk Delta，修复环境后，即可直接安装！&lt;/em&gt;&lt;/p&gt;
&lt;h2 id=&#34;转移magisk模块&#34;&gt;转移Magisk模块&lt;/h2&gt;
&lt;p&gt;理论上来说，安装&lt;em&gt;Magisk Delta&lt;/em&gt;后，&lt;em&gt;原版Magisk&lt;/em&gt;的模块会自动转移到&lt;em&gt;Magisk Delta&lt;/em&gt;。各种设置也可以同步！&lt;/p&gt;
&lt;p&gt;但是如果有模块未同步的情况，可以手动添加&lt;/p&gt;
&lt;h2 id=&#34;开启magisk-hide&#34;&gt;开启Magisk Hide&lt;/h2&gt;
&lt;p&gt;&lt;img src=&#34;https://blog.highp.ing/p/magisk/image-1.png&#34;
	width=&#34;1028&#34;
	height=&#34;1441&#34;
	srcset=&#34;https://blog.highp.ing/p/magisk/image-1_hu33c5eed6f550660aa47d688396e9cab8_300877_480x0_resize_box_3.png 480w, https://blog.highp.ing/p/magisk/image-1_hu33c5eed6f550660aa47d688396e9cab8_300877_1024x0_resize_box_3.png 1024w&#34;
	loading=&#34;lazy&#34;
	
	
		class=&#34;gallery-image&#34; 
		data-flex-grow=&#34;71&#34;
		data-flex-basis=&#34;171px&#34;
	
&gt;&lt;/p&gt;
&lt;p&gt;在右上角&lt;code&gt;设置图标-MagiskHide&lt;/code&gt;中，打开&lt;code&gt;MagiskHide&lt;/code&gt;与&lt;code&gt;强制使用超级用户列表&lt;/code&gt;&lt;/p&gt;
&lt;p&gt;&lt;img src=&#34;https://blog.highp.ing/p/magisk/image-2.png&#34;
	width=&#34;1041&#34;
	height=&#34;945&#34;
	srcset=&#34;https://blog.highp.ing/p/magisk/image-2_hu499a97faf1173b49a90361455c7473e5_226285_480x0_resize_box_3.png 480w, https://blog.highp.ing/p/magisk/image-2_hu499a97faf1173b49a90361455c7473e5_226285_1024x0_resize_box_3.png 1024w&#34;
	loading=&#34;lazy&#34;
	
	
		class=&#34;gallery-image&#34; 
		data-flex-grow=&#34;110&#34;
		data-flex-basis=&#34;264px&#34;
	
&gt;&lt;/p&gt;
&lt;p&gt;然后重启手机，回到设置中的MagiskHide界面，就可以找到&lt;strong&gt;配置超级用户列表&lt;/strong&gt;&lt;/p&gt;
&lt;p&gt;&lt;img src=&#34;https://blog.highp.ing/p/magisk/image-3.png&#34;
	width=&#34;1021&#34;
	height=&#34;1729&#34;
	srcset=&#34;https://blog.highp.ing/p/magisk/image-3_hu26af88a41140108ace152477ce15094f_404612_480x0_resize_box_3.png 480w, https://blog.highp.ing/p/magisk/image-3_hu26af88a41140108ace152477ce15094f_404612_1024x0_resize_box_3.png 1024w&#34;
	loading=&#34;lazy&#34;
	
		alt=&#34;1&#34;
	
	
		class=&#34;gallery-image&#34; 
		data-flex-grow=&#34;59&#34;
		data-flex-basis=&#34;141px&#34;
	
&gt;&lt;/p&gt;
&lt;p&gt;在里面可以设置需要使用&lt;strong&gt;Root权限&lt;/strong&gt;的应用，可以说是最强劲的&lt;em&gt;隐藏root&lt;/em&gt;！&lt;/p&gt;
&lt;h2 id=&#34;小结&#34;&gt;小结&lt;/h2&gt;
&lt;p&gt;&lt;strong&gt;Magisk Delta&lt;/strong&gt;是一个还不错的&lt;em&gt;Magisk&lt;/em&gt;分支，具有已经被阉割掉的&lt;strong&gt;Magisk Hide&lt;/strong&gt;功能。适合养老使用！&lt;/p&gt;
</description>
        </item>
        
    </channel>
</rss>
