<?xml version="1.0" encoding="utf-8" standalone="yes"?>
<rss version="2.0" xmlns:atom="http://www.w3.org/2005/Atom">
    <channel>
        <title>HighPing们の小小藏身地</title>
        <link>https://blog.highp.ing/en/</link>
        <description>Recent content on HighPing们の小小藏身地</description>
        <generator>Hugo -- gohugo.io</generator>
        <language>en</language><atom:link href="https://blog.highp.ing/en/index.xml" rel="self" type="application/rss+xml" />
    </channel>
</rss>
