<?xml version="1.0" encoding="utf-8" standalone="yes"?>
<rss version="2.0" xmlns:atom="http://www.w3.org/2005/Atom">
    <channel>
        <title>HomeCloud on HighPing们の小小藏身地</title>
        <link>https://blog.highp.ing/categories/homecloud/</link>
        <description>Recent content in HomeCloud on HighPing们の小小藏身地</description>
        <generator>Hugo -- gohugo.io</generator>
        <language>zh-cn</language>
        <lastBuildDate>Mon, 04 Dec 2023 00:00:00 +0000</lastBuildDate><atom:link href="https://blog.highp.ing/categories/homecloud/index.xml" rel="self" type="application/rss+xml" /><item>
        <title>HomeCloud 家庭云 折腾心得</title>
        <link>https://blog.highp.ing/p/homecloud/</link>
        <pubDate>Mon, 04 Dec 2023 00:00:00 +0000</pubDate>
        
        <guid>https://blog.highp.ing/p/homecloud/</guid>
        <description>&lt;img src="https://blog.highp.ing/p/homecloud/IMG_20231126_121332_584.jpg" alt="Featured image of post HomeCloud 家庭云 折腾心得" /&gt;&lt;h1 id=&#34;homecloud-家庭云-折腾心得&#34;&gt;HomeCloud 家庭云 折腾心得&lt;/h1&gt;
&lt;p&gt;本文由 &lt;code&gt;High Ping Network&lt;/code&gt; 的小伙伴 GenshinMinecraft 进行编撰，首发于 &lt;a class=&#34;link&#34; href=&#34;https://blog.highp.ing&#34;  target=&#34;_blank&#34; rel=&#34;noopener&#34;
    &gt;本博客&lt;/a&gt;&lt;/p&gt;
&lt;h2 id=&#34;前言&#34;&gt;前言&lt;/h2&gt;
&lt;p&gt;作为一个 &lt;strong&gt;新时代网络人&lt;/strong&gt;，在家里放几台小机器，运行一下内网服务，还是非常 INTERESTING 的～～&lt;/p&gt;
&lt;p&gt;所以本文会介绍，有&lt;em&gt;&lt;strong&gt;哪些服务值得在内网运行&lt;/strong&gt;&lt;/em&gt;，以及&lt;em&gt;&lt;strong&gt;家用低功耗服务器的选择&lt;/strong&gt;&lt;/em&gt;，具有一定的参考价值，也包含一些个人的主观评价！&lt;/p&gt;
&lt;h2 id=&#34;my-servers--network-devices&#34;&gt;My Servers &amp;amp; Network Devices&lt;/h2&gt;
&lt;p&gt;首先来列个表&lt;/p&gt;
&lt;ul&gt;
&lt;li&gt;Redmi AX6s&lt;/li&gt;
&lt;li&gt;Friendly ELEC Nano Pi R4s&lt;/li&gt;
&lt;li&gt;J3455 小主机
来一个个介绍&lt;/li&gt;
&lt;/ul&gt;
&lt;h3 id=&#34;redmi-ax6s&#34;&gt;Redmi AX6s&lt;/h3&gt;
&lt;p&gt;这是我家里的&lt;strong&gt;主要网关设备&lt;/strong&gt;，在我没有 R4s 之前当作我的 路由+路由代理 设备&lt;/p&gt;
&lt;p&gt;现在主要当作 &lt;strong&gt;无线AP&lt;/strong&gt; 和 &lt;strong&gt;主要路由设备&lt;/strong&gt;，但并不进行拨号（shanbing运营商不给光猫超密）&lt;/p&gt;
&lt;p&gt;拨号由&lt;strong&gt;运营商光猫&lt;/strong&gt;进行，对外网可以跑到 970Mbps 的速度，千兆宽带这样可以了&lt;/p&gt;
&lt;p&gt;安装了 Openwrt 系统，仅用于 &lt;strong&gt;DHCP&lt;/strong&gt; 与 &lt;strong&gt;DNS&lt;/strong&gt; 和 &lt;strong&gt;NAT转发&lt;/strong&gt;&lt;/p&gt;
&lt;p&gt;&lt;del&gt;（还有个 Alist 以及内网所有 FRP&lt;/del&gt;&lt;/p&gt;
&lt;p&gt;就是很普通的 Router 一个！&lt;/p&gt;
&lt;h3 id=&#34;friendly-elec-nano-pi-r4s&#34;&gt;Friendly ELEC Nano Pi R4s&lt;/h3&gt;
&lt;p&gt;这是我家里的&lt;strong&gt;主要服务器设备&lt;/strong&gt;，用于各种7788的服务&lt;/p&gt;
&lt;p&gt;运行了一个 Clash 内核作为网络代理（非路由代理，非强制）&lt;/p&gt;
&lt;p&gt;其余的等会在介绍
&lt;del&gt;（别问为什么要写这么长的名字，为了装逼，其实 R4s 就行&lt;/del&gt;&lt;/p&gt;
&lt;p&gt;基础配置：&lt;strong&gt;Arm64 6c4g&lt;/strong&gt; &amp;amp; &lt;strong&gt;64G SDCard&lt;/strong&gt; &amp;amp; &lt;strong&gt;32G USB Disk&lt;/strong&gt; &amp;amp; &lt;strong&gt;64G USB Disk&lt;/strong&gt;&lt;/p&gt;
&lt;p&gt;系统：Ubuntu 20.04&lt;/p&gt;
&lt;h3 id=&#34;j3455-小主机&#34;&gt;J3455 小主机&lt;/h3&gt;
&lt;p&gt;这个。。。 不好说是什么设备，应该与 R4s 差不多，都是服务器&lt;/p&gt;
&lt;p&gt;运行了需要&lt;strong&gt;大储存大硬盘&lt;/strong&gt;的服务，&lt;del&gt;很爽&lt;/del&gt;&lt;/p&gt;
&lt;p&gt;基础配置：&lt;strong&gt;Inter J3455 4c4g&lt;/strong&gt; &amp;amp; &lt;strong&gt;120G SSD&lt;/strong&gt; &amp;amp; &lt;strong&gt;320G HDD x2&lt;/strong&gt;&lt;/p&gt;
&lt;p&gt;系统：Ubuntu 22.04&lt;/p&gt;
&lt;h2 id=&#34;redmi-ax6s-服务&#34;&gt;Redmi AX6s 服务&lt;/h2&gt;
&lt;h3 id=&#34;frpc&#34;&gt;Frpc&lt;/h3&gt;
&lt;p&gt;很好理解吧？&lt;a class=&#34;link&#34; href=&#34;https://github.com/fatedier/frp&#34;  target=&#34;_blank&#34; rel=&#34;noopener&#34;
    &gt;Frp&lt;/a&gt; 是一个简易的&lt;strong&gt;内网穿透&lt;/strong&gt;服务，可以轻易地将&lt;strong&gt;内网端口穿透至公网&lt;/strong&gt;&lt;/p&gt;
&lt;p&gt;目前，我使用的公共 Frp 服务为 &lt;a class=&#34;link&#34; href=&#34;https://www.openfrp.net/#home&#34;  target=&#34;_blank&#34; rel=&#34;noopener&#34;
    &gt;OpenFrp&lt;/a&gt;&lt;/p&gt;
&lt;p&gt;对于这 OpenFrp，也来讲一下：它是免费的，公共的 Frps 服务器，提供了全球各地的 Frps 服务器，每一位注册用户可以使用&lt;strong&gt;每日签到&lt;/strong&gt;来获取流量，共计可开&lt;strong&gt;4条通道&lt;/strong&gt;。（需实名）&lt;/p&gt;
&lt;p&gt;并且，其还有&lt;strong&gt;自行制作&lt;/strong&gt;的 Frpc 客户端，可以使用 &lt;strong&gt;API令牌&lt;/strong&gt;(Token) 更方便连接至其服务器！&lt;/p&gt;
&lt;p&gt;请注意，Frp 服务区分 &lt;code&gt;Frpc&lt;/code&gt; 以及 &lt;code&gt;Frps&lt;/code&gt;，前者为&lt;em&gt;客户端&lt;/em&gt;，后者为&lt;em&gt;服务端&lt;/em&gt;&lt;/p&gt;
&lt;p&gt;一般来说，仅需要使用 Frpc 即可&lt;/p&gt;
&lt;h3 id=&#34;alist&#34;&gt;Alist&lt;/h3&gt;
&lt;p&gt;&lt;a class=&#34;link&#34; href=&#34;https://alist.nn.ci/zh/&#34;  target=&#34;_blank&#34; rel=&#34;noopener&#34;
    &gt;Alist&lt;/a&gt; 是一个适合部署于自己服务器上的&lt;strong&gt;网盘聚合文件列表&lt;/strong&gt;应用，其将数十个服务商的网盘服务&lt;strong&gt;整合&lt;/strong&gt;起来，提供&lt;em&gt;网页访问&lt;/em&gt;或 &lt;em&gt;Webdav 服务&lt;/em&gt;，一般用于存储影视等&lt;strong&gt;流媒体资源&lt;/strong&gt;，还是挺不错的&lt;/p&gt;
&lt;p&gt;关于在本博客上关于 &lt;a class=&#34;link&#34; href=&#34;https://c1oudf1are.link/categories/alist/&#34;  target=&#34;_blank&#34; rel=&#34;noopener&#34;
    &gt;Alist&lt;/a&gt; 的文章，请点击前字查看！&lt;/p&gt;
&lt;p&gt;搭建过程很简单，就不教程了&lt;/p&gt;
&lt;p&gt;&lt;img src=&#34;https://blog.highp.ing/p/homecloud/IMG_20231201_202722_420.jpg&#34;
	width=&#34;1280&#34;
	height=&#34;501&#34;
	srcset=&#34;https://blog.highp.ing/p/homecloud/IMG_20231201_202722_420_hue86f0244e724a79be133fccc955619bb_57947_480x0_resize_q75_box.jpg 480w, https://blog.highp.ing/p/homecloud/IMG_20231201_202722_420_hue86f0244e724a79be133fccc955619bb_57947_1024x0_resize_q75_box.jpg 1024w&#34;
	loading=&#34;lazy&#34;
	
		alt=&#34;Alist&#34;
	
	
		class=&#34;gallery-image&#34; 
		data-flex-grow=&#34;255&#34;
		data-flex-basis=&#34;613px&#34;
	
&gt;&lt;/p&gt;
&lt;p&gt;对于 Alist 的使用上，我一般配合 &lt;a class=&#34;link&#34; href=&#34;https://rclone.org/&#34;  target=&#34;_blank&#34; rel=&#34;noopener&#34;
    &gt;Rclone&lt;/a&gt; 进行使用，对于 Rclone 的各文章，请参阅&lt;a class=&#34;link&#34; href=&#34;https://c1oudf1are.link/categories/rclone/&#34;  target=&#34;_blank&#34; rel=&#34;noopener&#34;
    &gt;本博客的 Rclone Tag 食用&lt;/a&gt;&lt;/p&gt;
&lt;p&gt;对于网盘选择，&lt;a class=&#34;link&#34; href=&#34;https://c1oudf1are.link/p/alist/&#34;  target=&#34;_blank&#34; rel=&#34;noopener&#34;
    &gt;这篇文章&lt;/a&gt;已经介绍的很清楚了！&lt;/p&gt;
&lt;p&gt;但不妨我再说一次：Onedrive + 夸克！&lt;/p&gt;
&lt;p&gt;Onedrive 用于储存一些&lt;strong&gt;备份内容&lt;/strong&gt;，夸克因为其可以&lt;strong&gt;转存 BT 磁力&lt;/strong&gt;的特性，很适合用来当影视盘！&lt;/p&gt;
&lt;p&gt;但是还是要根据自身的经济情况等来选择！&lt;/p&gt;
&lt;h2 id=&#34;r4s-服务&#34;&gt;R4s 服务&lt;/h2&gt;
&lt;p&gt;说到 R4s，运行的服务就多了，不急，慢慢来&lt;/p&gt;
&lt;h3 id=&#34;fulltclash&#34;&gt;FullTclash&lt;/h3&gt;
&lt;p&gt;&lt;a class=&#34;link&#34; href=&#34;https://github.com/AirportR/FullTclash.git&#34;  target=&#34;_blank&#34; rel=&#34;noopener&#34;
    &gt;&lt;strong&gt;FullTclash&lt;/strong&gt;&lt;/a&gt; 是一个 &lt;em&gt;基于clash 核心&lt;/em&gt;运作的、进行全量订阅测试的telegram机器人（官方原话）&lt;/p&gt;
&lt;p&gt;听不懂？简单来说就是&lt;strong&gt;测速 Telegram 机器人&lt;/strong&gt;&lt;/p&gt;
&lt;p&gt;其作用，有的人很需要，有的人其实没什么需要&lt;/p&gt;
&lt;p&gt;对于其搭建方法，&lt;a class=&#34;link&#34; href=&#34;https://c1oudf1are.link/p/fulltclash/&#34;  target=&#34;_blank&#34; rel=&#34;noopener&#34;
    &gt;本博客就有&lt;/a&gt;&lt;/p&gt;
&lt;p&gt;其实现在的 FullTclash 已经&lt;strong&gt;十分先进&lt;/strong&gt;了，由于本博客的教程有点久远(23.08)&lt;/p&gt;
&lt;p&gt;所以现在来贴上最新版本测试的结果：&lt;/p&gt;
&lt;p&gt;&lt;img src=&#34;https://blog.highp.ing/p/homecloud/IMG_20231201_203417_380.jpg&#34;
	width=&#34;1280&#34;
	height=&#34;351&#34;
	srcset=&#34;https://blog.highp.ing/p/homecloud/IMG_20231201_203417_380_hub3b854211fc8153a4f3006df07df21d1_102000_480x0_resize_q75_box.jpg 480w, https://blog.highp.ing/p/homecloud/IMG_20231201_203417_380_hub3b854211fc8153a4f3006df07df21d1_102000_1024x0_resize_q75_box.jpg 1024w&#34;
	loading=&#34;lazy&#34;
	
		alt=&#34;速度测试&#34;
	
	
		class=&#34;gallery-image&#34; 
		data-flex-grow=&#34;364&#34;
		data-flex-basis=&#34;875px&#34;
	
&gt;
&lt;img src=&#34;https://blog.highp.ing/p/homecloud/IMG_20231201_203406_468.jpg&#34;
	width=&#34;1280&#34;
	height=&#34;1011&#34;
	srcset=&#34;https://blog.highp.ing/p/homecloud/IMG_20231201_203406_468_hu07aeceb9e433952e4b2f546557c116d6_204885_480x0_resize_q75_box.jpg 480w, https://blog.highp.ing/p/homecloud/IMG_20231201_203406_468_hu07aeceb9e433952e4b2f546557c116d6_204885_1024x0_resize_q75_box.jpg 1024w&#34;
	loading=&#34;lazy&#34;
	
		alt=&#34;延迟测试&#34;
	
	
		class=&#34;gallery-image&#34; 
		data-flex-grow=&#34;126&#34;
		data-flex-basis=&#34;303px&#34;
	
&gt;
&lt;img src=&#34;https://blog.highp.ing/p/homecloud/Topo2023-12-01T12-48-11.png&#34;
	width=&#34;2191&#34;
	height=&#34;5700&#34;
	srcset=&#34;https://blog.highp.ing/p/homecloud/Topo2023-12-01T12-48-11_hu2de514b539be3dc34b4258da1f3b5237_956180_480x0_resize_box_3.png 480w, https://blog.highp.ing/p/homecloud/Topo2023-12-01T12-48-11_hu2de514b539be3dc34b4258da1f3b5237_956180_1024x0_resize_box_3.png 1024w&#34;
	loading=&#34;lazy&#34;
	
		alt=&#34;拓扑测试&#34;
	
	
		class=&#34;gallery-image&#34; 
		data-flex-grow=&#34;38&#34;
		data-flex-basis=&#34;92px&#34;
	
&gt;&lt;/p&gt;
&lt;p&gt;&lt;img src=&#34;https://blog.highp.ing/p/homecloud/2023-12-01T12-46-02.png&#34;
	width=&#34;17849&#34;
	height=&#34;5655&#34;
	srcset=&#34;https://blog.highp.ing/p/homecloud/2023-12-01T12-46-02_hu268e6cd41b9de9f59070ee923277123f_6346380_480x0_resize_box_3.png 480w, https://blog.highp.ing/p/homecloud/2023-12-01T12-46-02_hu268e6cd41b9de9f59070ee923277123f_6346380_1024x0_resize_box_3.png 1024w&#34;
	loading=&#34;lazy&#34;
	
		alt=&#34;超全流媒体(慎点开)&#34;
	
	
		class=&#34;gallery-image&#34; 
		data-flex-grow=&#34;315&#34;
		data-flex-basis=&#34;757px&#34;
	
&gt;&lt;/p&gt;
&lt;p&gt;&lt;strong&gt;碉堡了！&lt;/strong&gt; （雷总音&lt;/p&gt;
&lt;p&gt;挺好玩的，就是上手配置&lt;strong&gt;难度稍高&lt;/strong&gt;，不适合小白&lt;strong&gt;进行搭建&lt;/strong&gt;，有需要可联系&lt;a class=&#34;link&#34; href=&#34;https://t.me/c1oudf1are&#34;  target=&#34;_blank&#34; rel=&#34;noopener&#34;
    &gt;我的 Telegram&lt;/a&gt;无偿教程！&lt;/p&gt;
&lt;h3 id=&#34;cloudflare-tunnel&#34;&gt;Cloudflare Tunnel&lt;/h3&gt;
&lt;p&gt;Cloudflare Tunnel 是 CF 家的&lt;strong&gt;内网穿透&lt;/strong&gt;服务，但是其并不是 Frp，是 &lt;strong&gt;Cloudflare Warp&lt;/strong&gt; 与 &lt;strong&gt;Zero Trust&lt;/strong&gt; 的一部分&lt;/p&gt;
&lt;p&gt;Cloudflare Tunnel 有如下的优点：&lt;/p&gt;
&lt;ul&gt;
&lt;li&gt;无限隧道：对于目前互联网上公共的 Frp 服务来说，CF 给的还是很厉害的&lt;/li&gt;
&lt;li&gt;无限流量：这个就厉害了，很牛逼&lt;/li&gt;
&lt;li&gt;配置简单：官方给你一键命令，连&lt;strong&gt;进程守护&lt;/strong&gt;都可以根据系统&lt;strong&gt;自动配置&lt;/strong&gt;&lt;/li&gt;
&lt;li&gt;与 Cloudflare 深度绑定：与 Cloudflare 其他服务&lt;strong&gt;深度绑定&lt;/strong&gt;，比如域名等直接&lt;strong&gt;一键配置&lt;/strong&gt;&lt;/li&gt;
&lt;/ul&gt;
&lt;p&gt;本博客也有关于 Cloudflare Tunnel 的教程：&lt;a class=&#34;link&#34; href=&#34;https://c1oudf1are.link/p/cloudflare-tunnel/&#34;  target=&#34;_blank&#34; rel=&#34;noopener&#34;
    &gt;There&lt;/a&gt;&lt;/p&gt;
&lt;p&gt;总结还是那句话：&lt;em&gt;&lt;strong&gt;Cloudflare 大爹永远是你大爹！&lt;/strong&gt;&lt;/em&gt;&lt;/p&gt;
&lt;p&gt;但是其也有缺点：&lt;/p&gt;
&lt;ul&gt;
&lt;li&gt;在国内直连访问 Cloudflare 服务，稍微有些卡&lt;/li&gt;
&lt;li&gt;仅支持 HTTPS(TCP,WSS) 隧道出口到公网，其他协议(Belike SSH,RDP)等需要在客户端配置客户端才可正常使用！&lt;/li&gt;
&lt;/ul&gt;
&lt;h3 id=&#34;1panel&#34;&gt;1Panel&lt;/h3&gt;
&lt;p&gt;&lt;a class=&#34;link&#34; href=&#34;https://1panel.cn/&#34;  target=&#34;_blank&#34; rel=&#34;noopener&#34;
    &gt;1Panel&lt;/a&gt; 是新一代的 Linux 服务器运维管理面板（官方原话）&lt;/p&gt;
&lt;p&gt;之所以选择 1Panel 而不选择 其他类似于 宝塔 等面板，主要还是因为其使用 &lt;strong&gt;Docker&lt;/strong&gt; 进行服务部署&lt;/p&gt;
&lt;p&gt;不管是 HTTP(Nginx/OpenResty)，还是 PHP，又或是其他的 &lt;strong&gt;Docker 服务&lt;/strong&gt; 都一同集成在一个面板上！&lt;/p&gt;
&lt;p&gt;而宝塔等面板，一般直接是安装在主系统上&lt;/p&gt;
&lt;p&gt;由于内网，所以服务稍微有点多，而且不想让环境太乱&lt;/p&gt;
&lt;p&gt;所以全部使用 Docker 进行管理才是最有效的方法！&lt;/p&gt;
&lt;p&gt;&lt;img src=&#34;https://blog.highp.ing/p/homecloud/Screenshot_20231201-210647.png&#34;
	width=&#34;2560&#34;
	height=&#34;1600&#34;
	srcset=&#34;https://blog.highp.ing/p/homecloud/Screenshot_20231201-210647_hu939fafde051a6643c2c699a62afa7060_335769_480x0_resize_box_3.png 480w, https://blog.highp.ing/p/homecloud/Screenshot_20231201-210647_hu939fafde051a6643c2c699a62afa7060_335769_1024x0_resize_box_3.png 1024w&#34;
	loading=&#34;lazy&#34;
	
		alt=&#34;1Panel Main&#34;
	
	
		class=&#34;gallery-image&#34; 
		data-flex-grow=&#34;160&#34;
		data-flex-basis=&#34;384px&#34;
	
&gt;&lt;/p&gt;
&lt;p&gt;也有非常多的基于 &lt;strong&gt;Docker&lt;/strong&gt; 的应用
&lt;img src=&#34;https://blog.highp.ing/p/homecloud/Screenshot_20231201-210803.png&#34;
	width=&#34;2560&#34;
	height=&#34;1600&#34;
	srcset=&#34;https://blog.highp.ing/p/homecloud/Screenshot_20231201-210803_hu7e2e1c3e896634ca8b0e91bc7ff6b9cd_365757_480x0_resize_box_3.png 480w, https://blog.highp.ing/p/homecloud/Screenshot_20231201-210803_hu7e2e1c3e896634ca8b0e91bc7ff6b9cd_365757_1024x0_resize_box_3.png 1024w&#34;
	loading=&#34;lazy&#34;
	
		alt=&#34;1Panel AppStore&#34;
	
	
		class=&#34;gallery-image&#34; 
		data-flex-grow=&#34;160&#34;
		data-flex-basis=&#34;384px&#34;
	
&gt;&lt;/p&gt;
&lt;p&gt;而其他，对于服务器的管理，还是非常有帮助的&lt;/p&gt;
&lt;p&gt;R4s 中所有的网站均由其&lt;strong&gt;管理&amp;amp;反代&lt;/strong&gt;&lt;/p&gt;
&lt;h3 id=&#34;gitea&#34;&gt;Gitea&lt;/h3&gt;
&lt;p&gt;也就是本文章的头图 &lt;del&gt;（真的是想不到拿什么玩意当topic了&lt;/del&gt;
&lt;a class=&#34;link&#34; href=&#34;https://about.gitea.com/&#34;  target=&#34;_blank&#34; rel=&#34;noopener&#34;
    &gt;Gitea&lt;/a&gt; 是一个&lt;strong&gt;开源&lt;/strong&gt;的 Git 服务，提供类似于 &lt;a class=&#34;link&#34; href=&#34;https://github.com&#34;  target=&#34;_blank&#34; rel=&#34;noopener&#34;
    &gt;GitHub&lt;/a&gt; 的体验，但是其更私有化。且由 &lt;strong&gt;Go&lt;/strong&gt; 语言进行开发，这确保了其&lt;strong&gt;快速&lt;/strong&gt;的根本！&lt;/p&gt;
&lt;p&gt;&lt;img src=&#34;https://blog.highp.ing/p/homecloud/IMG_20231126_121332_584.jpg&#34;
	width=&#34;1280&#34;
	height=&#34;548&#34;
	srcset=&#34;https://blog.highp.ing/p/homecloud/IMG_20231126_121332_584_hudad6c46779871adc6fa6420f39d139dd_94796_480x0_resize_q75_box.jpg 480w, https://blog.highp.ing/p/homecloud/IMG_20231126_121332_584_hudad6c46779871adc6fa6420f39d139dd_94796_1024x0_resize_q75_box.jpg 1024w&#34;
	loading=&#34;lazy&#34;
	
		alt=&#34;Gitea&#34;
	
	
		class=&#34;gallery-image&#34; 
		data-flex-grow=&#34;233&#34;
		data-flex-basis=&#34;560px&#34;
	
&gt;&lt;/p&gt;
&lt;p&gt;&lt;img src=&#34;https://blog.highp.ing/p/homecloud/Screenshot_20231201-213850.png&#34;
	width=&#34;2560&#34;
	height=&#34;1600&#34;
	srcset=&#34;https://blog.highp.ing/p/homecloud/Screenshot_20231201-213850_huf7051eabdb6cb3be0a5db229ede87e61_218796_480x0_resize_box_3.png 480w, https://blog.highp.ing/p/homecloud/Screenshot_20231201-213850_huf7051eabdb6cb3be0a5db229ede87e61_218796_1024x0_resize_box_3.png 1024w&#34;
	loading=&#34;lazy&#34;
	
		alt=&#34;仓库界面&#34;
	
	
		class=&#34;gallery-image&#34; 
		data-flex-grow=&#34;160&#34;
		data-flex-basis=&#34;384px&#34;
	
&gt;&lt;/p&gt;
&lt;p&gt;可以看到，与 GitHub 十分相似，他也提供了大部分&lt;strong&gt;等同于 GitHub 的体验&lt;/strong&gt;，比如：&lt;/p&gt;
&lt;ul&gt;
&lt;li&gt;兼容 GitHub 的 Workflow Runner(GitHub 叫 Action)&lt;/li&gt;
&lt;li&gt;CI/CD 支持&lt;/li&gt;
&lt;li&gt;SSH 验证服务&lt;/li&gt;
&lt;li&gt;HTTP API 令牌验证服务&lt;/li&gt;
&lt;li&gt;&amp;hellip;&amp;hellip;&lt;/li&gt;
&lt;/ul&gt;
&lt;p&gt;还有更多的功能，等待你去使用！&lt;/p&gt;
&lt;h3 id=&#34;music163bot&#34;&gt;Music163bot&lt;/h3&gt;
&lt;p&gt;闲的无聊整了个 &lt;a class=&#34;link&#34; href=&#34;https://github.com/XiaoMengXinX/Music163bot-Go&#34;  target=&#34;_blank&#34; rel=&#34;noopener&#34;
    &gt;Music163bot-Go&lt;/a&gt;&lt;/p&gt;
&lt;p&gt;用处就是在 Telegram 上创建一个可以获取&lt;strong&gt;网易云音乐&lt;/strong&gt;的 Bot&lt;/p&gt;
&lt;p&gt;官方 Bot 为：&lt;a class=&#34;link&#34; href=&#34;https://t.me/Music163bot&#34;  target=&#34;_blank&#34; rel=&#34;noopener&#34;
    &gt;@Music163bot&lt;/a&gt;&lt;/p&gt;
&lt;p&gt;我自建 Bot 为：&lt;a class=&#34;link&#34; href=&#34;https://t.me/gxwzbot&#34;  target=&#34;_blank&#34; rel=&#34;noopener&#34;
    &gt;@gxwzbot&lt;/a&gt;&lt;/p&gt;
&lt;p&gt;说实话没啥用，获取高音质音乐还需要&lt;strong&gt;网易云音乐会员&lt;/strong&gt;，但是确实挺好玩~~（不是吗&lt;/p&gt;
&lt;p&gt;&lt;img src=&#34;https://blog.highp.ing/p/homecloud/IMG_20231201_214727_683.jpg&#34;
	width=&#34;1238&#34;
	height=&#34;800&#34;
	srcset=&#34;https://blog.highp.ing/p/homecloud/IMG_20231201_214727_683_hu99c23cb01170b8e0f74cad80e19245af_171735_480x0_resize_q75_box.jpg 480w, https://blog.highp.ing/p/homecloud/IMG_20231201_214727_683_hu99c23cb01170b8e0f74cad80e19245af_171735_1024x0_resize_q75_box.jpg 1024w&#34;
	loading=&#34;lazy&#34;
	
		alt=&#34;@gxwzbot&#34;
	
	
		class=&#34;gallery-image&#34; 
		data-flex-grow=&#34;154&#34;
		data-flex-basis=&#34;371px&#34;
	
&gt;&lt;/p&gt;
&lt;p&gt;&lt;em&gt;PS: 图中音乐为尼康战歌 《Welcome Home》&lt;/em&gt;&lt;/p&gt;
&lt;h3 id=&#34;miaospeed&#34;&gt;Miaospeed&lt;/h3&gt;
&lt;p&gt;&lt;a class=&#34;link&#34; href=&#34;https://github.com/miaokobot/miaospeed&#34;  target=&#34;_blank&#34; rel=&#34;noopener&#34;
    &gt;Miaospeed&lt;/a&gt; 是一个基于 &lt;strong&gt;Clash&lt;/strong&gt; 用于测试&lt;strong&gt;网络代理服务商&lt;/strong&gt;的后端，前端即为大家所熟知的 &lt;strong&gt;Miaoko&lt;/strong&gt;&lt;/p&gt;
&lt;p&gt;可以说，&lt;strong&gt;Miaoko&lt;/strong&gt; 与上边提到的 &lt;strong&gt;FullTclash&lt;/strong&gt; 为同一种东西，但是其不开源&lt;/p&gt;
&lt;p&gt;我在 R4s 搭建俩测速平台也是为了对接不同的测速 Bot
这玩意没啥好说的，就只是列出来而已（&lt;/p&gt;
&lt;h3 id=&#34;yesplaymusic&#34;&gt;YesPlayMusic&lt;/h3&gt;
&lt;p&gt;&lt;a class=&#34;link&#34; href=&#34;https://github.com/qier222/YesPlayMusic&#34;  target=&#34;_blank&#34; rel=&#34;noopener&#34;
    &gt;YesPlayMusic&lt;/a&gt; 是一个&lt;strong&gt;高颜值的第三方网易云播放器&lt;/strong&gt;（官方原话）&lt;/p&gt;
&lt;p&gt;为了体现他的高颜值，先来几张图：&lt;/p&gt;
&lt;p&gt;&lt;img src=&#34;https://blog.highp.ing/p/homecloud/Screenshot_20231201-220159.png&#34;
	width=&#34;2560&#34;
	height=&#34;1600&#34;
	srcset=&#34;https://blog.highp.ing/p/homecloud/Screenshot_20231201-220159_hud239a2205a7a1040867c95a020349a95_2673628_480x0_resize_box_3.png 480w, https://blog.highp.ing/p/homecloud/Screenshot_20231201-220159_hud239a2205a7a1040867c95a020349a95_2673628_1024x0_resize_box_3.png 1024w&#34;
	loading=&#34;lazy&#34;
	
		alt=&#34;主页&#34;
	
	
		class=&#34;gallery-image&#34; 
		data-flex-grow=&#34;160&#34;
		data-flex-basis=&#34;384px&#34;
	
&gt;
&lt;img src=&#34;https://blog.highp.ing/p/homecloud/Screenshot_20231201-220313.png&#34;
	width=&#34;2560&#34;
	height=&#34;1600&#34;
	srcset=&#34;https://blog.highp.ing/p/homecloud/Screenshot_20231201-220313_huf1521206fe51a3b5a7959b55873bb1c1_757255_480x0_resize_box_3.png 480w, https://blog.highp.ing/p/homecloud/Screenshot_20231201-220313_huf1521206fe51a3b5a7959b55873bb1c1_757255_1024x0_resize_box_3.png 1024w&#34;
	loading=&#34;lazy&#34;
	
		alt=&#34;歌手&#34;
	
	
		class=&#34;gallery-image&#34; 
		data-flex-grow=&#34;160&#34;
		data-flex-basis=&#34;384px&#34;
	
&gt;
&lt;img src=&#34;https://blog.highp.ing/p/homecloud/Screenshot_20231201-220328.png&#34;
	width=&#34;2560&#34;
	height=&#34;1600&#34;
	srcset=&#34;https://blog.highp.ing/p/homecloud/Screenshot_20231201-220328_hu10d4d8f5f428f13ec6e192521b385b06_1421042_480x0_resize_box_3.png 480w, https://blog.highp.ing/p/homecloud/Screenshot_20231201-220328_hu10d4d8f5f428f13ec6e192521b385b06_1421042_1024x0_resize_box_3.png 1024w&#34;
	loading=&#34;lazy&#34;
	
		alt=&#34;播放&#34;
	
	
		class=&#34;gallery-image&#34; 
		data-flex-grow=&#34;160&#34;
		data-flex-basis=&#34;384px&#34;
	
&gt;&lt;/p&gt;
&lt;p&gt;其支持的平台有:&lt;/p&gt;
&lt;ul&gt;
&lt;li&gt;Windows&lt;/li&gt;
&lt;li&gt;Linux&lt;/li&gt;
&lt;li&gt;MacOS&lt;/li&gt;
&lt;li&gt;Web&lt;/li&gt;
&lt;/ul&gt;
&lt;p&gt;其与近期发布了 &lt;code&gt;v2.0.0 alpha&lt;/code&gt; 版本，大更新了一次，可以在 &lt;a class=&#34;link&#34; href=&#34;https://github.com/qier222/YesPlayMusic/releases/tag/v2.0.0-alpha-2&#34;  target=&#34;_blank&#34; rel=&#34;noopener&#34;
    &gt;Release&lt;/a&gt; 找到&lt;/p&gt;
&lt;p&gt;&lt;code&gt;v2.0.0&lt;/code&gt; 版本与上面的截图大不相同，请自行安装看看效果！&lt;/p&gt;
&lt;p&gt;&lt;em&gt;PS: &lt;code&gt;v2.0.0&lt;/code&gt; 版本暂无 Web 版&lt;/em&gt;&lt;/p&gt;
&lt;h3 id=&#34;onenav&#34;&gt;OneNav&lt;/h3&gt;
&lt;p&gt;&lt;a class=&#34;link&#34; href=&#34;https://www.onenav.top/&#34;  target=&#34;_blank&#34; rel=&#34;noopener&#34;
    &gt;OneNav&lt;/a&gt; 是一个&lt;strong&gt;开源免费&lt;/strong&gt;的书签管理工具，采用了 &lt;strong&gt;PHP+SQLite3&lt;/strong&gt;，并且支持 &lt;strong&gt;Chrome 浏览器插件&lt;/strong&gt;，与浏览器原生兼容。&lt;/p&gt;
&lt;p&gt;我采用的 PHP 环境为：由 &lt;strong&gt;1Panel&lt;/strong&gt; 安装的 &lt;strong&gt;OpenResty&lt;/strong&gt;+&lt;strong&gt;PHP8&lt;/strong&gt;&lt;/p&gt;
&lt;p&gt;&lt;img src=&#34;https://blog.highp.ing/p/homecloud/Screenshot_20231204-201418.png&#34;
	width=&#34;2560&#34;
	height=&#34;1600&#34;
	srcset=&#34;https://blog.highp.ing/p/homecloud/Screenshot_20231204-201418_hu4e4b7808dec7c8689c40fc5c96130644_361133_480x0_resize_box_3.png 480w, https://blog.highp.ing/p/homecloud/Screenshot_20231204-201418_hu4e4b7808dec7c8689c40fc5c96130644_361133_1024x0_resize_box_3.png 1024w&#34;
	loading=&#34;lazy&#34;
	
		alt=&#34;OneNav&amp;Dark&#34;
	
	
		class=&#34;gallery-image&#34; 
		data-flex-grow=&#34;160&#34;
		data-flex-basis=&#34;384px&#34;
	
&gt;&lt;/p&gt;
&lt;p&gt;我所采用的 OneNav 主题：&lt;a class=&#34;link&#34; href=&#34;https://gitlab.com/mooe/dark&#34;  target=&#34;_blank&#34; rel=&#34;noopener&#34;
    &gt;Dark&lt;/a&gt;&lt;/p&gt;
&lt;p&gt;我用其作为我的浏览器启动页，提供了资源索引的服务，美中不足的就是 &lt;strong&gt;没有搜索栏&lt;/strong&gt;&lt;/p&gt;
&lt;h3 id=&#34;小结&#34;&gt;小结&lt;/h3&gt;
&lt;p&gt;你可以看到，我用 &lt;strong&gt;R4s&lt;/strong&gt; 所运行的服务这么这么多&lt;/p&gt;
&lt;p&gt;但是以上所有的服务火力全开，占用也很低&lt;/p&gt;
&lt;p&gt;&lt;img src=&#34;https://blog.highp.ing/p/homecloud/IMG_20231204_202302_874.jpg&#34;
	width=&#34;800&#34;
	height=&#34;800&#34;
	srcset=&#34;https://blog.highp.ing/p/homecloud/IMG_20231204_202302_874_hu2585ff27c8f5db35655b143d81088eef_162072_480x0_resize_q75_box.jpg 480w, https://blog.highp.ing/p/homecloud/IMG_20231204_202302_874_hu2585ff27c8f5db35655b143d81088eef_162072_1024x0_resize_q75_box.jpg 1024w&#34;
	loading=&#34;lazy&#34;
	
		alt=&#34;Nezha Panel&#34;
	
	
		class=&#34;gallery-image&#34; 
		data-flex-grow=&#34;100&#34;
		data-flex-basis=&#34;240px&#34;
	
&gt;&lt;/p&gt;
&lt;p&gt;这是以上的服务全部都在运行的情况（甚至还有一些没有写在这里的项目）&lt;/p&gt;
&lt;p&gt;可以看到
&lt;strong&gt;CPU 占用仅 1%&lt;/strong&gt;&lt;/p&gt;
&lt;p&gt;&lt;strong&gt;内存仅用了 800M 不到&lt;/strong&gt;&lt;/p&gt;
&lt;p&gt;&lt;strong&gt;Uptime 大约 1.00&lt;/strong&gt;&lt;/p&gt;
&lt;p&gt;所以，作为一个 &lt;strong&gt;6c4g&lt;/strong&gt;(6 线程 4g 内存) 的&lt;em&gt;&lt;strong&gt;低功耗&lt;/strong&gt;&lt;/em&gt;服务器，性能还是非常强劲的&lt;/p&gt;
&lt;p&gt;点评：家里没有家里云的(副歌除外)无脑入，R4s/R2s 都行&lt;/p&gt;
&lt;p&gt;R4s 能耗比太牛逼了，跑上面那堆玩意功耗不过8w&lt;/p&gt;
&lt;p&gt;注意：R4s 当主路由(Openwrt)实在是有点浪费，建议起步就 Ubuntu 好了！&lt;/p&gt;
&lt;p&gt;还有，R4s的 1G 版本真心不建议买，性价比不好，跑几个服务就满了&lt;/p&gt;
&lt;p&gt;4G 刚刚好差不多，1G 实在是有点。。。不好评价&lt;/p&gt;
&lt;h2 id=&#34;j3455-小主机-服务&#34;&gt;J3455 小主机 服务&lt;/h2&gt;
&lt;p&gt;其实，不论按照什么资格来说，J3455 这机器都是不应该拿来做 HomeCloud 的&lt;/p&gt;
&lt;p&gt;因为单纯从 J3455 这个 CPU 的 &lt;em&gt;TDP 10W&lt;/em&gt; 看起来，都不是啥省电的料&lt;/p&gt;
&lt;p&gt;但是，我只不过是在家里云缺少一台 &lt;strong&gt;x86 架构&lt;/strong&gt;的机器而已（&lt;/p&gt;
&lt;p&gt;（虽然现在基本啥软件预编译都有 Linux-Arm64 了，但是还是对于 x86 有点执着，不用就不安心&lt;/p&gt;
&lt;p&gt;（冷知识：这是我家唯一一台 x86 设备wwwwwwwwwwwwwwwww&lt;/p&gt;
&lt;h3 id=&#34;1panel-1&#34;&gt;1Panel&lt;/h3&gt;
&lt;p&gt;额，这玩意好像在上面的 R4s 中介绍过了，但是并不妨碍我直接复制过来（&lt;/p&gt;
&lt;p&gt;真就复制过来了，不介绍了，懒！&lt;/p&gt;
&lt;p&gt;每台服务器都要部署一次，有点麻烦呢（&lt;/p&gt;
&lt;h4 id=&#34;我绝对不会告诉你这是复制的&#34;&gt;我绝对不会告诉你这是复制的&lt;/h4&gt;
&lt;p&gt;&lt;a class=&#34;link&#34; href=&#34;https://1panel.cn/&#34;  target=&#34;_blank&#34; rel=&#34;noopener&#34;
    &gt;1Panel&lt;/a&gt; 是新一代的 Linux 服务器运维管理面板（官方原话）&lt;/p&gt;
&lt;p&gt;之所以选择 1Panel 而不选择 其他类似于 宝塔 等面板，主要还是因为其使用 &lt;strong&gt;Docker&lt;/strong&gt; 进行服务部署&lt;/p&gt;
&lt;p&gt;不管是 HTTP(Nginx/OpenResty)，还是 PHP，又或是其他的 &lt;strong&gt;Docker 服务&lt;/strong&gt; 都一同集成在一个面板上！&lt;/p&gt;
&lt;p&gt;而宝塔等面板，一般直接是安装在主系统上&lt;/p&gt;
&lt;p&gt;由于内网，所以服务稍微有点多，而且不想让环境太乱&lt;/p&gt;
&lt;p&gt;所以全部使用 Docker 进行管理才是最有效的方法！&lt;/p&gt;
&lt;p&gt;&lt;img src=&#34;https://blog.highp.ing/p/homecloud/Screenshot_20231201-210647.png&#34;
	width=&#34;2560&#34;
	height=&#34;1600&#34;
	srcset=&#34;https://blog.highp.ing/p/homecloud/Screenshot_20231201-210647_hu939fafde051a6643c2c699a62afa7060_335769_480x0_resize_box_3.png 480w, https://blog.highp.ing/p/homecloud/Screenshot_20231201-210647_hu939fafde051a6643c2c699a62afa7060_335769_1024x0_resize_box_3.png 1024w&#34;
	loading=&#34;lazy&#34;
	
		alt=&#34;1Panel Main&#34;
	
	
		class=&#34;gallery-image&#34; 
		data-flex-grow=&#34;160&#34;
		data-flex-basis=&#34;384px&#34;
	
&gt;&lt;/p&gt;
&lt;p&gt;也有非常多的基于 &lt;strong&gt;Docker&lt;/strong&gt; 的应用
&lt;img src=&#34;https://blog.highp.ing/p/homecloud/Screenshot_20231201-210803.png&#34;
	width=&#34;2560&#34;
	height=&#34;1600&#34;
	srcset=&#34;https://blog.highp.ing/p/homecloud/Screenshot_20231201-210803_hu7e2e1c3e896634ca8b0e91bc7ff6b9cd_365757_480x0_resize_box_3.png 480w, https://blog.highp.ing/p/homecloud/Screenshot_20231201-210803_hu7e2e1c3e896634ca8b0e91bc7ff6b9cd_365757_1024x0_resize_box_3.png 1024w&#34;
	loading=&#34;lazy&#34;
	
		alt=&#34;1Panel AppStore&#34;
	
	
		class=&#34;gallery-image&#34; 
		data-flex-grow=&#34;160&#34;
		data-flex-basis=&#34;384px&#34;
	
&gt;&lt;/p&gt;
&lt;p&gt;而其他，对于服务器的管理，还是非常有帮助的&lt;/p&gt;
&lt;p&gt;J3455 中所有的网站均由其&lt;strong&gt;管理&amp;amp;反代&lt;/strong&gt;&lt;/p&gt;
&lt;h3 id=&#34;navidrome&#34;&gt;Navidrome&lt;/h3&gt;
&lt;p&gt;这就是我在 J3455 小主机上部署的的重头之一，占用了我的至少&lt;strong&gt;300G&lt;/strong&gt;空间 &lt;del&gt;（硬盘：I am NOT FREE&lt;/del&gt;&lt;/p&gt;
&lt;p&gt;&lt;a class=&#34;link&#34; href=&#34;https://github.com/navidrome/navidrome&#34;  target=&#34;_blank&#34; rel=&#34;noopener&#34;
    &gt;Navidrome&lt;/a&gt; 是一个&lt;strong&gt;自托管式的，开源的，免费的&lt;/strong&gt;自建流媒体音乐服务（定语是不是有点多了&lt;/p&gt;
&lt;p&gt;&lt;img src=&#34;https://blog.highp.ing/p/homecloud/42e63ef0-8e1e-44e3-a7d2-4eafda8ba256_18c0978d2ac.png&#34;
	width=&#34;1200&#34;
	height=&#34;600&#34;
	srcset=&#34;https://blog.highp.ing/p/homecloud/42e63ef0-8e1e-44e3-a7d2-4eafda8ba256_18c0978d2ac_huc91454ad33c794eeddb43f0e9141322f_18832_480x0_resize_box_3.png 480w, https://blog.highp.ing/p/homecloud/42e63ef0-8e1e-44e3-a7d2-4eafda8ba256_18c0978d2ac_huc91454ad33c794eeddb43f0e9141322f_18832_1024x0_resize_box_3.png 1024w&#34;
	loading=&#34;lazy&#34;
	
		alt=&#34;Navidrome&#34;
	
	
		class=&#34;gallery-image&#34; 
		data-flex-grow=&#34;200&#34;
		data-flex-basis=&#34;480px&#34;
	
&gt;&lt;/p&gt;
&lt;p&gt;它&lt;strong&gt;兼容与 Subsonic API&lt;/strong&gt;，也就意味着用于 Subsonic 的客户端都可以使用！&lt;/p&gt;
&lt;p&gt;话不多说，先来看看他 Web 的表现（客户端的在下面）
&lt;img src=&#34;https://blog.highp.ing/p/homecloud/Screenshot_20231204-205507.png&#34;
	width=&#34;2560&#34;
	height=&#34;1600&#34;
	srcset=&#34;https://blog.highp.ing/p/homecloud/Screenshot_20231204-205507_hu5aa844f9aa2ebb59e6e41c71fe174b99_2548140_480x0_resize_box_3.png 480w, https://blog.highp.ing/p/homecloud/Screenshot_20231204-205507_hu5aa844f9aa2ebb59e6e41c71fe174b99_2548140_1024x0_resize_box_3.png 1024w&#34;
	loading=&#34;lazy&#34;
	
		alt=&#34;专辑&#34;
	
	
		class=&#34;gallery-image&#34; 
		data-flex-grow=&#34;160&#34;
		data-flex-basis=&#34;384px&#34;
	
&gt;
&lt;img src=&#34;https://blog.highp.ing/p/homecloud/Screenshot_20231204-205516.png&#34;
	width=&#34;2560&#34;
	height=&#34;1600&#34;
	srcset=&#34;https://blog.highp.ing/p/homecloud/Screenshot_20231204-205516_hubeda0931302d362987325d20959ab609_468211_480x0_resize_box_3.png 480w, https://blog.highp.ing/p/homecloud/Screenshot_20231204-205516_hubeda0931302d362987325d20959ab609_468211_1024x0_resize_box_3.png 1024w&#34;
	loading=&#34;lazy&#34;
	
		alt=&#34;专辑详情&#34;
	
	
		class=&#34;gallery-image&#34; 
		data-flex-grow=&#34;160&#34;
		data-flex-basis=&#34;384px&#34;
	
&gt;
&lt;img src=&#34;https://blog.highp.ing/p/homecloud/Screenshot_20231204-205540.png&#34;
	width=&#34;2560&#34;
	height=&#34;1600&#34;
	srcset=&#34;https://blog.highp.ing/p/homecloud/Screenshot_20231204-205540_huee7bbd706ae184db8680daa4c50a271c_379920_480x0_resize_box_3.png 480w, https://blog.highp.ing/p/homecloud/Screenshot_20231204-205540_huee7bbd706ae184db8680daa4c50a271c_379920_1024x0_resize_box_3.png 1024w&#34;
	loading=&#34;lazy&#34;
	
		alt=&#34;播放&amp;歌词&#34;
	
	
		class=&#34;gallery-image&#34; 
		data-flex-grow=&#34;160&#34;
		data-flex-basis=&#34;384px&#34;
	
&gt;&lt;/p&gt;
&lt;p&gt;额，说实话，他的 Web 端表现的真的不是很惊艳，甚至感觉&lt;strong&gt;很丑&lt;/strong&gt;&lt;/p&gt;
&lt;p&gt;不过好在他兼容 Subsonic，可以自由地配置客户端&lt;/p&gt;
&lt;p&gt;下面是安卓客户端 Symfonium：&lt;/p&gt;
&lt;p&gt;&lt;img src=&#34;https://blog.highp.ing/p/homecloud/Screenshot_20231126-101054.png&#34;
	width=&#34;2560&#34;
	height=&#34;1600&#34;
	srcset=&#34;https://blog.highp.ing/p/homecloud/Screenshot_20231126-101054_huba5f1381fe97125c58c01dd20e27b923_1763018_480x0_resize_box_3.png 480w, https://blog.highp.ing/p/homecloud/Screenshot_20231126-101054_huba5f1381fe97125c58c01dd20e27b923_1763018_1024x0_resize_box_3.png 1024w&#34;
	loading=&#34;lazy&#34;
	
		alt=&#34;主界面&#34;
	
	
		class=&#34;gallery-image&#34; 
		data-flex-grow=&#34;160&#34;
		data-flex-basis=&#34;384px&#34;
	
&gt;
&lt;img src=&#34;https://blog.highp.ing/p/homecloud/Screenshot_20231126-101113.png&#34;
	width=&#34;2560&#34;
	height=&#34;1600&#34;
	srcset=&#34;https://blog.highp.ing/p/homecloud/Screenshot_20231126-101113_hu7ccbcfe764b21cff3c25936841d1a780_872905_480x0_resize_box_3.png 480w, https://blog.highp.ing/p/homecloud/Screenshot_20231126-101113_hu7ccbcfe764b21cff3c25936841d1a780_872905_1024x0_resize_box_3.png 1024w&#34;
	loading=&#34;lazy&#34;
	
		alt=&#34;播放界面&#34;
	
	
		class=&#34;gallery-image&#34; 
		data-flex-grow=&#34;160&#34;
		data-flex-basis=&#34;384px&#34;
	
&gt;
&lt;img src=&#34;https://blog.highp.ing/p/homecloud/Screenshot_20231126-101524.png&#34;
	width=&#34;2560&#34;
	height=&#34;1600&#34;
	srcset=&#34;https://blog.highp.ing/p/homecloud/Screenshot_20231126-101524_hu793bd4a6ba8b0685fc4cf13f8069512a_175440_480x0_resize_box_3.png 480w, https://blog.highp.ing/p/homecloud/Screenshot_20231126-101524_hu793bd4a6ba8b0685fc4cf13f8069512a_175440_1024x0_resize_box_3.png 1024w&#34;
	loading=&#34;lazy&#34;
	
		alt=&#34;歌词界面&#34;
	
	
		class=&#34;gallery-image&#34; 
		data-flex-grow=&#34;160&#34;
		data-flex-basis=&#34;384px&#34;
	
&gt;
&lt;img src=&#34;https://blog.highp.ing/p/homecloud/Screenshot_20231126-101135.png&#34;
	width=&#34;2560&#34;
	height=&#34;1600&#34;
	srcset=&#34;https://blog.highp.ing/p/homecloud/Screenshot_20231126-101135_huf7bb31e8039961409b0f98c94e7f46e3_945065_480x0_resize_box_3.png 480w, https://blog.highp.ing/p/homecloud/Screenshot_20231126-101135_huf7bb31e8039961409b0f98c94e7f46e3_945065_1024x0_resize_box_3.png 1024w&#34;
	loading=&#34;lazy&#34;
	
		alt=&#34;专辑界面&#34;
	
	
		class=&#34;gallery-image&#34; 
		data-flex-grow=&#34;160&#34;
		data-flex-basis=&#34;384px&#34;
	
&gt;
&lt;img src=&#34;https://blog.highp.ing/p/homecloud/Screenshot_20231126-101150.png&#34;
	width=&#34;2560&#34;
	height=&#34;1600&#34;
	srcset=&#34;https://blog.highp.ing/p/homecloud/Screenshot_20231126-101150_huf3edb77be737e56599f66fcffd4f5edd_396031_480x0_resize_box_3.png 480w, https://blog.highp.ing/p/homecloud/Screenshot_20231126-101150_huf3edb77be737e56599f66fcffd4f5edd_396031_1024x0_resize_box_3.png 1024w&#34;
	loading=&#34;lazy&#34;
	
		alt=&#34;搜索界面&#34;
	
	
		class=&#34;gallery-image&#34; 
		data-flex-grow=&#34;160&#34;
		data-flex-basis=&#34;384px&#34;
	
&gt;&lt;/p&gt;
&lt;p&gt;&lt;strong&gt;Navidrome&lt;/strong&gt; 的部署方法也在本博客中，详情请点击&lt;a class=&#34;link&#34; href=&#34;https://c1oudf1are.link/p/navidrome&#34;  target=&#34;_blank&#34; rel=&#34;noopener&#34;
    &gt;这里&lt;/a&gt;&lt;/p&gt;
&lt;p&gt;&lt;del&gt;你知道吗：在家部署一个歌曲&lt;strong&gt;音质超好&lt;/strong&gt;的音乐云，真的很爽&lt;/del&gt;&lt;/p&gt;
&lt;h3 id=&#34;qbittorrent&#34;&gt;qbittorrent&lt;/h3&gt;
&lt;p&gt;都说了是 HomeCloud，所以 &lt;strong&gt;BT Download&lt;/strong&gt; 能缺席吗？&lt;/p&gt;
&lt;p&gt;&lt;a class=&#34;link&#34; href=&#34;https://www.qbittorrent.org/&#34;  target=&#34;_blank&#34; rel=&#34;noopener&#34;
    &gt;qbittorrent&lt;/a&gt; 是一款&lt;strong&gt;开源的&lt;/strong&gt;网络资源下载工具，可支持的类型包括 HTTP、BT 等&lt;/p&gt;
&lt;p&gt;我在本机上使用的 &lt;strong&gt;qbittorrent&lt;/strong&gt; 版本为 &lt;strong&gt;qbittorrent-nox&lt;/strong&gt;&lt;/p&gt;
&lt;p&gt;因为其安装&lt;strong&gt;非常简单&lt;/strong&gt;，保活也&lt;strong&gt;非常简单&lt;/strong&gt;，并且&lt;strong&gt;使用 Web 界面&lt;/strong&gt;作为访问面板，很符合这种没有 Display 的机器&lt;/p&gt;
&lt;p&gt;安装有多简单呢？一条命令搞定！（Debian系列）&lt;/p&gt;
&lt;div class=&#34;highlight&#34;&gt;&lt;div class=&#34;chroma&#34;&gt;
&lt;table class=&#34;lntable&#34;&gt;&lt;tr&gt;&lt;td class=&#34;lntd&#34;&gt;
&lt;pre tabindex=&#34;0&#34; class=&#34;chroma&#34;&gt;&lt;code&gt;&lt;span class=&#34;lnt&#34;&gt;1
&lt;/span&gt;&lt;/code&gt;&lt;/pre&gt;&lt;/td&gt;
&lt;td class=&#34;lntd&#34;&gt;
&lt;pre tabindex=&#34;0&#34; class=&#34;chroma&#34;&gt;&lt;code class=&#34;language-bash&#34; data-lang=&#34;bash&#34;&gt;&lt;span class=&#34;line&#34;&gt;&lt;span class=&#34;cl&#34;&gt;apt install qbittorrent-nox
&lt;/span&gt;&lt;/span&gt;&lt;/code&gt;&lt;/pre&gt;&lt;/td&gt;&lt;/tr&gt;&lt;/table&gt;
&lt;/div&gt;
&lt;/div&gt;&lt;p&gt;保活有多简单呢？也是一条命令搞定！&lt;/p&gt;
&lt;div class=&#34;highlight&#34;&gt;&lt;div class=&#34;chroma&#34;&gt;
&lt;table class=&#34;lntable&#34;&gt;&lt;tr&gt;&lt;td class=&#34;lntd&#34;&gt;
&lt;pre tabindex=&#34;0&#34; class=&#34;chroma&#34;&gt;&lt;code&gt;&lt;span class=&#34;lnt&#34;&gt;1
&lt;/span&gt;&lt;/code&gt;&lt;/pre&gt;&lt;/td&gt;
&lt;td class=&#34;lntd&#34;&gt;
&lt;pre tabindex=&#34;0&#34; class=&#34;chroma&#34;&gt;&lt;code class=&#34;language-bash&#34; data-lang=&#34;bash&#34;&gt;&lt;span class=&#34;line&#34;&gt;&lt;span class=&#34;cl&#34;&gt;qbittorrent-nox -d
&lt;/span&gt;&lt;/span&gt;&lt;/code&gt;&lt;/pre&gt;&lt;/td&gt;&lt;/tr&gt;&lt;/table&gt;
&lt;/div&gt;
&lt;/div&gt;&lt;p&gt;随后，就可以在 &lt;code&gt;http://IP:8080&lt;/code&gt; 访问了！&lt;/p&gt;
&lt;p&gt;&lt;code&gt;Tips: 请不要在上面的 URL 后加上 &#39;/&#39;，否则会提示 Unauthorized（奇怪的 Bugs 增加了&lt;/code&gt;&lt;/p&gt;
&lt;p&gt;默认的帐号密码均为 &lt;code&gt;admin&lt;/code&gt;，请根据需要修改&lt;/p&gt;
&lt;p&gt;用户界面比较简单，仔细研究五分钟就能使用（其实和客户端版 qbittorrent 有啥区别啊
&lt;img src=&#34;https://blog.highp.ing/p/homecloud/Screenshot_20231204-212012.png&#34;
	width=&#34;2560&#34;
	height=&#34;1600&#34;
	srcset=&#34;https://blog.highp.ing/p/homecloud/Screenshot_20231204-212012_huedb874900a00616c542797c1cb6eb2ed_280398_480x0_resize_box_3.png 480w, https://blog.highp.ing/p/homecloud/Screenshot_20231204-212012_huedb874900a00616c542797c1cb6eb2ed_280398_1024x0_resize_box_3.png 1024w&#34;
	loading=&#34;lazy&#34;
	
		alt=&#34;qbittorrent&#34;
	
	
		class=&#34;gallery-image&#34; 
		data-flex-grow=&#34;160&#34;
		data-flex-basis=&#34;384px&#34;
	
&gt;&lt;/p&gt;
&lt;h3 id=&#34;小结-1&#34;&gt;小结&lt;/h3&gt;
&lt;p&gt;其实有关于 J3455 的介绍没多少，主要运行的都是需要&lt;strong&gt;大存储&lt;/strong&gt;的服务&lt;/p&gt;
&lt;p&gt;可以看成一个&lt;strong&gt;小型的轻量NAS&lt;/strong&gt;，考虑在后期增加更多硬盘&lt;/p&gt;
&lt;h2 id=&#34;总结&#34;&gt;总结&lt;/h2&gt;
&lt;p&gt;好了，一个个都介绍完了，得益于 R4s&amp;amp;J3455 的存在，使我家里的各种服务都发挥出了很好的作用&lt;/p&gt;
&lt;p&gt;也在这里点一下对于 HomeCloud 的&lt;strong&gt;平民版&lt;/strong&gt;选购指南：&lt;/p&gt;
&lt;ul&gt;
&lt;li&gt;Arm 架构首选&lt;strong&gt;友善的 Nano Pi 系列&lt;/strong&gt;，全系列的价格都很&lt;strong&gt;亲民&lt;/strong&gt;，而且&lt;strong&gt;性能较好&lt;/strong&gt;（也可以考虑二手）&lt;/li&gt;
&lt;li&gt;x86 架构首选 N100 这类&lt;strong&gt;小型主机&lt;/strong&gt;，TDP 越小越好&lt;/li&gt;
&lt;li&gt;存储方面，如非 BT/流媒体 等方面需求，普通 HomeCloud 1T 完全足够&lt;/li&gt;
&lt;li&gt;接上一条，硬盘无需太高的级别，普通 500G/1T SATA HDD 已经顶天了&lt;/li&gt;
&lt;/ul&gt;
</description>
        </item>
        <item>
        <title>Navidrome 家庭音乐云 | 从入门到入土</title>
        <link>https://blog.highp.ing/p/navidrome/</link>
        <pubDate>Sat, 25 Nov 2023 00:00:00 +0000</pubDate>
        
        <guid>https://blog.highp.ing/p/navidrome/</guid>
        <description>&lt;img src="https://blog.highp.ing/p/navidrome/42e63ef0-8e1e-44e3-a7d2-4eafda8ba256_18c0978d2ac.png" alt="Featured image of post Navidrome 家庭音乐云 | 从入门到入土" /&gt;&lt;h1 id=&#34;navidrome-家庭音乐云--从入门到入土&#34;&gt;Navidrome 家庭音乐云 | 从入门到入土&lt;/h1&gt;
&lt;h2 id=&#34;前言&#34;&gt;前言&lt;/h2&gt;
&lt;p&gt;本文由 &lt;code&gt;High Ping Network&lt;/code&gt; 的小伙伴 GenshinMinecraft 进行编撰，首发于 &lt;a class=&#34;link&#34; href=&#34;https://blog.highp.ing&#34;  target=&#34;_blank&#34; rel=&#34;noopener&#34;
    &gt;本博客&lt;/a&gt;&lt;/p&gt;
&lt;p&gt;&lt;strong&gt;注：本文为 Ubuntu 22.04 系统环境，Debian 系列可照抄&lt;/strong&gt;&lt;/p&gt;
&lt;p&gt;&lt;strong&gt;Navidrome&lt;/strong&gt;是一个自托管(Self-Hosted)、低占用、兼容&lt;strong&gt;Subsonic&lt;/strong&gt;的开源音乐流媒体服务，常被用于家庭云、NAS等内网服务器上。&lt;/p&gt;
&lt;h3 id=&#34;与其他自建流媒体服务的比较&#34;&gt;与其他自建流媒体服务的比较：&lt;/h3&gt;
&lt;ul&gt;
&lt;li&gt;Plex: 开源，没话说&lt;/li&gt;
&lt;li&gt;Emby: 开源，没话说&lt;/li&gt;
&lt;li&gt;Jellyfin: &lt;code&gt;Jellyfin&lt;/code&gt; 一般来说是影视服务器，而且&lt;strong&gt;占用很高&lt;/strong&gt;，不适合运用在单纯音乐云的环境下&lt;/li&gt;
&lt;li&gt;Subsonic: 这么古老的东西你还在用？&lt;/li&gt;
&lt;li&gt;Airsonic: 开源版Subsonic，长得差不多，也挺古老&lt;/li&gt;
&lt;/ul&gt;
&lt;h3 id=&#34;先来看看所需要的东西&#34;&gt;先来看看所需要的东西：&lt;/h3&gt;
&lt;ul&gt;
&lt;li&gt;脑子&lt;/li&gt;
&lt;li&gt;机器一台（需要拥有足够的硬盘，如无硬盘可用Alist挂载网盘等代替，详见&lt;a class=&#34;link&#34; href=&#34;https://c1oudf1are.link/p/alist/&#34;  target=&#34;_blank&#34; rel=&#34;noopener&#34;
    &gt;这里&lt;/a&gt;和&lt;a class=&#34;link&#34; href=&#34;https://c1oudf1are.link/p/rclone-fuse/&#34;  target=&#34;_blank&#34; rel=&#34;noopener&#34;
    &gt;那里&lt;/a&gt;&lt;/li&gt;
&lt;li&gt;一个音乐平台账号（本文用 Netease 网易云音乐 CVIP 做演示）&lt;/li&gt;
&lt;li&gt;会使用 音乐 Metadata 编辑器（之所以用网易云因为自带 Metadata，不用自己找了）&lt;/li&gt;
&lt;/ul&gt;
&lt;p&gt;&lt;em&gt;请注意：最重要的还是硬盘，一般来说一首&lt;strong&gt;无损flac&lt;/strong&gt;轻轻松松&lt;strong&gt;150M&lt;/strong&gt;以上，所以对于一般人歌单300首歌曲来说，一个50G的空间还是要有的&lt;/em&gt;&lt;/p&gt;
&lt;h2 id=&#34;安装navidrome&#34;&gt;安装Navidrome&lt;/h2&gt;
&lt;p&gt;&lt;strong&gt;请使用root用户执行下列的命令!&lt;/strong&gt;&lt;/p&gt;
&lt;p&gt;顺序执行下列命令：&lt;/p&gt;
&lt;div class=&#34;highlight&#34;&gt;&lt;div class=&#34;chroma&#34;&gt;
&lt;table class=&#34;lntable&#34;&gt;&lt;tr&gt;&lt;td class=&#34;lntd&#34;&gt;
&lt;pre tabindex=&#34;0&#34; class=&#34;chroma&#34;&gt;&lt;code&gt;&lt;span class=&#34;lnt&#34;&gt; 1
&lt;/span&gt;&lt;span class=&#34;lnt&#34;&gt; 2
&lt;/span&gt;&lt;span class=&#34;lnt&#34;&gt; 3
&lt;/span&gt;&lt;span class=&#34;lnt&#34;&gt; 4
&lt;/span&gt;&lt;span class=&#34;lnt&#34;&gt; 5
&lt;/span&gt;&lt;span class=&#34;lnt&#34;&gt; 6
&lt;/span&gt;&lt;span class=&#34;lnt&#34;&gt; 7
&lt;/span&gt;&lt;span class=&#34;lnt&#34;&gt; 8
&lt;/span&gt;&lt;span class=&#34;lnt&#34;&gt; 9
&lt;/span&gt;&lt;span class=&#34;lnt&#34;&gt;10
&lt;/span&gt;&lt;/code&gt;&lt;/pre&gt;&lt;/td&gt;
&lt;td class=&#34;lntd&#34;&gt;
&lt;pre tabindex=&#34;0&#34; class=&#34;chroma&#34;&gt;&lt;code class=&#34;language-bash&#34; data-lang=&#34;bash&#34;&gt;&lt;span class=&#34;line&#34;&gt;&lt;span class=&#34;cl&#34;&gt;apt install ffmpeg
&lt;/span&gt;&lt;/span&gt;&lt;span class=&#34;line&#34;&gt;&lt;span class=&#34;cl&#34;&gt;
&lt;/span&gt;&lt;/span&gt;&lt;span class=&#34;line&#34;&gt;&lt;span class=&#34;cl&#34;&gt;sudo install -d -o &lt;span class=&#34;sb&#34;&gt;`&lt;/span&gt;whoami&lt;span class=&#34;sb&#34;&gt;`&lt;/span&gt; -g &lt;span class=&#34;sb&#34;&gt;`&lt;/span&gt;whoami&lt;span class=&#34;sb&#34;&gt;`&lt;/span&gt; /opt/navidrome
&lt;/span&gt;&lt;/span&gt;&lt;span class=&#34;line&#34;&gt;&lt;span class=&#34;cl&#34;&gt;sudo install -d -o &lt;span class=&#34;sb&#34;&gt;`&lt;/span&gt;whoami&lt;span class=&#34;sb&#34;&gt;`&lt;/span&gt; -g &lt;span class=&#34;sb&#34;&gt;`&lt;/span&gt;whoami&lt;span class=&#34;sb&#34;&gt;`&lt;/span&gt; /var/lib/navidrome
&lt;/span&gt;&lt;/span&gt;&lt;span class=&#34;line&#34;&gt;&lt;span class=&#34;cl&#34;&gt;
&lt;/span&gt;&lt;/span&gt;&lt;span class=&#34;line&#34;&gt;&lt;span class=&#34;cl&#34;&gt;&lt;span class=&#34;c1&#34;&gt;# 请自行从 https://github.com/navidrome/navidrome/releases 获取最新的版本以及你机器所对应的架构，替换下面的下载链接&lt;/span&gt;
&lt;/span&gt;&lt;/span&gt;&lt;span class=&#34;line&#34;&gt;&lt;span class=&#34;cl&#34;&gt;sudo wget https://github.com/navidrome/navidrome/releases/download/v0.50.1/navidrome_0.50.1_linux_amd64.tar.gz -O Navidrome.tar.gz
&lt;/span&gt;&lt;/span&gt;&lt;span class=&#34;line&#34;&gt;&lt;span class=&#34;cl&#34;&gt;bash
&lt;/span&gt;&lt;/span&gt;&lt;span class=&#34;line&#34;&gt;&lt;span class=&#34;cl&#34;&gt;sudo tar -xvzf Navidrome.tar.gz -C /opt/navidrome/
&lt;/span&gt;&lt;/span&gt;&lt;span class=&#34;line&#34;&gt;&lt;span class=&#34;cl&#34;&gt;sudo chown -R &lt;span class=&#34;sb&#34;&gt;`&lt;/span&gt;whoami&lt;span class=&#34;sb&#34;&gt;`&lt;/span&gt;:&lt;span class=&#34;sb&#34;&gt;`&lt;/span&gt;whoami&lt;span class=&#34;sb&#34;&gt;`&lt;/span&gt; /opt/navidrome
&lt;/span&gt;&lt;/span&gt;&lt;/code&gt;&lt;/pre&gt;&lt;/td&gt;&lt;/tr&gt;&lt;/table&gt;
&lt;/div&gt;
&lt;/div&gt;&lt;p&gt;然后用你喜欢的编辑器打开(没有就新建) &lt;code&gt;/var/lib/navidrome/navidrome.toml&lt;/code&gt;&lt;/p&gt;
&lt;div class=&#34;highlight&#34;&gt;&lt;div class=&#34;chroma&#34;&gt;
&lt;table class=&#34;lntable&#34;&gt;&lt;tr&gt;&lt;td class=&#34;lntd&#34;&gt;
&lt;pre tabindex=&#34;0&#34; class=&#34;chroma&#34;&gt;&lt;code&gt;&lt;span class=&#34;lnt&#34;&gt;1
&lt;/span&gt;&lt;span class=&#34;lnt&#34;&gt;2
&lt;/span&gt;&lt;/code&gt;&lt;/pre&gt;&lt;/td&gt;
&lt;td class=&#34;lntd&#34;&gt;
&lt;pre tabindex=&#34;0&#34; class=&#34;chroma&#34;&gt;&lt;code class=&#34;language-fallback&#34; data-lang=&#34;fallback&#34;&gt;&lt;span class=&#34;line&#34;&gt;&lt;span class=&#34;cl&#34;&gt;MusicFolder = &amp;#34;/music&amp;#34;
&lt;/span&gt;&lt;/span&gt;&lt;span class=&#34;line&#34;&gt;&lt;span class=&#34;cl&#34;&gt;Port = 4533
&lt;/span&gt;&lt;/span&gt;&lt;/code&gt;&lt;/pre&gt;&lt;/td&gt;&lt;/tr&gt;&lt;/table&gt;
&lt;/div&gt;
&lt;/div&gt;&lt;p&gt;请自行修改 音乐目录 和 端口号，一般的，Navidrome 的端口号默认为&lt;code&gt;4533&lt;/code&gt;&lt;/p&gt;
&lt;p&gt;然后，再用你喜欢的编辑器打开(没有就新建) &lt;code&gt;/etc/systemd/system/navidrome.service&lt;/code&gt;&lt;/p&gt;
&lt;div class=&#34;highlight&#34;&gt;&lt;div class=&#34;chroma&#34;&gt;
&lt;table class=&#34;lntable&#34;&gt;&lt;tr&gt;&lt;td class=&#34;lntd&#34;&gt;
&lt;pre tabindex=&#34;0&#34; class=&#34;chroma&#34;&gt;&lt;code&gt;&lt;span class=&#34;lnt&#34;&gt; 1
&lt;/span&gt;&lt;span class=&#34;lnt&#34;&gt; 2
&lt;/span&gt;&lt;span class=&#34;lnt&#34;&gt; 3
&lt;/span&gt;&lt;span class=&#34;lnt&#34;&gt; 4
&lt;/span&gt;&lt;span class=&#34;lnt&#34;&gt; 5
&lt;/span&gt;&lt;span class=&#34;lnt&#34;&gt; 6
&lt;/span&gt;&lt;span class=&#34;lnt&#34;&gt; 7
&lt;/span&gt;&lt;span class=&#34;lnt&#34;&gt; 8
&lt;/span&gt;&lt;span class=&#34;lnt&#34;&gt; 9
&lt;/span&gt;&lt;span class=&#34;lnt&#34;&gt;10
&lt;/span&gt;&lt;span class=&#34;lnt&#34;&gt;11
&lt;/span&gt;&lt;span class=&#34;lnt&#34;&gt;12
&lt;/span&gt;&lt;span class=&#34;lnt&#34;&gt;13
&lt;/span&gt;&lt;span class=&#34;lnt&#34;&gt;14
&lt;/span&gt;&lt;span class=&#34;lnt&#34;&gt;15
&lt;/span&gt;&lt;span class=&#34;lnt&#34;&gt;16
&lt;/span&gt;&lt;span class=&#34;lnt&#34;&gt;17
&lt;/span&gt;&lt;span class=&#34;lnt&#34;&gt;18
&lt;/span&gt;&lt;span class=&#34;lnt&#34;&gt;19
&lt;/span&gt;&lt;span class=&#34;lnt&#34;&gt;20
&lt;/span&gt;&lt;span class=&#34;lnt&#34;&gt;21
&lt;/span&gt;&lt;span class=&#34;lnt&#34;&gt;22
&lt;/span&gt;&lt;span class=&#34;lnt&#34;&gt;23
&lt;/span&gt;&lt;span class=&#34;lnt&#34;&gt;24
&lt;/span&gt;&lt;span class=&#34;lnt&#34;&gt;25
&lt;/span&gt;&lt;span class=&#34;lnt&#34;&gt;26
&lt;/span&gt;&lt;span class=&#34;lnt&#34;&gt;27
&lt;/span&gt;&lt;span class=&#34;lnt&#34;&gt;28
&lt;/span&gt;&lt;span class=&#34;lnt&#34;&gt;29
&lt;/span&gt;&lt;span class=&#34;lnt&#34;&gt;30
&lt;/span&gt;&lt;span class=&#34;lnt&#34;&gt;31
&lt;/span&gt;&lt;/code&gt;&lt;/pre&gt;&lt;/td&gt;
&lt;td class=&#34;lntd&#34;&gt;
&lt;pre tabindex=&#34;0&#34; class=&#34;chroma&#34;&gt;&lt;code class=&#34;language-systemd&#34; data-lang=&#34;systemd&#34;&gt;&lt;span class=&#34;line&#34;&gt;&lt;span class=&#34;cl&#34;&gt;&lt;span class=&#34;k&#34;&gt;[Unit]&lt;/span&gt;
&lt;/span&gt;&lt;/span&gt;&lt;span class=&#34;line&#34;&gt;&lt;span class=&#34;cl&#34;&gt;&lt;span class=&#34;na&#34;&gt;Description&lt;/span&gt;&lt;span class=&#34;o&#34;&gt;=&lt;/span&gt;&lt;span class=&#34;s&#34;&gt;Navidrome Music Server and Streamer compatible with Subsonic/Airsonic&lt;/span&gt;
&lt;/span&gt;&lt;/span&gt;&lt;span class=&#34;line&#34;&gt;&lt;span class=&#34;cl&#34;&gt;&lt;span class=&#34;na&#34;&gt;After&lt;/span&gt;&lt;span class=&#34;o&#34;&gt;=&lt;/span&gt;&lt;span class=&#34;s&#34;&gt;remote-fs.target network.target&lt;/span&gt;
&lt;/span&gt;&lt;/span&gt;&lt;span class=&#34;line&#34;&gt;&lt;span class=&#34;cl&#34;&gt;&lt;span class=&#34;na&#34;&gt;AssertPathExists&lt;/span&gt;&lt;span class=&#34;o&#34;&gt;=&lt;/span&gt;&lt;span class=&#34;s&#34;&gt;/var/lib/navidrome&lt;/span&gt;
&lt;/span&gt;&lt;/span&gt;&lt;span class=&#34;line&#34;&gt;&lt;span class=&#34;cl&#34;&gt;
&lt;/span&gt;&lt;/span&gt;&lt;span class=&#34;line&#34;&gt;&lt;span class=&#34;cl&#34;&gt;&lt;span class=&#34;k&#34;&gt;[Install]&lt;/span&gt;
&lt;/span&gt;&lt;/span&gt;&lt;span class=&#34;line&#34;&gt;&lt;span class=&#34;cl&#34;&gt;&lt;span class=&#34;na&#34;&gt;WantedBy&lt;/span&gt;&lt;span class=&#34;o&#34;&gt;=&lt;/span&gt;&lt;span class=&#34;s&#34;&gt;multi-user.target&lt;/span&gt;
&lt;/span&gt;&lt;/span&gt;&lt;span class=&#34;line&#34;&gt;&lt;span class=&#34;cl&#34;&gt;
&lt;/span&gt;&lt;/span&gt;&lt;span class=&#34;line&#34;&gt;&lt;span class=&#34;cl&#34;&gt;&lt;span class=&#34;k&#34;&gt;[Service]&lt;/span&gt;
&lt;/span&gt;&lt;/span&gt;&lt;span class=&#34;line&#34;&gt;&lt;span class=&#34;cl&#34;&gt;&lt;span class=&#34;na&#34;&gt;User&lt;/span&gt;&lt;span class=&#34;o&#34;&gt;=&lt;/span&gt;&lt;span class=&#34;s&#34;&gt;root&lt;/span&gt;
&lt;/span&gt;&lt;/span&gt;&lt;span class=&#34;line&#34;&gt;&lt;span class=&#34;cl&#34;&gt;&lt;span class=&#34;na&#34;&gt;Group&lt;/span&gt;&lt;span class=&#34;o&#34;&gt;=&lt;/span&gt;&lt;span class=&#34;s&#34;&gt;root&lt;/span&gt;
&lt;/span&gt;&lt;/span&gt;&lt;span class=&#34;line&#34;&gt;&lt;span class=&#34;cl&#34;&gt;&lt;span class=&#34;na&#34;&gt;Type&lt;/span&gt;&lt;span class=&#34;o&#34;&gt;=&lt;/span&gt;&lt;span class=&#34;s&#34;&gt;simple&lt;/span&gt;
&lt;/span&gt;&lt;/span&gt;&lt;span class=&#34;line&#34;&gt;&lt;span class=&#34;cl&#34;&gt;&lt;span class=&#34;na&#34;&gt;ExecStart&lt;/span&gt;&lt;span class=&#34;o&#34;&gt;=&lt;/span&gt;&lt;span class=&#34;s&#34;&gt;/opt/navidrome/navidrome --configfile &amp;#34;/var/lib/navidrome/navidrome.toml&amp;#34;&lt;/span&gt;
&lt;/span&gt;&lt;/span&gt;&lt;span class=&#34;line&#34;&gt;&lt;span class=&#34;cl&#34;&gt;&lt;span class=&#34;na&#34;&gt;WorkingDirectory&lt;/span&gt;&lt;span class=&#34;o&#34;&gt;=&lt;/span&gt;&lt;span class=&#34;s&#34;&gt;/var/lib/navidrome&lt;/span&gt;
&lt;/span&gt;&lt;/span&gt;&lt;span class=&#34;line&#34;&gt;&lt;span class=&#34;cl&#34;&gt;&lt;span class=&#34;na&#34;&gt;TimeoutStopSec&lt;/span&gt;&lt;span class=&#34;o&#34;&gt;=&lt;/span&gt;&lt;span class=&#34;s&#34;&gt;20&lt;/span&gt;
&lt;/span&gt;&lt;/span&gt;&lt;span class=&#34;line&#34;&gt;&lt;span class=&#34;cl&#34;&gt;&lt;span class=&#34;na&#34;&gt;KillMode&lt;/span&gt;&lt;span class=&#34;o&#34;&gt;=&lt;/span&gt;&lt;span class=&#34;s&#34;&gt;process&lt;/span&gt;
&lt;/span&gt;&lt;/span&gt;&lt;span class=&#34;line&#34;&gt;&lt;span class=&#34;cl&#34;&gt;&lt;span class=&#34;na&#34;&gt;Restart&lt;/span&gt;&lt;span class=&#34;o&#34;&gt;=&lt;/span&gt;&lt;span class=&#34;s&#34;&gt;on-failure&lt;/span&gt;
&lt;/span&gt;&lt;/span&gt;&lt;span class=&#34;line&#34;&gt;&lt;span class=&#34;cl&#34;&gt;
&lt;/span&gt;&lt;/span&gt;&lt;span class=&#34;line&#34;&gt;&lt;span class=&#34;cl&#34;&gt;&lt;span class=&#34;na&#34;&gt;DevicePolicy&lt;/span&gt;&lt;span class=&#34;o&#34;&gt;=&lt;/span&gt;&lt;span class=&#34;s&#34;&gt;closed&lt;/span&gt;
&lt;/span&gt;&lt;/span&gt;&lt;span class=&#34;line&#34;&gt;&lt;span class=&#34;cl&#34;&gt;&lt;span class=&#34;na&#34;&gt;NoNewPrivileges&lt;/span&gt;&lt;span class=&#34;o&#34;&gt;=&lt;/span&gt;&lt;span class=&#34;s&#34;&gt;yes&lt;/span&gt;
&lt;/span&gt;&lt;/span&gt;&lt;span class=&#34;line&#34;&gt;&lt;span class=&#34;cl&#34;&gt;&lt;span class=&#34;na&#34;&gt;PrivateTmp&lt;/span&gt;&lt;span class=&#34;o&#34;&gt;=&lt;/span&gt;&lt;span class=&#34;s&#34;&gt;yes&lt;/span&gt;
&lt;/span&gt;&lt;/span&gt;&lt;span class=&#34;line&#34;&gt;&lt;span class=&#34;cl&#34;&gt;&lt;span class=&#34;na&#34;&gt;PrivateUsers&lt;/span&gt;&lt;span class=&#34;o&#34;&gt;=&lt;/span&gt;&lt;span class=&#34;s&#34;&gt;yes&lt;/span&gt;
&lt;/span&gt;&lt;/span&gt;&lt;span class=&#34;line&#34;&gt;&lt;span class=&#34;cl&#34;&gt;&lt;span class=&#34;na&#34;&gt;ProtectControlGroups&lt;/span&gt;&lt;span class=&#34;o&#34;&gt;=&lt;/span&gt;&lt;span class=&#34;s&#34;&gt;yes&lt;/span&gt;
&lt;/span&gt;&lt;/span&gt;&lt;span class=&#34;line&#34;&gt;&lt;span class=&#34;cl&#34;&gt;&lt;span class=&#34;na&#34;&gt;ProtectKernelModules&lt;/span&gt;&lt;span class=&#34;o&#34;&gt;=&lt;/span&gt;&lt;span class=&#34;s&#34;&gt;yes&lt;/span&gt;
&lt;/span&gt;&lt;/span&gt;&lt;span class=&#34;line&#34;&gt;&lt;span class=&#34;cl&#34;&gt;&lt;span class=&#34;na&#34;&gt;ProtectKernelTunables&lt;/span&gt;&lt;span class=&#34;o&#34;&gt;=&lt;/span&gt;&lt;span class=&#34;s&#34;&gt;yes&lt;/span&gt;
&lt;/span&gt;&lt;/span&gt;&lt;span class=&#34;line&#34;&gt;&lt;span class=&#34;cl&#34;&gt;&lt;span class=&#34;na&#34;&gt;RestrictAddressFamilies&lt;/span&gt;&lt;span class=&#34;o&#34;&gt;=&lt;/span&gt;&lt;span class=&#34;s&#34;&gt;AF_UNIX AF_INET AF_INET6&lt;/span&gt;
&lt;/span&gt;&lt;/span&gt;&lt;span class=&#34;line&#34;&gt;&lt;span class=&#34;cl&#34;&gt;&lt;span class=&#34;na&#34;&gt;RestrictNamespaces&lt;/span&gt;&lt;span class=&#34;o&#34;&gt;=&lt;/span&gt;&lt;span class=&#34;s&#34;&gt;yes&lt;/span&gt;
&lt;/span&gt;&lt;/span&gt;&lt;span class=&#34;line&#34;&gt;&lt;span class=&#34;cl&#34;&gt;&lt;span class=&#34;na&#34;&gt;RestrictRealtime&lt;/span&gt;&lt;span class=&#34;o&#34;&gt;=&lt;/span&gt;&lt;span class=&#34;s&#34;&gt;yes&lt;/span&gt;
&lt;/span&gt;&lt;/span&gt;&lt;span class=&#34;line&#34;&gt;&lt;span class=&#34;cl&#34;&gt;&lt;span class=&#34;na&#34;&gt;SystemCallFilter&lt;/span&gt;&lt;span class=&#34;o&#34;&gt;=&lt;/span&gt;&lt;span class=&#34;s&#34;&gt;~@clock @debug @module @mount @obsolete @reboot @setuid @swap&lt;/span&gt;
&lt;/span&gt;&lt;/span&gt;&lt;span class=&#34;line&#34;&gt;&lt;span class=&#34;cl&#34;&gt;&lt;span class=&#34;na&#34;&gt;ReadWritePaths&lt;/span&gt;&lt;span class=&#34;o&#34;&gt;=&lt;/span&gt;&lt;span class=&#34;s&#34;&gt;/var/lib/navidrome&lt;/span&gt;
&lt;/span&gt;&lt;/span&gt;&lt;span class=&#34;line&#34;&gt;&lt;span class=&#34;cl&#34;&gt;&lt;span class=&#34;na&#34;&gt;ProtectSystem&lt;/span&gt;&lt;span class=&#34;o&#34;&gt;=&lt;/span&gt;&lt;span class=&#34;s&#34;&gt;full&lt;/span&gt;
&lt;/span&gt;&lt;/span&gt;&lt;/code&gt;&lt;/pre&gt;&lt;/td&gt;&lt;/tr&gt;&lt;/table&gt;
&lt;/div&gt;
&lt;/div&gt;&lt;p&gt;或直接使用下列命令来快速完成配置:&lt;/p&gt;
&lt;div class=&#34;highlight&#34;&gt;&lt;div class=&#34;chroma&#34;&gt;
&lt;table class=&#34;lntable&#34;&gt;&lt;tr&gt;&lt;td class=&#34;lntd&#34;&gt;
&lt;pre tabindex=&#34;0&#34; class=&#34;chroma&#34;&gt;&lt;code&gt;&lt;span class=&#34;lnt&#34;&gt;1
&lt;/span&gt;&lt;/code&gt;&lt;/pre&gt;&lt;/td&gt;
&lt;td class=&#34;lntd&#34;&gt;
&lt;pre tabindex=&#34;0&#34; class=&#34;chroma&#34;&gt;&lt;code class=&#34;language-bash&#34; data-lang=&#34;bash&#34;&gt;&lt;span class=&#34;line&#34;&gt;&lt;span class=&#34;cl&#34;&gt;wget -O /etc/systemd/system/navidrome.service https://c1oudf1are.link/navidrome/navidrome.service
&lt;/span&gt;&lt;/span&gt;&lt;/code&gt;&lt;/pre&gt;&lt;/td&gt;&lt;/tr&gt;&lt;/table&gt;
&lt;/div&gt;
&lt;/div&gt;&lt;p&gt;随后，即可使用&lt;code&gt;systemctl&lt;/code&gt;来管理 &lt;code&gt;Navidrome&lt;/code&gt; 了！&lt;/p&gt;
&lt;div class=&#34;highlight&#34;&gt;&lt;div class=&#34;chroma&#34;&gt;
&lt;table class=&#34;lntable&#34;&gt;&lt;tr&gt;&lt;td class=&#34;lntd&#34;&gt;
&lt;pre tabindex=&#34;0&#34; class=&#34;chroma&#34;&gt;&lt;code&gt;&lt;span class=&#34;lnt&#34;&gt;1
&lt;/span&gt;&lt;span class=&#34;lnt&#34;&gt;2
&lt;/span&gt;&lt;span class=&#34;lnt&#34;&gt;3
&lt;/span&gt;&lt;span class=&#34;lnt&#34;&gt;4
&lt;/span&gt;&lt;span class=&#34;lnt&#34;&gt;5
&lt;/span&gt;&lt;span class=&#34;lnt&#34;&gt;6
&lt;/span&gt;&lt;span class=&#34;lnt&#34;&gt;7
&lt;/span&gt;&lt;/code&gt;&lt;/pre&gt;&lt;/td&gt;
&lt;td class=&#34;lntd&#34;&gt;
&lt;pre tabindex=&#34;0&#34; class=&#34;chroma&#34;&gt;&lt;code class=&#34;language-bash&#34; data-lang=&#34;bash&#34;&gt;&lt;span class=&#34;line&#34;&gt;&lt;span class=&#34;cl&#34;&gt;systemctl daemon-reload &lt;span class=&#34;c1&#34;&gt;#重载服务&lt;/span&gt;
&lt;/span&gt;&lt;/span&gt;&lt;span class=&#34;line&#34;&gt;&lt;span class=&#34;cl&#34;&gt;systemctl start navidrome.service &lt;span class=&#34;c1&#34;&gt;#启动服务&lt;/span&gt;
&lt;/span&gt;&lt;/span&gt;&lt;span class=&#34;line&#34;&gt;&lt;span class=&#34;cl&#34;&gt;systemctl stop navidrome.service &lt;span class=&#34;c1&#34;&gt;#关闭服务&lt;/span&gt;
&lt;/span&gt;&lt;/span&gt;&lt;span class=&#34;line&#34;&gt;&lt;span class=&#34;cl&#34;&gt;systemctl status navidrome.service &lt;span class=&#34;c1&#34;&gt;#查看日志&lt;/span&gt;
&lt;/span&gt;&lt;/span&gt;&lt;span class=&#34;line&#34;&gt;&lt;span class=&#34;cl&#34;&gt;
&lt;/span&gt;&lt;/span&gt;&lt;span class=&#34;line&#34;&gt;&lt;span class=&#34;cl&#34;&gt;systemctl &lt;span class=&#34;nb&#34;&gt;enable&lt;/span&gt; navidrome.service &lt;span class=&#34;c1&#34;&gt;#开启开机自启动&lt;/span&gt;
&lt;/span&gt;&lt;/span&gt;&lt;span class=&#34;line&#34;&gt;&lt;span class=&#34;cl&#34;&gt;systemctl disable navidrome.service &lt;span class=&#34;c1&#34;&gt;#关闭开机自启动&lt;/span&gt;
&lt;/span&gt;&lt;/span&gt;&lt;/code&gt;&lt;/pre&gt;&lt;/td&gt;&lt;/tr&gt;&lt;/table&gt;
&lt;/div&gt;
&lt;/div&gt;&lt;p&gt;随后，在浏览器内访问 http://IP:PORT 查看，请注意放行 本机防火墙与服务商面板防火墙 （如果有）&lt;/p&gt;
&lt;p&gt;然后整个账号就行了！&lt;/p&gt;
&lt;h2 id=&#34;获取音乐&#34;&gt;获取音乐&lt;/h2&gt;
&lt;p&gt;虽然但是，这应该是自建音乐服务都要做的，但是我还是顺便提一下网易云获取Metadata&lt;/p&gt;
&lt;p&gt;为什么要选择网易云呢，是因为网易云下载下来的 &lt;code&gt;NCM&lt;/code&gt; 文件包含Metadata，而QQ音乐等一众音乐平台的&lt;strong&gt;自有音乐格式&lt;/strong&gt;都是没有Metadata&lt;/p&gt;
&lt;h3 id=&#34;什么是metadata&#34;&gt;什么是Metadata：&lt;/h3&gt;
&lt;p&gt;Metadata，中文名元数据
一般来说，一个&lt;code&gt;音乐文件&lt;/code&gt;仅包含音乐就可以 正常播放
而 &lt;code&gt;Metadata&lt;/code&gt; 是包含在音乐文件内的 &lt;em&gt;&lt;strong&gt;歌曲详细数据&lt;/strong&gt;&lt;/em&gt;
包括但不限于：&lt;/p&gt;
&lt;ul&gt;
&lt;li&gt;歌曲名（非文件名）&lt;/li&gt;
&lt;li&gt;歌手&lt;/li&gt;
&lt;li&gt;专辑&lt;/li&gt;
&lt;li&gt;专辑图片&lt;/li&gt;
&lt;li&gt;歌曲图片&lt;/li&gt;
&lt;li&gt;歌词&lt;/li&gt;
&lt;li&gt;专辑序号&lt;/li&gt;
&lt;li&gt;年代（时间）
而 &lt;code&gt;Navidrome&lt;/code&gt; 会自动搜索歌曲的 &lt;code&gt;Metadata&lt;/code&gt; ，用于展示歌曲信息
如：&lt;img src=&#34;https://blog.highp.ing/p/navidrome/IMG_20231125_214837_038.jpg&#34;
	width=&#34;1171&#34;
	height=&#34;800&#34;
	srcset=&#34;https://blog.highp.ing/p/navidrome/IMG_20231125_214837_038_hu446e43c2ae592d3fbff80464c9382db0_122736_480x0_resize_q75_box.jpg 480w, https://blog.highp.ing/p/navidrome/IMG_20231125_214837_038_hu446e43c2ae592d3fbff80464c9382db0_122736_1024x0_resize_q75_box.jpg 1024w&#34;
	loading=&#34;lazy&#34;
	
		alt=&#34;IMG_20231125_214837_038.jpg&#34;
	
	
		class=&#34;gallery-image&#34; 
		data-flex-grow=&#34;146&#34;
		data-flex-basis=&#34;351px&#34;
	
&gt;
这些就是自动从 &lt;code&gt;Metadata&lt;/code&gt; 中检索出来的数据
而如果&lt;strong&gt;没有 &lt;code&gt;Metadata&lt;/code&gt;&lt;/strong&gt;，就会导致&lt;em&gt;&lt;strong&gt;不美观&lt;/strong&gt;&lt;/em&gt;，且&lt;em&gt;&lt;strong&gt;无法正确检索音乐信息，无法正确分类与排序歌曲&lt;/strong&gt;&lt;/em&gt;&lt;/li&gt;
&lt;/ul&gt;
&lt;h3 id=&#34;转换&#34;&gt;转换&lt;/h3&gt;
&lt;p&gt;在网易云客户端内下载所需要的音乐，会发现某些是 &lt;code&gt;NCM&lt;/code&gt; 后缀名的文件
我们这个时候就要找到一个 &lt;code&gt;NCM to MP3/FLAC&lt;/code&gt; 的工具&lt;/p&gt;
&lt;p&gt;经过我的测试，仅有来自 &lt;a class=&#34;link&#34; href=&#34;https://github.com/crmmc/&#34;  target=&#34;_blank&#34; rel=&#34;noopener&#34;
    &gt;crmmc&lt;/a&gt; 的&lt;a class=&#34;link&#34; href=&#34;https://github.com/crmmc/nqdumpgo.git&#34;  target=&#34;_blank&#34; rel=&#34;noopener&#34;
    &gt;这一项目&lt;/a&gt;可以正确完全地转换 &lt;code&gt;NCM&lt;/code&gt; 文件&lt;/p&gt;
&lt;p&gt;由于其 Release 的文件比较古早，所以本文采用自行编译的方法：&lt;/p&gt;
&lt;div class=&#34;highlight&#34;&gt;&lt;div class=&#34;chroma&#34;&gt;
&lt;table class=&#34;lntable&#34;&gt;&lt;tr&gt;&lt;td class=&#34;lntd&#34;&gt;
&lt;pre tabindex=&#34;0&#34; class=&#34;chroma&#34;&gt;&lt;code&gt;&lt;span class=&#34;lnt&#34;&gt;1
&lt;/span&gt;&lt;span class=&#34;lnt&#34;&gt;2
&lt;/span&gt;&lt;span class=&#34;lnt&#34;&gt;3
&lt;/span&gt;&lt;/code&gt;&lt;/pre&gt;&lt;/td&gt;
&lt;td class=&#34;lntd&#34;&gt;
&lt;pre tabindex=&#34;0&#34; class=&#34;chroma&#34;&gt;&lt;code class=&#34;language-bash&#34; data-lang=&#34;bash&#34;&gt;&lt;span class=&#34;line&#34;&gt;&lt;span class=&#34;cl&#34;&gt;apt install golang
&lt;/span&gt;&lt;/span&gt;&lt;span class=&#34;line&#34;&gt;&lt;span class=&#34;cl&#34;&gt;go get nqdumpgo
&lt;/span&gt;&lt;/span&gt;&lt;span class=&#34;line&#34;&gt;&lt;span class=&#34;cl&#34;&gt;go build -ldflags&lt;span class=&#34;o&#34;&gt;=&lt;/span&gt;&lt;span class=&#34;s2&#34;&gt;&amp;#34;-w -s&amp;#34;&lt;/span&gt;
&lt;/span&gt;&lt;/span&gt;&lt;/code&gt;&lt;/pre&gt;&lt;/td&gt;&lt;/tr&gt;&lt;/table&gt;
&lt;/div&gt;
&lt;/div&gt;&lt;p&gt;在Windows下为&lt;code&gt;nqdumpgo.exe&lt;/code&gt;
在Linux下为&lt;code&gt;nqdumpgo&lt;/code&gt;&lt;/p&gt;
&lt;p&gt;将在本地下载的音乐上传到与 &lt;code&gt;nqdumpgo&lt;/code&gt;同级的目录下&lt;/p&gt;
&lt;div class=&#34;highlight&#34;&gt;&lt;div class=&#34;chroma&#34;&gt;
&lt;table class=&#34;lntable&#34;&gt;&lt;tr&gt;&lt;td class=&#34;lntd&#34;&gt;
&lt;pre tabindex=&#34;0&#34; class=&#34;chroma&#34;&gt;&lt;code&gt;&lt;span class=&#34;lnt&#34;&gt;1
&lt;/span&gt;&lt;span class=&#34;lnt&#34;&gt;2
&lt;/span&gt;&lt;span class=&#34;lnt&#34;&gt;3
&lt;/span&gt;&lt;span class=&#34;lnt&#34;&gt;4
&lt;/span&gt;&lt;/code&gt;&lt;/pre&gt;&lt;/td&gt;
&lt;td class=&#34;lntd&#34;&gt;
&lt;pre tabindex=&#34;0&#34; class=&#34;chroma&#34;&gt;&lt;code class=&#34;language-fallback&#34; data-lang=&#34;fallback&#34;&gt;&lt;span class=&#34;line&#34;&gt;&lt;span class=&#34;cl&#34;&gt;.
&lt;/span&gt;&lt;/span&gt;&lt;span class=&#34;line&#34;&gt;&lt;span class=&#34;cl&#34;&gt;├── music
&lt;/span&gt;&lt;/span&gt;&lt;span class=&#34;line&#34;&gt;&lt;span class=&#34;cl&#34;&gt;│   └── xxx.ncm
&lt;/span&gt;&lt;/span&gt;&lt;span class=&#34;line&#34;&gt;&lt;span class=&#34;cl&#34;&gt;└── nqdumpgo
&lt;/span&gt;&lt;/span&gt;&lt;/code&gt;&lt;/pre&gt;&lt;/td&gt;&lt;/tr&gt;&lt;/table&gt;
&lt;/div&gt;
&lt;/div&gt;&lt;p&gt;然后输入&lt;/p&gt;
&lt;div class=&#34;highlight&#34;&gt;&lt;div class=&#34;chroma&#34;&gt;
&lt;table class=&#34;lntable&#34;&gt;&lt;tr&gt;&lt;td class=&#34;lntd&#34;&gt;
&lt;pre tabindex=&#34;0&#34; class=&#34;chroma&#34;&gt;&lt;code&gt;&lt;span class=&#34;lnt&#34;&gt;1
&lt;/span&gt;&lt;/code&gt;&lt;/pre&gt;&lt;/td&gt;
&lt;td class=&#34;lntd&#34;&gt;
&lt;pre tabindex=&#34;0&#34; class=&#34;chroma&#34;&gt;&lt;code class=&#34;language-fallback&#34; data-lang=&#34;fallback&#34;&gt;&lt;span class=&#34;line&#34;&gt;&lt;span class=&#34;cl&#34;&gt;./nqdumpgo ./music
&lt;/span&gt;&lt;/span&gt;&lt;/code&gt;&lt;/pre&gt;&lt;/td&gt;&lt;/tr&gt;&lt;/table&gt;
&lt;/div&gt;
&lt;/div&gt;&lt;p&gt;稍等一下，音乐便自动转换完成！
转换出来的音乐与 &lt;code&gt;NCM&lt;/code&gt; 文件同目录，可使用 &lt;code&gt;cd music/ &amp;amp;&amp;amp; rm -rf *.ncm *.NCM&lt;/code&gt; 来清理已经转换了的音乐文件&lt;/p&gt;
&lt;p&gt;然后再将其移动到原先在 &lt;code&gt;navidrome.toml&lt;/code&gt; 中设定的 &lt;code&gt;MusicFolder&lt;/code&gt; 目录下&lt;/p&gt;
&lt;p&gt;大功告成！&lt;/p&gt;
&lt;h2 id=&#34;初步设置-navidrome&#34;&gt;初步设置 Navidrome&lt;/h2&gt;
&lt;p&gt;通过 &lt;code&gt;systemctl start navidrome&lt;/code&gt; 打开 &lt;code&gt;Navidrome&lt;/code&gt; 后，在浏览器访问你所设置的 IP 与 Port，如出现&lt;code&gt;设置管理员&lt;/code&gt;界面即为成功
&lt;img src=&#34;https://blog.highp.ing/p/navidrome/images.png&#34;
	width=&#34;197&#34;
	height=&#34;256&#34;
	srcset=&#34;https://blog.highp.ing/p/navidrome/images_hu1a613b15de73ad4b575d4cac9ea158d8_5087_480x0_resize_box_3.png 480w, https://blog.highp.ing/p/navidrome/images_hu1a613b15de73ad4b575d4cac9ea158d8_5087_1024x0_resize_box_3.png 1024w&#34;
	loading=&#34;lazy&#34;
	
		alt=&#34;images.png&#34;
	
	
		class=&#34;gallery-image&#34; 
		data-flex-grow=&#34;76&#34;
		data-flex-basis=&#34;184px&#34;
	
&gt;&lt;/p&gt;
&lt;p&gt;在&lt;code&gt;右上角-个性化&lt;/code&gt;设置项中，可以调整自己喜欢的&lt;strong&gt;主题&lt;/strong&gt;与&lt;strong&gt;界面语言&lt;/strong&gt;等，&lt;strong&gt;还可以和其他流媒体音乐平台进行互通&lt;/strong&gt;，不过一般来说，比较不常使用
&lt;img src=&#34;https://blog.highp.ing/p/navidrome/Screenshot_20231126-094053.png&#34;
	width=&#34;2560&#34;
	height=&#34;1600&#34;
	srcset=&#34;https://blog.highp.ing/p/navidrome/Screenshot_20231126-094053_hu3b0f94e238f14d6fe2ec999f1ee62250_121961_480x0_resize_box_3.png 480w, https://blog.highp.ing/p/navidrome/Screenshot_20231126-094053_hu3b0f94e238f14d6fe2ec999f1ee62250_121961_1024x0_resize_box_3.png 1024w&#34;
	loading=&#34;lazy&#34;
	
		alt=&#34;Screenshot_20231126-094053.png&#34;
	
	
		class=&#34;gallery-image&#34; 
		data-flex-grow=&#34;160&#34;
		data-flex-basis=&#34;384px&#34;
	
&gt;&lt;/p&gt;
&lt;p&gt;&lt;code&gt;Navidrome&lt;/code&gt; 是一个多用户的系统，每个账号都有独自的&lt;strong&gt;喜欢列表&lt;/strong&gt;，&lt;strong&gt;歌单&lt;/strong&gt;等，我们可以在&lt;code&gt;用户&lt;/code&gt;设置项中&lt;em&gt;&lt;strong&gt;管理帐号&lt;/strong&gt;&lt;/em&gt;，包括但不限于：&lt;strong&gt;新增账号、管理帐号、修改密码&lt;/strong&gt;等
&lt;del&gt;其实好像在 Homecloud 没啥用（&lt;/del&gt;
&lt;img src=&#34;https://blog.highp.ing/p/navidrome/Screenshot_20231126-094441.png&#34;
	width=&#34;2560&#34;
	height=&#34;1600&#34;
	srcset=&#34;https://blog.highp.ing/p/navidrome/Screenshot_20231126-094441_hu286234365b7f1a6f3a899829cb640484_97479_480x0_resize_box_3.png 480w, https://blog.highp.ing/p/navidrome/Screenshot_20231126-094441_hu286234365b7f1a6f3a899829cb640484_97479_1024x0_resize_box_3.png 1024w&#34;
	loading=&#34;lazy&#34;
	
		alt=&#34;Screenshot_20231126-094441.png&#34;
	
	
		class=&#34;gallery-image&#34; 
		data-flex-grow=&#34;160&#34;
		data-flex-basis=&#34;384px&#34;
	
&gt;&lt;/p&gt;
&lt;p&gt;还有一个设置项叫做&lt;code&gt;转码&lt;/code&gt;，需要 &lt;code&gt;FFmpeg&lt;/code&gt; 的支持，一般来说不太会用到，可以&lt;em&gt;自行研究&lt;/em&gt;&lt;/p&gt;
&lt;h2 id=&#34;客户端&#34;&gt;客户端&lt;/h2&gt;
&lt;h3 id=&#34;选择&#34;&gt;选择&lt;/h3&gt;
&lt;p&gt;由于&lt;strong&gt;开源&lt;/strong&gt;和**兼容&lt;code&gt;Subsonic&lt;/code&gt;&lt;strong&gt;的特性，所以我们只要选择可以&lt;/strong&gt;连接到&lt;code&gt;Subsonic&lt;/code&gt;/&lt;code&gt;Airsonic&lt;/code&gt;**的客户端即可！&lt;/p&gt;
&lt;p&gt;在安卓平台下，我一般会选择&lt;/p&gt;
&lt;ul&gt;
&lt;li&gt;&lt;a class=&#34;link&#34; href=&#34;https://meta.appinn.net/t/topic/44401/&#34;  target=&#34;_blank&#34; rel=&#34;noopener&#34;
    &gt;音流&lt;/a&gt; 挺新的一个客户端，界面颜值还不错&lt;/li&gt;
&lt;li&gt;&lt;a class=&#34;link&#34; href=&#34;https://symfonium.app/&#34;  target=&#34;_blank&#34; rel=&#34;noopener&#34;
    &gt;Symfonium&lt;/a&gt; 个人目前在使用的，整体体验还算不错(需付费)&lt;/li&gt;
&lt;/ul&gt;
&lt;p&gt;Windows&lt;/p&gt;
&lt;ul&gt;
&lt;li&gt;&lt;a class=&#34;link&#34; href=&#34;https://github.com/jeffvli/sonixd&#34;  target=&#34;_blank&#34; rel=&#34;noopener&#34;
    &gt;sonixd&lt;/a&gt; Github上 开源的一个兼容 &lt;code&gt;Subsonic&lt;/code&gt; 播放器，颜值尚可，并且还在持续更新&lt;/li&gt;
&lt;li&gt;Web 界面 其实后台开一个浏览器听歌也不是不行（&lt;/li&gt;
&lt;/ul&gt;
&lt;p&gt;其他平台就自行翻找咯，可以到 Github 的这个 &lt;a class=&#34;link&#34; href=&#34;https://github.com/topics/subsonic-client&#34;  target=&#34;_blank&#34; rel=&#34;noopener&#34;
    &gt;Topic&lt;/a&gt; 看看！&lt;/p&gt;
&lt;h3 id=&#34;客户端连接到服务器&#34;&gt;客户端连接到服务器&lt;/h3&gt;
&lt;p&gt;这个每个客户端都不一样，不过大同小异
找到有 &lt;code&gt;Subsonic&lt;/code&gt;/&lt;code&gt;Airsonic&lt;/code&gt;/&lt;code&gt;Navidrome&lt;/code&gt; 等字样的按钮&lt;/p&gt;
&lt;p&gt;只需要提供以下的信息即可：&lt;/p&gt;
&lt;ul&gt;
&lt;li&gt;地址 (eg. http://192.168.11.127:4533/)&lt;/li&gt;
&lt;li&gt;账号&lt;/li&gt;
&lt;li&gt;密码
其他的就是补充或辅助说明，一般不需要填写&lt;/li&gt;
&lt;/ul&gt;
&lt;p&gt;然后就可以尽情享用这自建 &lt;code&gt;Navidrome&lt;/code&gt; 了！&lt;/p&gt;
&lt;pre&gt;&lt;code&gt;Shut on Android Symfonium
&lt;/code&gt;&lt;/pre&gt;
&lt;p&gt;&lt;img src=&#34;https://blog.highp.ing/p/navidrome/Screenshot_20231126-101054.png&#34;
	width=&#34;2560&#34;
	height=&#34;1600&#34;
	srcset=&#34;https://blog.highp.ing/p/navidrome/Screenshot_20231126-101054_huba5f1381fe97125c58c01dd20e27b923_1763018_480x0_resize_box_3.png 480w, https://blog.highp.ing/p/navidrome/Screenshot_20231126-101054_huba5f1381fe97125c58c01dd20e27b923_1763018_1024x0_resize_box_3.png 1024w&#34;
	loading=&#34;lazy&#34;
	
		alt=&#34;主界面&#34;
	
	
		class=&#34;gallery-image&#34; 
		data-flex-grow=&#34;160&#34;
		data-flex-basis=&#34;384px&#34;
	
&gt;
&lt;img src=&#34;https://blog.highp.ing/p/navidrome/Screenshot_20231126-101113.png&#34;
	width=&#34;2560&#34;
	height=&#34;1600&#34;
	srcset=&#34;https://blog.highp.ing/p/navidrome/Screenshot_20231126-101113_hu7ccbcfe764b21cff3c25936841d1a780_872905_480x0_resize_box_3.png 480w, https://blog.highp.ing/p/navidrome/Screenshot_20231126-101113_hu7ccbcfe764b21cff3c25936841d1a780_872905_1024x0_resize_box_3.png 1024w&#34;
	loading=&#34;lazy&#34;
	
		alt=&#34;播放界面&#34;
	
	
		class=&#34;gallery-image&#34; 
		data-flex-grow=&#34;160&#34;
		data-flex-basis=&#34;384px&#34;
	
&gt;
&lt;img src=&#34;https://blog.highp.ing/p/navidrome/Screenshot_20231126-101524.png&#34;
	width=&#34;2560&#34;
	height=&#34;1600&#34;
	srcset=&#34;https://blog.highp.ing/p/navidrome/Screenshot_20231126-101524_hu793bd4a6ba8b0685fc4cf13f8069512a_175440_480x0_resize_box_3.png 480w, https://blog.highp.ing/p/navidrome/Screenshot_20231126-101524_hu793bd4a6ba8b0685fc4cf13f8069512a_175440_1024x0_resize_box_3.png 1024w&#34;
	loading=&#34;lazy&#34;
	
		alt=&#34;歌词界面&#34;
	
	
		class=&#34;gallery-image&#34; 
		data-flex-grow=&#34;160&#34;
		data-flex-basis=&#34;384px&#34;
	
&gt;
&lt;img src=&#34;https://blog.highp.ing/p/navidrome/Screenshot_20231126-101135.png&#34;
	width=&#34;2560&#34;
	height=&#34;1600&#34;
	srcset=&#34;https://blog.highp.ing/p/navidrome/Screenshot_20231126-101135_huf7bb31e8039961409b0f98c94e7f46e3_945065_480x0_resize_box_3.png 480w, https://blog.highp.ing/p/navidrome/Screenshot_20231126-101135_huf7bb31e8039961409b0f98c94e7f46e3_945065_1024x0_resize_box_3.png 1024w&#34;
	loading=&#34;lazy&#34;
	
		alt=&#34;专辑界面&#34;
	
	
		class=&#34;gallery-image&#34; 
		data-flex-grow=&#34;160&#34;
		data-flex-basis=&#34;384px&#34;
	
&gt;
&lt;img src=&#34;https://blog.highp.ing/p/navidrome/Screenshot_20231126-101150.png&#34;
	width=&#34;2560&#34;
	height=&#34;1600&#34;
	srcset=&#34;https://blog.highp.ing/p/navidrome/Screenshot_20231126-101150_huf3edb77be737e56599f66fcffd4f5edd_396031_480x0_resize_box_3.png 480w, https://blog.highp.ing/p/navidrome/Screenshot_20231126-101150_huf3edb77be737e56599f66fcffd4f5edd_396031_1024x0_resize_box_3.png 1024w&#34;
	loading=&#34;lazy&#34;
	
		alt=&#34;搜索界面&#34;
	
	
		class=&#34;gallery-image&#34; 
		data-flex-grow=&#34;160&#34;
		data-flex-basis=&#34;384px&#34;
	
&gt;&lt;/p&gt;
</description>
        </item>
        
    </channel>
</rss>
