<?xml version="1.0" encoding="utf-8" standalone="yes"?>
<rss version="2.0" xmlns:atom="http://www.w3.org/2005/Atom">
    <channel>
        <title>Tags on HighPing们の小小藏身地</title>
        <link>https://blog.highp.ing/tags/</link>
        <description>Recent content in Tags on HighPing们の小小藏身地</description>
        <generator>Hugo -- gohugo.io</generator>
        <language>zh-cn</language><atom:link href="https://blog.highp.ing/tags/index.xml" rel="self" type="application/rss+xml" />
    </channel>
</rss>
