<?xml version="1.0" encoding="utf-8" standalone="yes"?>
<rss version="2.0" xmlns:atom="http://www.w3.org/2005/Atom">
    <channel>
        <title>Magisk on HighPing们の小小藏身地</title>
        <link>https://blog.highp.ing/categories/magisk/</link>
        <description>Recent content in Magisk on HighPing们の小小藏身地</description>
        <generator>Hugo -- gohugo.io</generator>
        <language>zh-cn</language>
        <lastBuildDate>Sun, 30 Jul 2023 00:00:00 +0000</lastBuildDate><atom:link href="https://blog.highp.ing/categories/magisk/index.xml" rel="self" type="application/rss+xml" /><item>
        <title>从Magisk转入Magisk Delta</title>
        <link>https://blog.highp.ing/p/magisk/</link>
        <pubDate>Sun, 30 Jul 2023 00:00:00 +0000</pubDate>
        
        <guid>https://blog.highp.ing/p/magisk/</guid>
        <description>&lt;img src="https://blog.highp.ing/p/magisk/222942594-63336f63-6a26-492e-a1d1-a356b5f777b3.png" alt="Featured image of post 从Magisk转入Magisk Delta" /&gt;&lt;h1 id=&#34;从magisk转入magisk-delta&#34;&gt;从Magisk转入Magisk Delta&lt;/h1&gt;
&lt;p&gt;本文由 &lt;code&gt;High Ping Network&lt;/code&gt; 的小伙伴 GenshinMinecraft 进行编撰，首发于 &lt;a class=&#34;link&#34; href=&#34;https://blog.highp.ing&#34;  target=&#34;_blank&#34; rel=&#34;noopener&#34;
    &gt;本博客&lt;/a&gt;&lt;/p&gt;
&lt;h2 id=&#34;前言&#34;&gt;前言&lt;/h2&gt;
&lt;p&gt;手机端比较完善的root方法就只有&lt;strong&gt;Magisk&lt;/strong&gt;了（Kernelsu暂不讨论）&lt;/p&gt;
&lt;p&gt;但是由于众所周知的原因，Magisk官方版本的&lt;strong&gt;Magisk Hide&lt;/strong&gt;被砍掉了&lt;/p&gt;
&lt;p&gt;所以就有了&lt;strong&gt;Magisk Delta&lt;/strong&gt;的出现&lt;/p&gt;
&lt;p&gt;&lt;strong&gt;Magisk Delta&lt;/strong&gt;总结来说有以下的优点：&lt;/p&gt;
&lt;ol&gt;
&lt;li&gt;拥有&lt;strong&gt;Magisk Hide&lt;/strong&gt;;&lt;/li&gt;
&lt;li&gt;Ui改版（个人觉得还不错）;&lt;/li&gt;
&lt;li&gt;&amp;hellip;（忘了）&lt;/li&gt;
&lt;/ol&gt;
&lt;h2 id=&#34;安装magisk-delta&#34;&gt;安装Magisk Delta&lt;/h2&gt;
&lt;p&gt;首先去到&lt;a class=&#34;link&#34; href=&#34;https://github.com/HuskyDG/magisk-files/releases&#34;  target=&#34;_blank&#34; rel=&#34;noopener&#34;
    &gt;Github官网&lt;/a&gt;，下载&lt;em&gt;app-release.apk&lt;/em&gt;&lt;/p&gt;
&lt;p&gt;安装在安卓设备上&lt;/p&gt;
&lt;p&gt;打开就可以授权&lt;em&gt;Root&lt;/em&gt;权限并安装&lt;strong&gt;Boot&lt;/strong&gt;了
&lt;img src=&#34;https://blog.highp.ing/p/magisk/image.png&#34;
	width=&#34;1057&#34;
	height=&#34;480&#34;
	srcset=&#34;https://blog.highp.ing/p/magisk/image_hu5efaf2ac5653ed7dde77940e68e99506_76442_480x0_resize_box_3.png 480w, https://blog.highp.ing/p/magisk/image_hu5efaf2ac5653ed7dde77940e68e99506_76442_1024x0_resize_box_3.png 1024w&#34;
	loading=&#34;lazy&#34;
	
		alt=&#34;Alt text&#34;
	
	
		class=&#34;gallery-image&#34; 
		data-flex-grow=&#34;220&#34;
		data-flex-basis=&#34;528px&#34;
	
&gt;&lt;/p&gt;
&lt;p&gt;&lt;em&gt;注：初次进入Magisk Delta也许没有&lt;code&gt;直接安装&lt;/code&gt;选项，可以杀死后台再进入Magisk Delta，修复环境后，即可直接安装！&lt;/em&gt;&lt;/p&gt;
&lt;h2 id=&#34;转移magisk模块&#34;&gt;转移Magisk模块&lt;/h2&gt;
&lt;p&gt;理论上来说，安装&lt;em&gt;Magisk Delta&lt;/em&gt;后，&lt;em&gt;原版Magisk&lt;/em&gt;的模块会自动转移到&lt;em&gt;Magisk Delta&lt;/em&gt;。各种设置也可以同步！&lt;/p&gt;
&lt;p&gt;但是如果有模块未同步的情况，可以手动添加&lt;/p&gt;
&lt;h2 id=&#34;开启magisk-hide&#34;&gt;开启Magisk Hide&lt;/h2&gt;
&lt;p&gt;&lt;img src=&#34;https://blog.highp.ing/p/magisk/image-1.png&#34;
	width=&#34;1028&#34;
	height=&#34;1441&#34;
	srcset=&#34;https://blog.highp.ing/p/magisk/image-1_hu33c5eed6f550660aa47d688396e9cab8_300877_480x0_resize_box_3.png 480w, https://blog.highp.ing/p/magisk/image-1_hu33c5eed6f550660aa47d688396e9cab8_300877_1024x0_resize_box_3.png 1024w&#34;
	loading=&#34;lazy&#34;
	
	
		class=&#34;gallery-image&#34; 
		data-flex-grow=&#34;71&#34;
		data-flex-basis=&#34;171px&#34;
	
&gt;&lt;/p&gt;
&lt;p&gt;在右上角&lt;code&gt;设置图标-MagiskHide&lt;/code&gt;中，打开&lt;code&gt;MagiskHide&lt;/code&gt;与&lt;code&gt;强制使用超级用户列表&lt;/code&gt;&lt;/p&gt;
&lt;p&gt;&lt;img src=&#34;https://blog.highp.ing/p/magisk/image-2.png&#34;
	width=&#34;1041&#34;
	height=&#34;945&#34;
	srcset=&#34;https://blog.highp.ing/p/magisk/image-2_hu499a97faf1173b49a90361455c7473e5_226285_480x0_resize_box_3.png 480w, https://blog.highp.ing/p/magisk/image-2_hu499a97faf1173b49a90361455c7473e5_226285_1024x0_resize_box_3.png 1024w&#34;
	loading=&#34;lazy&#34;
	
	
		class=&#34;gallery-image&#34; 
		data-flex-grow=&#34;110&#34;
		data-flex-basis=&#34;264px&#34;
	
&gt;&lt;/p&gt;
&lt;p&gt;然后重启手机，回到设置中的MagiskHide界面，就可以找到&lt;strong&gt;配置超级用户列表&lt;/strong&gt;&lt;/p&gt;
&lt;p&gt;&lt;img src=&#34;https://blog.highp.ing/p/magisk/image-3.png&#34;
	width=&#34;1021&#34;
	height=&#34;1729&#34;
	srcset=&#34;https://blog.highp.ing/p/magisk/image-3_hu26af88a41140108ace152477ce15094f_404612_480x0_resize_box_3.png 480w, https://blog.highp.ing/p/magisk/image-3_hu26af88a41140108ace152477ce15094f_404612_1024x0_resize_box_3.png 1024w&#34;
	loading=&#34;lazy&#34;
	
		alt=&#34;1&#34;
	
	
		class=&#34;gallery-image&#34; 
		data-flex-grow=&#34;59&#34;
		data-flex-basis=&#34;141px&#34;
	
&gt;&lt;/p&gt;
&lt;p&gt;在里面可以设置需要使用&lt;strong&gt;Root权限&lt;/strong&gt;的应用，可以说是最强劲的&lt;em&gt;隐藏root&lt;/em&gt;！&lt;/p&gt;
&lt;h2 id=&#34;小结&#34;&gt;小结&lt;/h2&gt;
&lt;p&gt;&lt;strong&gt;Magisk Delta&lt;/strong&gt;是一个还不错的&lt;em&gt;Magisk&lt;/em&gt;分支，具有已经被阉割掉的&lt;strong&gt;Magisk Hide&lt;/strong&gt;功能。适合养老使用！&lt;/p&gt;
</description>
        </item>
        
    </channel>
</rss>
